source1_entity_id	candidate_entity_ids
S1-156285671	S2-64661346,S2-180394702,S3-672973403,S3-738587982,S2-971574924,S3-205840591,S2-806838979,S3-453812384,S3-711484488,S3-335683571,S3-751716433,S3-156413602
S1-921369899	S2-808920974,S3-57594330,S3-285097097,S2-107533354,S2-995426671,S3-779830725,S2-775342582,S3-974282260,S3-401128667,S3-362722368,S3-485055929,S2-735972027
S1-913506265	S3-258414643,S2-377106401,S3-388866191,S3-739817217,S2-813184149,S2-833903991,S3-798252667,S3-867591530,S2-616831228,S2-751265253,S3-721845369,S2-859030002
S1-628750886	S3-734992856,S2-406813553,S2-696378102,S2-921384396,S3-159214046,S2-32094953,S2-724882944,S3-486086895,S3-361673112,S3-503690514,S3-668530404,S3-183021162
S1-466641145	S3-652998887,S3-947342154,S2-875695864,S2-429202647,S3-818245661,S2-386935831,S2-680963532,S3-463328569,S3-80516100,S2-469883604,S2-320994990,S2-430256533
S1-385801270	S3-355553585,S3-408897982,S2-407687326,S3-459890176,S3-964572346,S3-597496634,S3-21616272,S3-519201885,S3-614218588,S3-336003348,S3-515025304,S3-323697085
S1-717749279	S3-178555200,S2-768360552,S2-51053506,S3-423648914,S3-7241692,S3-247447724,S2-319754772,S3-774105459,S2-28908401,S2-706286517,S3-40196306,S2-802587863
S1-616465752	S2-324066161,S3-743384209,S3-668147436,S3-802464471,S3-454823500,S2-14677876,S2-741800177,S3-11941731,S2-631797672,S3-689237037,S2-884473231,S3-343199174
S1-261476747	S3-255859609,S2-300243886,S2-969569602,S3-449183302,S3-937554281,S3-774259168,S2-331689384,S2-850810680,S2-675029983,S2-386214045,S3-961453994,S3-780560133
S1-969300060	S3-986110458,S3-344702020,S2-549617192,S3-835980117,S2-712376563,S2-409973924,S3-395625319,S2-407145806,S3-493258236,S3-432288819,S3-967562460,S3-210788880
S1-295346696	S3-281922741,S2-377674830,S3-553489125,S3-951161173,S2-621745304,S3-301426122,S2-71668335,S3-579606701,S3-718205612,S3-562801606,S2-115817395,S3-824885837
S1-81033582	S2-625290267,S2-75450184,S2-840053636,S3-655622555,S3-838521886,S2-552116823,S3-711516924,S2-198982177,S2-418818497,S2-343349612,S2-351236467,S3-767000875
S1-776267063	S2-455205203,S3-956950807,S2-810427923,S3-867709473,S2-584895934,S2-868264662,S3-812833535,S2-330739917,S2-976615943,S3-750193026,S2-972059662,S2-708694167
S1-457973373	S2-155002316,S3-719514673,S2-703522058,S2-24311848,S2-256152977,S3-320211217,S3-543391839,S3-89313767,S2-640412580,S3-838254695,S2-839152959,S2-161837378
S1-273768056	S3-690125736,S2-763322790,S2-82906936,S2-838127786,S3-16275066,S3-526615781,S3-411522901,S2-381977193,S3-382922042,S3-670292674,S2-202585553,S3-780854188
S1-351656683	S2-835954210,S2-68717527,S2-877324606,S2-84254639,S3-859911526,S3-159353156,S2-306651003,S2-235771594,S2-510631031,S2-665738517,S2-381112289,S3-625152860
S1-83258310	S2-97347354,S3-770651045,S2-527562969,S3-391666079,S3-145426604,S3-9911087,S3-183866540,S2-14677876,S3-454823500,S3-30686666,S3-616084408,S3-461225431
S1-383508132	S2-44875347,S2-45301433,S2-921286220,S3-847726665,S3-918332914,S2-242492149,S3-103133569,S3-841882586,S3-898627478,S2-819887613,S2-609534536,S2-780026277
S1-960747316	S3-22960445,S3-374035710,S2-517236620,S3-603392866,S2-293409080,S3-316989129,S3-134001133,S2-339849522,S3-811911602,S2-892735763,S3-29203470,S2-704408099
S1-345501851	S3-526884354,S2-617679794,S2-21007600,S2-227578839,S2-212834292,S2-431234127,S2-575100830,S2-320337712,S2-756950038,S3-224263388,S2-515479250,S3-997612631
S1-548433616	S2-615586385,S3-11519900,S3-317330782,S2-580499195,S2-619735407,S2-805510613,S3-504953347,S2-637903736,S3-879043021,S2-637560025,S2-876012386,S3-222761111
S1-396150929	S2-823307685,S2-577480761,S3-147101382,S3-863062553,S3-299523207,S3-594063276,S3-341441145,S2-329200190,S3-822843650,S3-143598831,S3-408245839,S3-298471532
S1-261642209	S2-600368334,S2-964573270,S2-613574387,S3-367004823,S2-524304771,S3-939252247,S3-829793422,S2-476043484,S3-167171899,S2-332140869,S3-943817721,S3-409865984
S1-720336913	S2-162555863,S3-209882281,S2-264383023,S3-24123387,S3-154467570,S2-73923857,S2-173595529,S2-453583067,S2-455651186,S3-947687449,S3-912975630,S2-475160887
S1-142638295	S2-461729876,S2-237661324,S2-736300655,S3-590626095,S2-420700417,S3-521459906,S3-653364893,S3-330057525,S2-556660179,S3-868858044,S2-899123465,S3-868614584
S1-819898451	S2-931592802,S2-283043147,S2-237962325,S3-86970259,S3-590916733,S2-451738770,S3-826899359,S3-337186313,S3-301010507,S2-829768223,S3-214707999,S2-579769475
S1-527611593	S2-21640846,S2-446688351,S2-606037572,S3-518249250,S2-292764127,S3-962627699,S3-900421871,S2-89317233,S2-231046783,S2-626821575,S2-449711018,S2-115528548
S1-615018738	S2-693064683,S2-110661751,S2-501408343,S3-263733579,S2-94715985,S2-40337007,S2-224387031,S2-625022346,S2-244291011,S3-195910058,S3-130030278,S3-649498836
S1-682391735	S2-526071240,S3-965393503,S3-803796647,S3-949688878,S2-934444305,S2-25391752,S3-144738140,S2-680570797,S3-796449516,S3-545805078,S2-29872103,S3-749327118
S1-693956169	S3-202856170,S3-592419390,S2-27080238,S2-260973802,S3-449306028,S2-703342506,S2-600013732,S3-790603412,S2-932447244,S2-272146504,S3-753257823,S3-441190741
S1-837916944	S2-298100855,S2-583392216,S3-296834043,S3-904722267,S2-803729233,S3-579936947,S3-58987076,S2-917507038,S2-253960405,S2-977599066,S3-384355574,S2-512597106
S1-17003766	S3-883709464,S2-898435665,S2-653673342,S3-386853946,S3-297872373,S3-671594659,S2-512777166,S2-979566966,S2-388649316,S3-382455785,S3-831061178,S3-525545134
S1-667272642	S2-361863238,S2-361038008,S2-303298605,S2-91368041,S2-486558620,S2-32220294,S2-604372673,S3-307751871,S2-458551433,S3-681628087,S2-57344552,S3-368629523
S1-827961773	S2-614356206,S2-776909608,S3-666859234,S3-449101992,S2-434334780,S2-109475080,S3-364110319,S2-916382009,S3-440336078,S2-659260874,S3-652775371,S2-302325605
S1-418524279	S3-19393151,S3-632154667,S3-732108958,S2-819675810,S2-755191388,S2-337652709,S3-765302009,S2-722100934,S2-346911756,S3-582227401,S2-374824734,S2-622233621
S1-784673398	S2-442684553,S3-72841455,S2-413804324,S2-932732287,S3-611265805,S2-738376995,S3-208542455,S3-933859987,S3-263971489,S3-382084509,S2-140079520,S2-804436118
S1-889012090	S3-358512104,S2-620204661,S3-265734095,S2-223338709,S3-981477173,S3-755348944,S3-29957761,S2-903418582,S3-27296124,S3-543704380,S3-98322529,S2-524304771
S1-655802552	S3-494393611,S2-661143069,S2-112263683,S3-20368588,S2-851825482,S2-26214566,S3-819219461,S2-780203637,S3-231033521,S3-38113331,S3-53630849,S3-580005196
S1-788563249	S2-805916277,S3-338713702,S3-589492252,S2-651454049,S2-830511632,S3-144332825,S3-429142312,S3-256835351,S2-223451584,S3-307943806,S3-182341198,S2-829400908
S1-276402071	S3-286516942,S2-212775286,S3-987023388,S2-744945916,S3-567877126,S2-718512042,S3-818311854,S3-763288631,S2-255703990,S3-251646796,S2-81524233,S2-391561875
S1-936869465	S3-278512090,S2-876971794,S2-211051743,S3-900482090,S2-704409661,S3-123672962,S2-827132839,S2-484750404,S2-16549743,S2-437756264,S2-498164410,S2-31229181
S1-133928599	S2-168720522,S3-157372672,S3-269360556,S3-507582140,S3-165066443,S3-675307160,S2-114822997,S2-330214973,S2-74617481,S2-914682430,S2-591470400,S3-941497372
S1-871112769	S2-851055500,S2-561370006,S3-36920381,S3-49471210,S3-341934802,S2-98536103,S2-276372514,S3-102042049,S3-308263671,S2-466113840,S3-69122372,S3-518287361
S1-857992844	S3-996390266,S2-293613144,S3-782180487,S3-159487450,S2-383169784,S3-272020062,S2-597991877,S3-485106048,S2-73187856,S3-570743785,S3-182128370,S3-12814348
S1-197043206	S3-404963448,S2-955766080,S2-632410359,S2-122580890,S3-777728638,S3-192291597,S3-328756669,S2-401641279,S3-659818649,S3-948455390,S3-890936087,S2-799933365
S1-868105169	S3-58791393,S3-638564733,S3-828387821,S2-15764967,S2-659966345,S3-950335016,S3-488722911,S3-356676439,S3-769651759,S2-468903852,S3-391870362,S3-6088685
S1-962993818	S3-88886836,S2-306242416,S3-503847549,S3-335365286,S3-416922977,S3-410393974,S2-63140362,S2-269318606,S2-954784471,S3-718484105,S2-347202417,S3-373373223
S1-608940471	S3-294522941,S3-630874449,S3-781591439,S2-77985100,S3-398859046,S2-531073544,S3-11550562,S3-282657675,S3-6069630,S3-359579505,S3-376461635,S3-502213847
S1-907329636	S2-458961697,S2-539670103,S2-675959938,S2-876889991,S3-285932507,S2-918705389,S2-859293712,S2-780268114,S3-933877247,S2-494690085,S3-632137448,S2-529514881
S1-545791724	S3-688615955,S3-503922152,S3-125138626,S3-311261498,S3-720627906,S2-129562883,S2-810480808,S2-26841231,S3-522887702,S3-408194640,S3-426048367,S2-551319682
S1-923121813	S3-261186490,S2-15589435,S3-322690377,S3-153106741,S2-576049969,S3-304165165,S2-558499512,S2-873323287,S3-513820960,S2-74395635,S3-275830508,S3-176742464
S1-901881022	S2-563621915,S2-829201391,S2-318672437,S3-914998219,S2-397328817,S3-444270571,S3-42438477,S2-817728736,S3-544467789,S3-403014501,S2-873204273,S3-738946521
S1-960221997	S3-2003041,S3-81339699,S2-446636983,S3-282611314,S2-137559574,S2-685281888,S2-859621889,S3-311725183,S2-625599944,S2-112146450,S3-689801914,S3-605347652
S1-657028371	S2-438843768,S2-552819796,S2-292492696,S3-67555623,S3-897852272,S2-170803254,S2-592202793,S3-889852799,S3-685704326,S2-998699940,S3-570439134,S2-699559388
S1-991838189	S2-525090644,S2-511172751,S3-342480696,S3-468438891,S3-301595274,S3-534217048,S3-424203812,S2-952495741,S3-782658586,S2-488865703,S3-799072768,S3-637886771
S1-860794391	S2-737047278,S3-47861323,S2-623800632,S3-7618415,S3-966026629,S2-289099019,S2-909931057,S3-760626835,S3-181678743,S3-195929716,S3-539575966,S2-968350154
S1-225821819	S3-463570639,S2-79048222,S3-76143766,S3-912986361,S3-110204926,S2-775523710,S3-285755497,S2-998649746,S3-573592264,S2-849610026,S2-396817729,S3-957971286
S1-333194875	S3-872164839,S3-399657159,S2-844884966,S3-363368257,S2-172171876,S2-552554425,S2-310403666,S3-846417311,S3-182333442,S2-727857597,S2-177481950,S3-411874218
S1-568320501	S3-669726840,S2-394456858,S3-681563697,S2-665104789,S3-624225983,S2-484886496,S2-541629551,S3-970800197,S3-984695101,S3-423833459,S3-649136579,S3-679741242
S1-311511012	S2-874954820,S3-868825639,S3-220878766,S2-897782730,S3-120556376,S2-171106869,S3-590312547,S3-820040659,S3-636566901,S2-550965038,S2-603068815,S2-890720244
S1-155512047	S2-551192969,S2-994210922,S3-41100169,S2-521319246,S2-349348042,S3-103396498,S2-503760344,S3-551551683,S2-748370642,S3-976611078,S3-104743737,S3-933274169
S1-80873383	S3-992155952,S3-792509030,S3-431093437,S3-646665112,S2-865167437,S3-920396805,S3-104577231,S3-206096527,S3-977955396,S2-837011696,S2-80872589,S2-814750802
S1-445143782	S3-519684761,S2-867585785,S2-556544936,S2-690616500,S2-847824176,S2-526435635,S3-604984693,S3-782684908,S3-36079210,S3-952338297,S2-305206553,S3-901177771
S1-254586049	S3-332845606,S3-866781987,S3-483820078,S3-314532534,S3-105210672,S3-615122480,S2-779910089,S3-978609848,S3-612325561,S3-239416012,S2-121075394,S2-512156892
S1-966492570	S3-318227191,S2-152194607,S3-569451641,S3-731039631,S2-268986432,S3-226820728,S3-856243621,S3-894539214,S3-996367199,S2-156165072,S2-175311117,S3-416922977
S1-603731465	S3-273405887,S3-664461935,S2-3337466,S3-649310473,S3-519082067,S3-139046564,S2-40847025,S3-368476482,S3-2172446,S2-474028198,S2-834409920,S2-806711771
S1-497232093	S2-784507382,S3-991632549,S2-240364786,S2-894674584,S3-103111775,S2-713326775,S2-232946255,S3-186358137,S3-135712112,S2-396205916,S3-546693120,S3-145646701
S1-89928972	S2-398401791,S2-519902979,S3-24238944,S2-671628404,S2-421095557,S3-447137640,S3-679973815,S3-867910611,S3-65632820,S3-742635221,S2-620592620,S3-304053155
S1-634733706	S2-868523932,S3-930053096,S2-861989838,S3-406986833,S3-184245482,S3-124801143,S3-231034308,S2-769166453,S2-931448307,S3-24998945,S2-493025052,S3-113714824
S1-518999749	S2-190531136,S2-323302657,S3-632061363,S2-649146101,S3-124936048,S3-301430791,S2-769940358,S3-963249076,S3-796022809,S3-401238737,S3-669390959,S2-791700725
S1-852777299	S3-346024603,S3-62311680,S3-795767690,S2-43332315,S2-905929319,S2-993959121,S3-492102189,S2-75021252,S2-515538341,S3-138284221,S2-198192075,S3-999451911
S1-817055009	S3-736390072,S3-412326296,S2-497314517,S2-606582843,S3-388561706,S3-486717062,S2-720571635,S2-373182657,S2-946690562,S3-490945708,S2-690216239,S2-162566437
S1-948206127	S2-651166319,S2-709050360,S3-164112817,S2-234892513,S2-749024693,S2-696583308,S3-366281028,S3-252662491,S3-502624576,S2-103901974,S3-654167680,S3-594139773
S1-230616179	S2-256241077,S3-712100070,S2-241176698,S3-464240056,S2-153505197,S2-406164735,S2-917533010,S2-403855888,S2-969486278,S3-430252305,S3-747843083,S3-541191955
S1-202627015	S3-212987915,S3-314308120,S3-521020982,S3-84309879,S3-669388357,S2-728907172,S3-104142624,S2-414572148,S3-27373161,S3-593023791,S2-300751469,S3-957236094
S1-479368587	S2-209101791,S2-251633904,S3-849279643,S2-564942233,S2-665202661,S3-746728989,S3-890719418,S3-643650857,S2-45676880,S3-181481719,S2-139583019,S3-984301107
S1-445413591	S2-11818511,S2-49496590,S2-997167283,S2-741031934,S3-571793384,S3-464468619,S3-8636915,S2-628753182,S3-442192689,S3-747340469,S2-577246493,S3-845502478
S1-631634336	S3-588379284,S3-949838627,S3-904005280,S2-915571636,S2-138841057,S3-832188907,S3-171652131,S3-299208924,S2-446816622,S2-562356380,S2-872608136,S3-274348393
S1-211227284	S3-426725428,S3-794780629,S2-198492308,S2-143546704,S2-130657468,S3-456966322,S2-611358842,S3-840385155,S3-485458934,S3-977746520,S2-746140115,S2-543889653
S1-537057658	S3-227194271,S3-49269246,S3-260620109,S3-260548621,S3-398204558,S3-610194980,S2-493746936,S3-199626414,S3-996971984,S3-893578604,S2-765907422,S3-445003416
S1-495431862	S3-74976199,S3-38902447,S2-342816820,S2-484202997,S3-699657460,S3-277417146,S3-293281377,S2-613533652,S2-598490416,S3-765356120,S3-773592113,S3-103447219
S1-989458781	S2-39962761,S2-56316290,S3-927756683,S3-222608781,S3-715146055,S2-762814298,S3-276199105,S2-723735986,S2-557073713,S3-625690433,S2-849236533,S3-43202384
S1-943866501	S3-777185824,S2-925168059,S2-30576538,S2-33865946,S3-642529401,S3-608003188,S2-886551299,S3-584504836,S3-377422755,S3-724521177,S3-972465333,S2-820926041
S1-634708855	S3-947687449,S3-266149496,S2-332876730,S3-526607179,S2-73923857,S2-173595529,S2-455651186,S2-453583067,S2-482411157,S3-456432201,S3-912975630,S2-475160887
S1-527616111	S3-648529287,S2-260263864,S2-591343801,S2-575491460,S3-507031957,S2-587869878,S3-73358020,S3-181877410,S3-239803953,S2-534039907,S2-63693499,S3-332428475
S1-269743554	S3-282734524,S2-561401092,S2-702541849,S3-550009202,S3-866795052,S3-29497759,S2-65378658,S2-207537904,S3-901146619,S3-796999515,S3-448274714,S3-347883763
S1-476233101	S3-254142731,S3-519788629,S3-219643345,S2-626271021,S2-411037369,S3-759495424,S3-820031504,S3-46679890,S3-649949028,S2-345022217,S2-848822113,S3-594117196
S1-253986339	S2-224102682,S2-646018702,S3-849418302,S2-542770835,S2-920520327,S2-559715824,S2-572113947,S2-722470101,S2-252540890,S3-343999548,S3-478067299,S3-207514774
S1-335922295	S2-712854736,S2-788697479,S3-947918475,S3-878548584,S2-171764216,S2-915116339,S3-728107925,S2-5740333,S2-313007440,S2-687536092,S2-958703596,S3-183647406
S1-379378394	S3-466289518,S2-901543914,S2-277896252,S2-416730971,S2-824331596,S3-520259850,S3-339954662,S2-351031197,S3-918531159,S3-105845398,S3-158413242,S2-406294803
S1-371172270	S3-205638087,S2-978202729,S2-146705767,S3-776485357,S3-464112823,S3-162953832,S2-653554829,S2-139049820,S3-299348052,S2-2279332,S2-570047628,S2-699161503
S1-370040082	S2-200354794,S2-302111683,S2-790905861,S3-387310180,S2-203639619,S2-799660090,S3-657900181,S3-287588369,S3-878937141,S2-404133727,S3-640765332,S2-869314383
S1-749190987	S3-668924095,S3-995036409,S3-48118841,S2-451485222,S2-571059215,S3-216252821,S2-54185874,S2-527831760,S2-427846830,S2-351486874,S2-236227957,S3-535653645
S1-533947051	S2-336673941,S3-304877707,S3-880742398,S3-11453637,S3-409652301,S2-404656931,S3-42465134,S2-82508904,S2-201072653,S3-156773622,S3-83993354,S3-242626877
S1-13451015	S3-833167002,S3-395168751,S3-727331648,S3-240804942,S2-323077587,S3-455706698,S2-340587347,S2-594361330,S3-306139886,S3-128638306,S3-315773131,S3-370667513
S1-725672126	S3-632481830,S2-773741389,S2-550315638,S2-867414471,S2-512156892,S3-239416012,S2-121075394,S3-312591926,S3-754106228,S2-246858423,S2-592594193,S3-946975098
S1-162695461	S3-177223520,S3-437931137,S3-178157654,S3-298047597,S2-388370,S3-107161537,S3-492835636,S2-875676477,S2-232526060,S3-886046238,S2-919422472,S2-461657054
S1-648022940	S3-980111933,S3-799573268,S2-469981947,S3-953161217,S2-245007463,S3-15202574,S2-810448214,S3-974789938,S2-108502010,S2-108231123,S3-395405879,S3-158888297
S1-807531920	S2-9284804,S3-206363688,S2-124102520,S3-259994051,S2-579797896,S3-569184898,S3-472892515,S3-372222854,S3-32202442,S2-85015452,S3-57665191,S3-843362667
S1-240414034	S2-334267253,S3-383492855,S3-252977477,S3-765337938,S3-869205733,S3-235249310,S3-837972700,S2-717776554,S2-873218920,S2-770614698,S2-308595001,S3-187279192
S1-518221826	S2-35779504,S2-755763824,S3-519534808,S3-371534378,S3-102493433,S2-648861555,S2-508618330,S2-294534588,S3-568163121,S3-917432376,S3-940612512,S3-89460003
S1-578070457	S2-846405443,S3-294093770,S3-294311434,S2-376462529,S2-130555362,S2-257304279,S3-458760926,S3-958612686,S2-816921086,S3-645027715,S3-347302635,S3-256558575
S1-377942865	S2-764652743,S2-428646625,S2-600123033,S2-79321612,S3-229340593,S3-439673626,S3-571989099,S3-340413109,S3-616335957,S3-184490584,S3-759264143,S3-193271253
S1-993829678	S2-420016120,S3-415135292,S3-126263130,S3-180776940,S2-769571546,S2-487922147,S3-483755163,S2-101004985,S2-474646512,S2-352374820,S2-76688954,S2-929897257
S1-168402024	S3-284046171,S3-152839170,S3-89260934,S3-784545660,S3-6384048,S2-708853702,S3-809564468,S3-977545628,S3-583136668,S3-795989281,S3-961739801,S2-769577500
S1-533988643	S3-88429195,S2-92851629,S3-51652890,S2-446713549,S3-579428879,S2-944530664,S2-508394232,S3-917635395,S2-952910630,S3-865299227,S3-909670674,S2-243379577
S1-683869141	S3-172672302,S2-397392336,S2-924633488,S2-357309039,S3-736735912,S3-527838121,S2-647914006,S2-236599222,S3-234643012,S3-904835843,S2-341733311,S2-823208402
S1-137870529	S3-587236626,S2-130309662,S3-189063698,S2-315675866,S2-85097899,S3-773104175,S2-340863291,S2-582137596,S3-956117638,S2-685067564,S3-755596497,S2-836981764
S1-149411806	S2-563697388,S3-676886341,S2-238743567,S3-95538214,S3-715268788,S3-604282241,S3-231218557,S3-452466933,S3-751546102,S3-925241572,S2-15136651,S3-608985447
S1-272127430	S3-387164435,S3-410240643,S3-328222441,S3-542506189,S2-434798699,S2-765938693,S2-394647640,S3-856854529,S3-450690120,S3-466463372,S2-692381730,S3-45077855
S1-473952711	S2-982596046,S3-418613237,S3-767728620,S2-401919837,S2-510465207,S2-88332431,S2-368767031,S3-769472081,S3-174272828,S3-927919488,S3-334887351,S3-645988637
S1-221315364	S2-787956283,S3-16003022,S2-427154513,S2-672365106,S3-21431721,S2-551865584,S3-567015163,S3-777081706,S2-47393851,S3-469482521,S2-42686304,S3-888655189
S1-513599911	S2-723063286,S2-922373960,S3-499529172,S2-349722693,S3-539447982,S2-196470730,S3-969960384,S2-599791968,S2-170003362,S2-504258267,S3-923679797,S3-148471006
S1-387016214	S3-775523582,S2-162670424,S2-150264228,S2-986507216,S2-956446067,S2-654826106,S2-995085384,S3-563939917,S3-190281582,S3-433452371,S3-548375784,S3-904697251
S1-976424391	S2-857477328,S2-665347227,S2-20209720,S2-514639774,S2-7255293,S3-937943799,S3-579325451,S2-550201941,S3-517296362,S3-300102502,S2-650139849,S3-311587665
S1-407721399	S2-356029080,S2-98858617,S3-698222925,S2-97242773,S2-435817486,S2-439112769,S3-401728823,S2-244871038,S3-273393671,S2-705252670,S3-566470919,S2-783363009
S1-200079725	S2-18812099,S2-419074899,S3-492438082,S2-13155039,S3-893676514,S3-294252837,S3-267917144,S3-586720351,S3-937466573,S2-568315771,S3-803506231,S2-249500817
S1-264694687	S2-460722696,S3-724878495,S3-763121272,S3-243933528,S2-989766802,S2-63705596,S2-986529061,S2-681989654,S3-23861626,S3-297316393,S3-804768509,S3-912163476
S1-230813348	S2-499499588,S3-417153361,S2-183787221,S2-720733093,S3-584975995,S2-714006641,S2-137141367,S3-92430448,S3-373645598,S2-847362396,S2-699803280,S3-234315575
S1-736800651	S3-711655000,S2-101547600,S2-66043501,S3-24289626,S2-691762250,S2-878149286,S2-44235967,S3-525360788,S3-112202151,S3-332618382,S3-586620636,S3-691064770
S1-308849584	S3-911948966,S2-107792556,S3-342447307,S3-662534378,S3-992426894,S3-968661614,S2-870293832,S3-651907386,S2-228561710,S2-470658210,S3-216617670,S2-274695462
S1-787461836	S2-95758126,S2-419987195,S2-872898951,S2-540641043,S2-842971711,S2-908241284,S3-395771933,S3-461262969,S2-539849709,S2-477277586,S2-693758880,S2-973297612
S1-197280203	S2-612039318,S3-982991317,S2-748925326,S2-104590092,S3-170709433,S3-101471729,S3-735498564,S2-104556272,S3-665608156,S2-674933838,S2-316828613,S3-609406969
S1-218107486	S2-896681409,S2-759808290,S2-449088274,S2-120502996,S3-261045255,S3-353725032,S2-739150423,S3-508268888,S2-923633487,S3-692672809,S2-123275093,S3-465683300
S1-499785692	S2-198866483,S3-198667605,S3-546723855,S2-779912589,S2-585096012,S2-566583671,S2-320957015,S3-520019228,S2-362888283,S3-695245267,S3-55797974,S3-980887848
S1-143143410	S2-9380461,S2-852154557,S3-923060750,S3-331831017,S3-472914593,S3-675982122,S3-378779794,S2-123352832,S3-78993275,S2-924307537,S2-352944317,S3-576488860
S1-670774972	S2-875959589,S3-504175153,S3-411667723,S3-149512927,S2-740812213,S2-143274097,S3-743799377,S3-151430435,S2-152784176,S3-933653137,S2-1128042,S3-538906071
S1-547382550	S2-264562735,S2-684458652,S3-965336875,S2-734070520,S2-63086421,S2-674295662,S3-844962731,S2-58501650,S2-308579150,S3-417915029,S2-872036425,S2-344762516
S1-881055954	S3-228952130,S3-358301766,S2-451836963,S3-61783239,S3-409834878,S3-202920292,S3-606095932,S3-720331416,S3-773125626,S3-406912733,S2-136007997,S2-478303195
S1-914583493	S2-171844179,S3-234495560,S3-854254214,S2-876348838,S3-352306474,S3-891399133,S3-42617760,S2-816244328,S3-497902468,S3-426953663,S2-712947955,S2-467874445
S1-399652471	S3-193263176,S3-766139747,S2-945886881,S2-102548243,S3-158989104,S3-369663828,S3-578512069,S2-133755392,S3-629084394,S2-303688202,S3-290633330,S2-304734337
S1-406820024	S3-757624330,S3-179363348,S3-772350121,S3-411251677,S2-181140065,S2-497466238,S3-52670279,S2-254309950,S3-569950948,S3-326402939,S3-785139458,S3-847163837
S1-603512987	S2-598668408,S3-527224928,S3-992522338,S3-614636247,S2-377295032,S2-497045838,S3-266464884,S3-981486495,S2-840176819,S2-747132980,S2-620307379,S2-790359283
S1-628264763	S2-797631580,S3-914648689,S3-236268469,S2-680138839,S2-892461153,S3-152364534,S2-94050970,S3-743928769,S3-5896284,S3-770191033,S3-17966170,S3-18886137
S1-990121956	S3-131084003,S3-651651448,S2-523419701,S3-236505526,S3-719193741,S3-69287906,S2-897639223,S3-849577757,S3-148150184,S2-529970573,S3-18949087,S3-535273749
S1-220921987	S3-885817023,S3-273008263,S3-7443395,S2-381693556,S3-506741216,S3-523088793,S2-256363930,S3-998214167,S2-40176894,S2-37089358,S2-321003890,S2-873046372
S1-930793828	S3-985227835,S2-5445281,S3-497212216,S3-779034743,S2-761194995,S3-639876308,S2-520606187,S3-459893903,S2-681531925,S2-352134097,S3-187022944,S2-813723405
S1-767699511	S2-444219280,S2-251733232,S2-212675246,S2-360007094,S3-862408118,S2-174273358,S3-247522730,S2-725050567,S2-851767764,S2-480044265,S2-304758882,S3-899398945
S1-728529555	S2-612182108,S3-698613145,S3-929129965,S3-347333714,S2-173481395,S3-437140441,S3-53604079,S2-407369999,S3-219714326,S2-125400793,S2-991862621,S2-196509361
S1-437062378	S3-19792769,S3-433905111,S2-911837769,S2-663593363,S3-363378776,S3-938390721,S3-4784426,S2-804410946,S2-336491515,S2-96159558,S3-82320986,S3-159308620
S1-5308195	S2-617554427,S2-425232343,S2-192411739,S3-718242773,S3-746717800,S2-793217662,S3-749330268,S3-199771906,S3-460186908,S3-863770215,S3-435430610,S3-13414056
S1-482094020	S3-344790750,S2-886732364,S3-939479439,S2-774943289,S2-203177237,S3-953774332,S3-484524134,S3-54862958,S3-573358487,S3-27267576,S3-425794730,S2-432981083
S1-26046875	S2-691624059,S2-610674674,S2-717024971,S2-792571270,S3-136777283,S3-735211465,S3-73136454,S3-712610003,S3-859962936,S3-762617301,S3-154229674,S3-949557106
S1-53078701	S2-339990362,S3-811948056,S3-24492615,S2-34113748,S2-364517413,S3-999741180,S2-987341123,S2-587594416,S2-855872940,S2-965145850,S2-168992616,S3-977245626
S1-100460794	S3-678065754,S2-76162318,S3-894151520,S3-518174802,S2-504646267,S3-666751161,S2-737510675,S2-726601526,S2-591817579,S3-253771388,S3-465379369,S3-786147304
S1-165612846	S2-121832781,S3-555912590,S3-753712133,S2-985373281,S2-669864647,S2-784992497,S2-411818607,S3-625213786,S3-608701471,S2-587859812,S3-475545636,S2-538840977
S1-995838881	S2-577492798,S3-45209319,S2-935603255,S3-551027603,S3-317145216,S2-89962614,S2-988248369,S3-786639145,S3-110660328,S3-742735840,S3-885054636,S3-132260569
S1-593270583	S3-449703143,S3-92940992,S2-576527697,S2-497439041,S3-873854021,S3-442734012,S3-183866540,S3-454823500,S2-14677876,S2-622701948,S3-380853198,S3-529342587
S1-693931224	S3-580370096,S2-908017855,S3-278934159,S3-808078737,S3-812125089,S2-76607184,S2-569509376,S3-582633014,S2-785567055,S2-489573943,S2-241048143,S2-189762380
S1-767389281	S3-764556365,S2-98735607,S2-440861982,S2-38201356,S2-928361338,S3-767316354,S3-519804282,S3-475548981,S3-25862308,S2-781213054,S3-618026504,S2-481118541
S1-558861915	S3-15793099,S3-868189662,S3-407717222,S2-288651230,S3-398046374,S2-943206157,S2-576283695,S2-453245572,S3-312131887,S2-828288585,S3-326416721,S3-99630440
S1-488514818	S3-76986676,S3-105521106,S2-810281019,S3-223387621,S2-152858124,S2-599266187,S2-552096215,S2-516487562,S3-152165664,S2-525505514,S2-135274999,S2-330923308
S1-912877974	S3-966416166,S3-705646591,S2-764991377,S3-371239783,S2-606234895,S3-86587364,S2-88441520,S3-385592677,S2-397805521,S3-957631778,S2-143490912,S2-888972161
S1-74888542	S2-317987840,S3-741611748,S2-535890071,S3-355316117,S3-909981907,S2-20631208,S3-430284912,S2-408752993,S2-761754523,S2-664964665,S3-374425677,S3-393776999
S1-573514563	S2-958241582,S2-383939795,S3-7318919,S3-794252564,S3-430446116,S2-849341752,S3-270360535,S3-847266272,S2-848332966,S2-530458710,S3-925381872,S2-453228300
S1-154703303	S3-296470454,S3-19235628,S2-957708665,S2-944545325,S3-289300759,S2-895478862,S2-26929825,S2-375349782,S3-449698012,S2-980457253,S2-961698590,S3-894642557
S1-725008002	S2-76003611,S3-83852341,S2-421095557,S2-594418473,S2-33329670,S3-989823602,S3-190175664,S2-950970750,S2-83686140,S2-395255582,S3-84624554,S3-757862095
S1-988601275	S2-635009492,S2-639439015,S2-222307393,S2-701753345,S3-843721562,S2-213299880,S3-424007872,S2-498220694,S2-21326047,S2-466113840,S3-518287361,S3-69122372
S1-454834135	S2-380436113,S2-20730289,S3-540032972,S3-578600311,S2-27775630,S3-537574759,S2-286694915,S3-233079471,S3-204081872,S3-778093250,S3-221092731,S2-778432010
S1-333055706	S2-79155393,S2-28561586,S3-637551957,S2-452139129,S3-232682001,S2-599846974,S3-797787937,S3-695168955,S3-119108044,S3-463998814,S3-334856260,S3-28397650
S1-755032002	S3-256691047,S2-20384001,S2-839993267,S3-452392924,S2-930696317,S2-714321127,S3-958871162,S3-530231058,S2-452229893,S3-357851510,S3-185575232,S2-557141365
S1-864612738	S3-183190002,S3-458618653,S3-653615778,S2-358887302,S3-505774139,S3-699467182,S3-761986226,S3-904490207,S2-925793074,S3-255268384,S3-410391954,S2-584543756
S1-937654476	S2-16364834,S2-288734849,S3-479079042,S2-892904835,S2-389987809,S3-874449289,S2-43288619,S2-416295540,S3-527951964,S3-621937883,S2-779164906,S3-96912919
S1-367438678	S3-647253258,S3-992797593,S2-35431791,S2-2154615,S3-31965146,S2-543537470,S2-720275394,S3-954740478,S2-11468154,S2-50816269,S2-31424542,S2-367434764
S1-191580834	S3-369068507,S2-427008047,S3-675847450,S3-538361591,S3-863460876,S2-122737393,S3-861690742,S3-279184894,S2-849643828,S3-972465333,S3-724521177,S3-465037073
S1-745780830	S2-690367498,S3-160396544,S2-739309153,S3-73411263,S2-551071666,S2-888217433,S3-10406885,S3-416922977,S2-849586809,S3-596621058,S2-959350256,S3-569451641
S1-151657300	S3-377157946,S2-664786786,S3-111128155,S2-45059837,S3-829732393,S3-823207688,S2-913798011,S3-860028810,S2-285165881,S3-894292487,S3-210399970,S3-158010393
S1-97932183	S2-486578924,S2-798421259,S2-141239302,S2-653546406,S2-848738815,S3-845217556,S3-577945568,S2-598062265,S3-454823500,S2-14677876,S2-517604734,S2-93816446
S1-759949116	S3-975357554,S2-806615039,S2-74726739,S3-961464452,S2-707301770,S2-433459102,S2-67187916,S3-364297867,S3-862703375,S3-727029443,S3-986911829,S2-995602190
S1-447511049	S3-840963930,S2-196120556,S2-282916565,S2-369142009,S3-120339806,S3-233719896,S3-305647130,S2-945120061,S2-729904963,S3-179757795,S2-779925379,S3-584329334
S1-45658342	S2-628853344,S2-503035868,S3-704926180,S2-598195296,S3-570775182,S2-123272286,S3-973068235,S3-294252837,S3-356664262,S2-987347987,S2-167337564,S2-225163453
S1-379683628	S3-975464589,S2-609117510,S2-1302287,S2-658038059,S2-616959676,S2-696978563,S2-496795436,S2-953738366,S2-757636096,S2-452202404,S3-547944032,S3-52169274
S1-633277570	S2-963568436,S3-622540070,S2-134126888,S3-988676015,S2-479999150,S2-75264242,S2-624468929,S2-222838812,S2-153688803,S2-253289345,S3-630973922,S2-433812559
S1-438186667	S2-574834186,S3-790194169,S3-812929525,S2-914303097,S2-97918801,S2-548735980,S2-829195006,S3-245599057,S3-268316986,S2-697136578,S3-879390299,S2-68299575
S1-440389225	S3-214928493,S2-694872433,S2-600475856,S2-855737991,S2-906856396,S2-316083510,S3-297356028,S3-689328312,S3-856795395,S2-162715723,S2-715220880,S2-764163445
S1-202654102	S2-533831365,S2-497691628,S3-642780449,S2-140805801,S3-701394496,S2-963397853,S3-523077,S2-372208032,S3-647871867,S3-936195097,S2-710979165,S2-916848840
S1-312627881	S3-361932842,S3-624015547,S3-46002316,S2-125731623,S2-915598849,S2-536948679,S2-795515857,S3-47601112,S3-253236740,S3-864629771,S3-332597136,S3-702218683
S1-701625804	S3-572784049,S2-653970669,S2-652336630,S2-730971561,S2-569443955,S3-904871778,S3-752158482,S2-440299790,S2-85384838,S2-579030270,S2-412907045,S3-633808206
S1-116213562	S3-35881556,S2-657011563,S2-124330908,S3-631607322,S2-643654793,S3-586997209,S2-560035810,S2-211836944,S2-811853317,S2-44904190,S3-974454000,S3-742894945
S1-337070508	S2-694835524,S3-724251745,S3-268999437,S3-873335772,S2-351325880,S3-910821223,S3-418842492,S2-289755121,S2-593483042,S2-704741454,S3-873854021,S2-450376736
S1-599296180	S3-311322447,S2-413667598,S2-924133936,S2-310178577,S2-718923670,S3-828229537,S2-289250464,S3-164288370,S2-394836889,S2-523959379,S3-260391730,S3-152155772
S1-735045054	S3-308013023,S3-765678155,S3-398357527,S2-650741815,S2-43263307,S3-760611012,S3-280550271,S2-881730644,S2-567202720,S2-19480447,S2-27754470,S3-491849654
S1-76365154	S3-753354264,S3-20858544,S3-287490487,S3-661268534,S2-506408910,S2-734504191,S2-392285617,S3-241397153,S3-443706784,S3-703750137,S3-604937217,S2-525391271
S1-201956901	S2-624638647,S2-435749960,S3-444160419,S3-932014676,S3-847723794,S3-442734012,S3-454823500,S2-14677876,S2-622701948,S2-700033166,S3-49623872,S3-529342587
S1-904669751	S3-1169327,S3-891396763,S3-286795378,S2-539617534,S2-421542909,S2-898966883,S3-176334387,S2-931095725,S3-808827083,S3-951149055,S3-958087056,S3-42659261
S1-207070582	S2-438188939,S3-348674588,S2-342320263,S3-36401978,S3-165252290,S2-485949251,S3-605947580,S2-343813737,S2-609924598,S3-956107550,S3-191099109,S2-684228863
S1-717282539	S2-601751176,S3-97798947,S3-968521345,S3-629702766,S3-929618678,S2-473430803,S3-390242488,S2-70129772,S3-746641103,S2-203845095,S2-797588311,S3-483804124
S1-321825889	S3-472276128,S3-869560455,S3-108839108,S3-327686835,S3-449775491,S2-1797149,S3-231042649,S2-511621610,S2-301293747,S2-608988827,S2-322244976,S2-800952918
S1-388507164	S3-394210380,S3-995623088,S3-633707436,S2-327486981,S3-580995701,S3-663553914,S2-60436905,S3-325971953,S3-602620196,S3-859827681,S3-275796128,S3-891891222
S1-337021163	S2-128718377,S3-937552602,S3-965329049,S3-237678411,S3-614856389,S3-518758529,S3-809820433,S3-274279475,S2-10983808,S2-634411952,S2-88434779,S2-332722659
S1-575955656	S2-130439779,S3-441357272,S3-786228359,S2-449369644,S3-139870323,S3-402474665,S3-289588600,S3-684352023,S2-80009327,S3-262409808,S3-367826871,S3-696537938
S1-705677344	S2-565273859,S3-439529948,S3-565619012,S2-393289573,S2-358730461,S2-370950559,S3-751746047,S2-582309412,S3-317726374,S2-941468502,S2-558967568,S3-182673056
S1-493985363	S3-532990981,S2-449584968,S3-916182417,S2-147488433,S3-753272026,S3-751246640,S3-217317660,S3-587990434,S2-582861539,S2-255026396,S2-332084582,S2-399736987
S1-307464396	S2-320169105,S2-391929553,S3-878834656,S2-120020364,S2-482039241,S3-370754973,S3-60858485,S3-243171616,S2-169626851,S2-781096955,S2-511510098,S2-203401479
S1-528548249	S3-741639308,S3-35744808,S2-88861489,S3-485852825,S2-861259824,S3-227747067,S2-742760993,S3-340111473,S3-482616379,S2-773426183,S2-971828563,S2-477140716
S1-232204608	S3-540561154,S2-14477142,S2-306107798,S2-609082659,S3-416438003,S2-147718718,S3-899659539,S2-60904924,S2-777328155,S3-626186368,S3-265084834,S3-680319574
S1-290176575	S3-678996625,S3-27986841,S2-62768462,S3-502775493,S2-57472747,S2-154363723,S2-755113337,S3-71380023,S3-110425292,S3-422348589,S3-488227310,S3-159543849
S1-555917187	S3-174902435,S2-390254797,S3-203625427,S3-984121085,S3-813048350,S2-50042291,S2-551620595,S3-161096954,S3-962668562,S2-117432009,S2-193905491,S2-676185446
S1-766239781	S2-611998887,S3-766459838,S2-232210993,S3-310500977,S3-646293334,S2-159552955,S2-584378601,S2-302595328,S3-556985714,S3-442995058,S3-30989224,S3-848166634
S1-927444151	S3-640088097,S2-823050918,S2-229834379,S2-813547521,S3-927967786,S2-332559247,S2-668121244,S3-754807503,S2-978262265,S3-29497758,S2-792995393,S3-436476095
S1-874053309	S2-804068613,S2-100209391,S2-416511911,S2-607546758,S3-229108919,S2-869246239,S2-524304771,S3-859039147,S3-19682602,S2-207214068,S3-637970794,S3-834340567
S1-648793119	S3-448526611,S3-752714048,S3-889387214,S2-894330915,S3-201307437,S3-217193996,S3-286116855,S2-157039791,S2-287269295,S2-378393919,S3-605703477,S3-551862707
S1-16940394	S3-109758890,S2-292627651,S2-322178035,S3-956718026,S2-110096233,S3-815430514,S2-527838322,S2-572193509,S2-858611992,S3-528435669,S3-720849095,S2-542634442
S1-658171306	S3-815000401,S3-366731081,S3-218826410,S2-690904403,S3-379253692,S3-817684153,S3-641234472,S3-885800675,S2-976324228,S2-919181731,S2-512289089,S2-379829902
S1-939502579	S3-455189153,S2-286824132,S2-989518294,S3-738856728,S2-976825337,S2-604176152,S2-37829464,S2-542606785,S3-887797242,S3-53636017,S2-454550742,S3-81591137
S1-816637655	S2-279114689,S2-725604972,S3-994410149,S3-780307796,S3-260872236,S3-958734512,S2-221910708,S3-74634305,S2-353558591,S3-969145046,S2-455081740,S2-760324105
S1-246219023	S2-389156313,S3-999404590,S2-946797550,S2-972541094,S3-415254777,S3-104164057,S2-836700956,S2-48378487,S3-281589246,S2-353677853,S3-313217304,S3-722894717
S1-128375300	S2-969003727,S2-22587432,S2-858922279,S2-296148666,S2-283754060,S2-64136040,S3-363054273,S2-17500059,S3-263815023,S2-1834162,S2-657337752,S2-717986094
S1-535548928	S3-854112988,S2-689332129,S3-193725530,S2-893729338,S3-510151105,S3-253923114,S3-280526446,S2-996059666,S2-729785310,S2-313576917,S2-619388301,S3-412182433
S1-177193455	S2-805967084,S2-319886266,S3-426824383,S3-327651936,S2-785520502,S3-515747572,S3-314874785,S3-947662787,S3-237453307,S3-639161665,S3-925111595,S3-890843649
S1-204942299	S3-404589516,S2-184713943,S3-850297089,S2-95952651,S3-935727507,S3-267693086,S3-688211677,S3-503718433,S2-649901739,S3-389492553,S3-866802456,S2-427235994
S1-228177533	S3-38284256,S3-120927852,S2-216261425,S2-456615774,S2-362670770,S3-205779579,S2-617491519,S2-170984300,S2-487457446,S2-713264333,S2-307884899,S3-48885027
S1-635175351	S2-940961672,S2-524304771,S3-15070319,S3-830324446,S2-746852187,S2-264064659,S3-507669980,S3-644256498,S2-646498155,S3-626313448,S2-619394878,S2-44719286
S1-868446826	S3-551343011,S3-701750243,S2-615188787,S3-659351121,S2-209329601,S3-313549320,S2-925670420,S2-580572459,S2-714576835,S3-578388591,S2-219579840,S3-643016158
S1-575078315	S3-899552369,S2-123495316,S2-750373955,S2-93435973,S2-985106421,S3-396759133,S2-70956049,S2-204102792,S3-45752054,S2-447689565,S3-259596161,S3-761963228
S1-44946269	S3-43561816,S2-78308319,S2-897177790,S3-904653638,S2-162159903,S3-923841126,S2-481400732,S3-74476603,S3-605337005,S2-208096713,S3-466125301,S3-237822330
S1-429851261	S2-90223881,S3-746631397,S3-953267405,S3-914532981,S2-684472482,S2-760441700,S3-937321121,S3-605581146,S3-505255799,S2-577904239,S3-757289941,S2-56130171
S1-923648013	S3-335727118,S2-621816992,S2-590185636,S2-27680111,S2-406758268,S3-798291161,S2-75170932,S3-665108057,S3-581197629,S2-355647422,S3-861092424,S2-854480047
S1-178572489	S2-6815124,S3-692147771,S2-886326199,S3-413365684,S2-969266672,S3-658296734,S3-852772317,S2-705201453,S3-542726338,S2-702517272,S3-379323471,S3-889772286
S1-700683583	S3-817147155,S3-537598663,S3-995048261,S3-136410026,S3-521530470,S2-389125306,S2-978804308,S2-447313610,S3-68245032,S3-87101941,S2-374472856,S3-767073881
S1-215948660	S3-542881214,S2-784055130,S2-650004342,S3-303047762,S3-674236789,S3-678640982,S2-341109935,S2-352521415,S2-615543847,S2-83053610,S2-438070539,S2-538559976
S1-714329849	S3-141240330,S2-227676758,S2-290116398,S3-29430395,S3-694227199,S3-769765020,S2-951755312,S2-66587093,S2-865445775,S3-612714527,S2-70240997,S3-98266392
S1-322452675	S3-636614167,S2-427516526,S3-293224465,S3-276452645,S2-156090497,S2-535272796,S3-763106619,S2-459417628,S3-654135797,S2-776012765,S2-723006467,S2-306844987
S1-993469683	S2-239519631,S2-64686849,S2-874177371,S3-979190699,S3-458975701,S3-283883372,S3-532900687,S2-54520498,S2-556778971,S2-452085158,S3-414803057,S3-859610125
S1-858558106	S3-176977274,S2-554608279,S3-793207490,S3-375732987,S3-165345809,S3-39596109,S3-789493999,S3-321101831,S3-305881586,S2-550086424,S3-117095292,S2-336372579
S1-994206564	S2-933372129,S2-381326257,S2-434032427,S3-44241202,S3-883708268,S3-808116191,S3-622161234,S3-26803447,S3-835903862,S3-470384764,S3-842553868,S3-728173605
S1-774458452	S3-250416380,S3-285050834,S2-923918673,S3-189818970,S3-314247168,S3-444504307,S3-284616985,S3-930020705,S2-968154820,S2-157806575,S2-802042312,S3-447814948
S1-641844231	S2-567662418,S2-68315748,S3-411418800,S3-548520637,S3-613445651,S2-53713520,S3-848689376,S3-482844437,S2-968862063,S2-984398743,S2-776339735,S2-874502977
S1-403671285	S3-753834225,S2-202316222,S2-130951182,S3-666079051,S2-136484526,S3-313474534,S3-203443488,S2-191932478,S3-198999356,S3-867600285,S3-707334557,S2-774918943
S1-337189608	S3-302079513,S2-90104860,S2-375551514,S2-74072773,S3-251153268,S2-256318751,S3-983050074,S3-401700818,S3-837853175,S2-591431950,S2-821029582,S3-557492820
S1-448267460	S2-75297350,S2-17267219,S2-946274288,S2-199169193,S3-30496819,S2-409585491,S3-741372995,S3-163388064,S2-480563970,S3-674450405,S2-760981737,S2-524304771
S1-267914232	S3-46447333,S3-308067264,S3-950942842,S3-607639951,S3-119473696,S3-802692647,S2-418521657,S2-756253052,S3-146312532,S3-596952058,S3-431728956,S3-700363637
S1-48074803	S3-435259574,S3-354969289,S3-123116820,S3-987555939,S2-987138939,S3-646013063,S3-580688844,S3-774705073,S3-66289874,S3-911272082,S3-646930361,S3-713788846
S1-521482584	S3-947909347,S2-52268119,S2-527182864,S3-539836448,S2-193704720,S3-895796310,S3-120273467,S3-247571416,S2-51917442,S3-552080449,S3-812720432,S2-881331999
S1-966190490	S3-161356637,S2-656771053,S3-262137260,S3-744995697,S3-849905805,S3-79784973,S3-840361568,S3-828259351,S2-672632927,S2-266088670,S3-879252375,S2-640186766
S1-600405366	S3-485489479,S2-331352669,S2-791957207,S2-810561715,S2-152100460,S2-642793570,S3-220981443,S2-228170314,S2-53273812,S2-773919885,S3-108801880,S3-712100782
S1-840497698	S3-565553438,S3-427659390,S3-690844856,S2-145645904,S3-276653919,S3-643016158,S3-566875548,S2-580572459,S2-219579840,S2-774514588,S3-578388591,S2-147987847
S1-85452342	S2-408695812,S2-116275769,S3-574939626,S2-651668141,S3-749963974,S2-194451560,S3-830832341,S3-248636621,S3-303807213,S3-508479619,S3-437681537,S3-180431138
S1-79590561	S2-531158781,S2-553745274,S3-8250691,S3-842866122,S3-52177762,S3-658791382,S2-849334870,S2-825532924,S2-112481564,S2-863865412,S2-543182560,S3-702235345
S1-157009161	S2-145044236,S2-741326252,S3-573832312,S3-71660145,S2-658053948,S3-41745979,S3-8191291,S2-410266309,S3-310663094,S3-76344055,S3-487749791,S2-615196053
S1-960366103	S3-409232578,S2-515474376,S2-640873576,S2-208281996,S3-307812948,S2-377625976,S2-239988216,S2-827909770,S2-551402113,S3-92880183,S3-62251816,S3-81933922
S1-900740725	S2-477637862,S2-581798523,S3-886672950,S2-81357649,S3-897825675,S2-461021269,S2-726425414,S3-164053081,S3-536517180,S3-855501864,S3-910212294,S2-153705134
S1-850605679	S3-630750619,S2-241271308,S3-880607099,S2-686230975,S3-105332700,S3-262440014,S2-95486993,S2-60521854,S2-888009257,S2-216661444,S2-420426955,S3-713504286
S1-341063793	S3-439636605,S3-407489369,S2-790109488,S3-119929019,S2-211497651,S3-903692911,S3-108642249,S2-712236168,S2-719156320,S3-398003038,S3-229060446,S3-781813162
S1-390252121	S2-775499186,S3-100696658,S3-96368632,S2-724853339,S3-259634656,S2-178853358,S2-234066206,S3-623626029,S3-30991821,S3-129549243,S2-308690808,S3-915797875
S1-692471807	S2-295271336,S2-194616581,S3-738765441,S3-597250720,S2-193704720,S3-868587327,S3-53979786,S3-318032940,S3-776452770,S3-338832582,S3-413167449,S3-398272433
S1-831923485	S2-749437333,S2-102160775,S3-91517615,S2-638069957,S3-988851396,S2-39250465,S3-185965699,S3-359328227,S2-444150766,S2-809749559,S3-182287378,S3-924651753
S1-179536424	S2-694447290,S2-803697460,S3-304119355,S2-562164202,S3-572261521,S2-367821874,S3-614148455,S2-520944552,S2-900259735,S3-392572562,S2-759772216,S3-350888351
S1-731314679	S3-762520065,S3-740001764,S2-272932144,S2-940408932,S2-958249641,S3-270456292,S2-991735481,S3-378295013,S2-1791029,S3-525630970,S2-294153653,S3-797911638
S1-459984140	S3-515089420,S3-523031322,S3-216666565,S3-920575650,S3-210587342,S3-441349727,S3-363636878,S3-790348132,S3-58635839,S3-545256205,S2-682256749,S3-429193116
S1-67169593	S3-336555406,S2-978572861,S2-514826855,S3-61895944,S3-173469254,S2-650247660,S2-995455346,S3-452185411,S2-594898274,S3-960498755,S2-669644451,S3-375282434
S1-568095292	S2-131419536,S3-550671275,S2-337763273,S2-785102011,S3-82700345,S2-916707607,S3-592189646,S3-835196251,S3-165684745,S2-302678557,S3-339502435,S3-369323341
S1-533056362	S2-490398340,S2-54783805,S2-636692453,S3-881458071,S3-484969922,S2-640843815,S2-275513804,S3-40363137,S3-926624515,S3-275810453,S2-593255782,S3-189051028
S1-149277660	S3-82184737,S2-196757,S2-873070069,S3-91768827,S2-798809978,S3-232635206,S2-960292945,S3-859621377,S2-504517336,S3-41943895,S3-185839297,S2-655973961
S1-263775088	S3-434650134,S2-823982854,S2-65904955,S2-684182348,S3-491547633,S3-570773120,S2-746782555,S3-390354346,S3-321719313,S2-479371704,S2-61315129,S3-350943089
S1-901471406	S3-902468231,S3-124423065,S3-596665975,S3-873949203,S2-820864603,S2-646371805,S3-961238337,S3-406809385,S3-815485281,S3-612941160,S3-8453871,S3-840953154
S1-402129124	S2-392737970,S3-240126339,S2-61249887,S2-363119628,S2-997652753,S3-693895844,S3-201667703,S2-687898244,S2-489187685,S3-813929542,S2-262530089,S3-390697899
S1-299995446	S3-86407047,S2-272231520,S2-906304429,S3-126882943,S2-786758816,S3-753455057,S3-445494904,S2-19124316,S3-912965611,S2-255504871,S3-473474211,S2-733491385
S1-473872953	S2-32854722,S3-179097669,S2-221625816,S2-97668655,S3-211259317,S3-512611205,S3-415131066,S3-980300349,S2-292791060,S3-899319896,S2-583954288,S2-47220001
S1-408224983	S3-714770348,S2-531118243,S2-593160787,S2-152094326,S3-985640731,S3-295107019,S3-242788832,S3-767141716,S2-185153289,S3-976346249,S3-923083578,S3-38967015
S1-474752946	S2-526358528,S2-118582342,S2-569620857,S3-866108878,S2-798271385,S2-578485821,S3-614752312,S2-931344916,S3-619889384,S3-443472245,S3-821328135,S2-204316677
S1-506617149	S3-886163697,S3-181152837,S3-270090500,S3-238153073,S3-157401739,S2-318333198,S2-178814699,S3-949908307,S2-790904341,S3-623302608,S3-615021181,S2-140388242
S1-156685442	S3-121481713,S2-253147214,S3-834072455,S3-645306560,S2-753109658,S2-482093125,S2-424057593,S3-246900169,S3-911171254,S3-101792470,S3-583428291,S2-336043692
S1-927557769	S3-977986907,S2-303344714,S2-439953084,S3-322442005,S2-533930970,S2-340760100,S3-892777689,S2-134639611,S3-124779074,S3-313731452,S3-837177832,S2-596081513
S1-278899619	S2-852230971,S2-904157124,S3-8843346,S2-790555847,S2-772576987,S3-338976315,S3-233310270,S3-138811074,S2-129707833,S2-198561013,S3-303965058,S2-428969579
S1-207804143	S3-805397421,S2-439263606,S2-61311883,S3-244101038,S3-580402550,S3-387871998,S3-69699725,S2-373402725,S3-741910714,S2-334503809,S2-882277131,S2-80378125
S1-336954819	S2-196153417,S3-49799283,S2-761046867,S3-18016821,S2-803209553,S3-167954879,S3-906942376,S2-440023505,S2-41422611,S2-741232885,S2-31829865,S3-489858816
S1-775107858	S3-519881626,S2-396962302,S3-831222994,S3-400512672,S3-51609553,S3-195736317,S3-762253325,S2-44188004,S2-167219278,S3-613584026,S3-736018619,S3-260074977
S1-283538407	S2-67631654,S3-274842919,S3-74712448,S3-127535638,S2-745326297,S2-497629715,S2-337857323,S3-418835613,S2-28655273,S2-271512713,S2-225160839,S2-231805963
S1-750864938	S3-929127091,S3-11160035,S3-395106705,S3-535753355,S2-95465081,S3-983689388,S3-753523574,S2-830376616,S3-647180686,S3-613573490,S3-770315905,S3-955844772
S1-905916694	S2-436623554,S2-584191928,S3-913443019,S3-254384697,S3-483633930,S3-34373681,S3-883169377,S2-970634510,S3-969875823,S2-298468934,S3-567358428,S2-20005882
S1-628680569	S2-78647188,S2-861493807,S2-398936374,S3-217588740,S2-470989699,S2-574437696,S3-695034285,S2-324076364,S3-30328791,S3-448854,S2-106840387,S2-435971241
S1-299677751	S3-465977923,S3-564009251,S3-996775482,S2-134967851,S2-790433629,S3-353481810,S2-469413272,S2-359206178,S2-17607830,S3-904175681,S3-397049121,S2-318316790
S1-454802421	S3-814957974,S2-497738385,S2-425946099,S3-860406343,S3-678901910,S3-194471240,S3-959714119,S3-340331632,S3-199100720,S3-935337554,S3-639791894,S3-952519554
S1-831268867	S2-38523570,S3-804174544,S2-271413391,S3-86368824,S2-646975484,S2-935397464,S2-32548305,S2-927233911,S2-627027019,S2-904433646,S3-441502009,S2-419957165
S1-13263134	S2-493193236,S3-410632003,S2-828404686,S2-766338044,S2-90729985,S3-390107375,S2-374304328,S3-566741146,S3-356713206,S3-621297969,S3-298121928,S3-551918429
S1-570239793	S3-664780480,S2-661300539,S3-854853457,S2-988682348,S2-342022306,S2-338037837,S3-192537634,S3-659872672,S3-862122772,S2-154652743,S2-712352131,S2-583200034
S1-833585060	S3-681885368,S2-87188878,S3-118327753,S3-685879922,S2-183160259,S3-634039387,S3-122391339,S3-510895979,S2-145308884,S3-772003410,S3-8767983,S3-279848964
S1-3548629	S3-305583405,S2-658842746,S3-350547035,S2-480078604,S2-379684950,S2-238028155,S2-972519994,S2-476307431,S3-417241210,S3-973471927,S2-545677545,S2-790137467
S1-210978493	S3-608696109,S3-62000577,S2-443174630,S2-607425510,S2-609533803,S3-314833941,S3-54128713,S2-627069759,S2-602067289,S3-535326697,S2-770509267,S3-386166494
S1-135099760	S2-999898449,S2-438957895,S2-984404520,S2-526070207,S3-203475603,S2-21795989,S3-194751530,S3-611793837,S2-679069561,S3-116314386,S3-34513963,S3-476222744
S1-74346191	S3-775088270,S3-658377567,S3-359614143,S3-913761948,S3-685179931,S2-215177171,S3-539054824,S3-912087130,S3-205196171,S2-329364878,S3-956851526,S3-120951969
S1-197981349	S2-187102312,S3-157798330,S2-480154634,S2-906515667,S3-360214098,S2-908341117,S3-23509961,S3-683145188,S3-894292487,S3-210399970,S3-160613789,S2-251409946
S1-246771260	S3-541314746,S3-68725568,S3-12307630,S3-221760469,S3-623524223,S3-325833581,S3-782299928,S3-682735924,S3-266357044,S3-548286060,S3-342022261,S3-19448588
S1-347851016	S2-43611583,S3-799087926,S3-500159484,S2-467537437,S2-617246447,S2-544048298,S3-584896400,S3-782803682,S3-852777669,S2-745500436,S3-982728557,S3-191438701
S1-434847246	S3-214479101,S2-805512032,S3-853576582,S3-599778924,S3-474077311,S2-64338515,S2-677577720,S2-535885747,S3-778792427,S2-294651383,S3-30842909,S3-77298174
S1-551580984	S3-319257596,S3-729144185,S3-316219920,S2-292854138,S2-633399579,S3-243110390,S3-482695814,S3-793640831,S2-934774936,S2-154080356,S3-576059759,S2-221230937
S1-438092418	S3-207698382,S2-157429633,S3-137050924,S3-314146238,S3-696619656,S3-126810176,S2-252430952,S2-332731255,S3-498331555,S2-794087984,S2-423119306,S3-368611747
S1-826150712	S2-980470394,S2-73002548,S3-485937582,S2-246697067,S2-976249988,S2-490284497,S3-269156667,S3-810403886,S3-768271780,S3-370044219,S3-807201388,S3-47458406
S1-769567685	S3-510645052,S2-768878768,S2-274958356,S3-257637517,S3-854820949,S3-804911560,S2-910351844,S2-970067722,S2-258677257,S3-949165559,S3-692158449,S2-509444070
S1-252068059	S2-254407164,S2-203823393,S3-330744896,S2-672485471,S3-615949662,S3-963153393,S3-479382226,S3-44760763,S2-184841497,S3-21010322,S2-366260870,S2-597736690
S1-38451528	S2-825667392,S3-956132515,S3-770668883,S3-395737543,S2-898943442,S3-361141357,S3-318953682,S2-663677477,S3-324653484,S2-490149944,S2-439812895,S2-473269308
S1-136137906	S2-335613991,S3-398636612,S3-774378995,S2-580572542,S2-133298258,S2-595397422,S2-602945989,S3-986995979,S3-428113305,S2-125606513,S3-382158177,S3-389064753
S1-678219668	S3-60142583,S3-848477613,S2-865607519,S3-147009475,S2-676496821,S2-449417543,S3-270481532,S2-48328101,S3-954514603,S2-288680827,S3-517472197,S3-17294435
S1-242765065	S2-277902398,S2-166666570,S2-223156718,S3-548799463,S3-39283074,S3-465462213,S2-514690298,S3-419547727,S3-93712102,S3-78381083,S2-313985348,S2-552612067
S1-429982774	S2-810725555,S2-570517467,S3-184551896,S3-611449084,S3-436243081,S3-749419629,S2-383085486,S2-187007349,S2-683135479,S3-420450009,S2-12507771,S3-701473957
S1-392877917	S2-99860542,S2-757955336,S2-577051763,S3-699455006,S3-116527247,S3-496544585,S3-736036074,S3-186306386,S3-930426837,S3-915376606,S3-864685316,S3-858382654
S1-726670510	S3-354033197,S2-492707873,S2-981953483,S3-221646383,S2-582295889,S3-104957106,S3-767190231,S3-341506822,S2-656706881,S3-534363802,S2-427185308,S3-447274978
S1-232163492	S2-319084778,S3-864971775,S2-915041315,S3-901792409,S2-566956193,S3-776692463,S3-197089007,S3-87775942,S3-611963838,S3-329811063,S3-403390626,S3-79657040
S1-9051645	S2-556142490,S2-385974872,S3-831725656,S3-766512393,S2-224676024,S2-830067489,S2-657637151,S3-552572922,S3-177659463,S3-82704902,S3-729998200,S3-257252246
S1-557325761	S2-281135741,S2-883092674,S2-612376395,S3-375974969,S3-673250188,S2-355487016,S3-603771132,S3-68697167,S3-594548242,S3-342880680,S3-71662670,S2-281130251
S1-848145225	S2-841588077,S2-346183423,S2-599024482,S3-552106705,S2-543837630,S2-926284622,S2-331593595,S3-649317410,S2-71641747,S3-464188363,S3-512252334,S3-247432730
S1-475756218	S3-128663214,S3-499862390,S2-505236256,S2-584851200,S3-769502117,S2-596528853,S3-409545550,S2-114890801,S3-615316004,S3-427683814,S3-187106397,S3-122794621
S1-678942467	S2-219998216,S2-359637890,S3-49051007,S3-944475513,S3-471347521,S2-588842833,S2-259920891,S2-790614262,S3-21814743,S3-288069115,S2-127289181,S2-654392829
S1-583499446	S2-676642873,S3-227057690,S2-303719889,S2-732244282,S3-202555353,S2-187148539,S3-322442494,S2-216019191,S3-414520888,S3-156955691,S3-930476568,S3-160557300
S1-248931969	S3-475316081,S3-600660309,S2-733255834,S2-202172388,S2-173046495,S3-136319369,S2-188368209,S2-360985624,S2-447980046,S2-228375190,S3-136049633,S3-90381419
S1-316484869	S3-310655902,S2-570780644,S2-922831854,S3-995378239,S2-349293977,S3-342867884,S3-642623824,S2-684472664,S2-114701552,S3-122191752,S3-747114707,S2-129097831
S1-265603031	S3-380629778,S2-831318641,S2-456803285,S3-695646735,S3-672728225,S3-280276180,S2-27304694,S3-566483359,S2-406504643,S2-332145527,S3-911478668,S2-904600088
S1-572790160	S2-942745027,S3-837522257,S3-502487495,S3-311676931,S2-377921722,S2-361422243,S3-822897142,S3-435015011,S2-69810509,S2-58319536,S2-357819643,S3-267894874
S1-122342758	S2-149152860,S3-979597166,S2-748326019,S3-830509812,S2-784908705,S3-923168704,S2-751389220,S2-758068391,S2-544238611,S3-507886888,S2-234440780,S2-827186633
S1-906652330	S3-626966241,S3-567441263,S3-590323747,S2-836922979,S3-373519470,S2-925329494,S2-437612181,S3-104824031,S3-796052009,S3-728833216,S3-305390479,S2-497607433
S1-606348149	S2-777710173,S3-92378091,S3-470774766,S2-430591072,S3-101972013,S3-200490724,S3-421884576,S2-786603273,S2-870592070,S2-633024715,S2-66296600,S3-600946824
S1-118654142	S2-81506278,S3-995946074,S2-435921074,S2-920286068,S2-418312407,S3-326193990,S3-562693148,S3-837316901,S3-267257577,S2-461097709,S3-915722456,S3-359036469
S1-449967506	S3-189274309,S2-923889169,S3-432617000,S2-697266232,S3-941675847,S2-336659279,S3-878681376,S3-139991143,S3-657701629,S3-693296167,S3-668719355,S3-453968520
S1-335226101	S3-729927616,S3-304829152,S3-600123466,S2-331193380,S3-525475601,S3-367993047,S2-944630846,S2-108867328,S2-870579002,S3-798721237,S3-137118544,S2-316006490
S1-450667949	S2-57232715,S3-32351980,S3-686366027,S3-309981922,S3-193786021,S3-813975217,S3-904456022,S3-948803821,S3-691127015,S2-341051603,S2-338044827,S2-768113248
S1-163450525	S2-396767762,S3-83658459,S2-813908128,S3-109977716,S2-901528563,S2-599313073,S3-112739325,S3-421386656,S2-574776512,S3-19637254,S3-631229842,S2-112032558
S1-521489044	S3-201140568,S2-567817231,S2-409564599,S3-2404454,S3-248291,S2-622188264,S3-550461538,S3-193546129,S3-623719459,S3-669648104,S2-464172123,S2-368410303
S1-678468445	S3-372783728,S2-969870416,S2-276277104,S3-918768096,S2-991786341,S2-747731387,S2-552109163,S3-671167130,S3-310768862,S2-836698132,S3-269994817,S3-665808719
S1-950878680	S3-355992759,S2-874963451,S2-689557933,S3-687677244,S2-193497418,S3-189530666,S2-527772678,S2-583538161,S3-889673436,S3-40700332,S2-881504870,S3-559055695
S1-860091475	S2-162681825,S3-806056253,S2-681398493,S2-350795636,S3-560759118,S3-967829364,S3-161600301,S2-493558565,S2-473094002,S3-246352505,S3-963783821,S2-581315728
S1-531755243	S2-834738977,S3-794220922,S2-788110714,S3-570361547,S2-313785179,S2-91920723,S3-579978050,S3-765183552,S2-440320104,S2-702973476,S3-296453907,S3-152246834
S1-8731816	S3-146497402,S2-799555245,S3-287032260,S2-486047892,S3-592790878,S3-223716156,S2-359035578,S2-287700382,S3-513041123,S2-919747932,S3-980827575,S3-760034630
S1-847840310	S2-550304518,S3-705380434,S3-227148478,S3-336419474,S2-278799710,S3-359968418,S2-253519886,S3-746546495,S2-385427899,S2-782892322,S3-719393376,S2-290666692
S1-114167540	S2-168824038,S3-969954430,S2-886253700,S2-604951142,S3-826682548,S3-903772893,S3-17648303,S3-211930489,S3-549082367,S2-555643644,S3-419207184,S3-884683842
S1-516261021	S2-216202286,S3-240530611,S2-29910540,S2-605581805,S2-641789414,S3-650304410,S3-427128518,S2-792056794,S2-360547493,S3-517372819,S2-414254935,S2-608703909
S1-973310935	S2-772642820,S3-155456571,S2-263914651,S3-161438214,S2-116807976,S2-645361993,S3-505186221,S3-869716659,S2-8953250,S3-824704337,S3-493284011,S2-970845772
S1-92606707	S3-670008888,S3-651391392,S3-104188653,S3-815276742,S2-740086459,S2-982401816,S2-568582479,S3-949964464,S3-616631990,S3-54428247,S3-600946824,S3-488031745
S1-326042432	S3-336043317,S3-562263739,S3-832809574,S3-956455070,S2-491029373,S3-51942073,S2-972244054,S3-107161537,S2-64877739,S2-849857988,S2-920767390,S2-754718642
S1-26570538	S2-744102947,S2-431242966,S3-387029401,S2-358137489,S2-112334001,S3-566914488,S3-699317129,S3-740610317,S3-164341922,S2-223122463,S3-877359620,S2-199682120
S1-816806651	S3-667248963,S3-255128248,S3-244475505,S3-644853857,S3-33433876,S3-604062801,S3-14537214,S3-715833062,S3-229909693,S2-789192096,S3-434283299,S3-699339933
S1-956145942	S3-210589755,S2-975715954,S2-866093978,S2-311840384,S3-515611022,S2-248842569,S3-296678948,S2-623120129,S3-238839320,S3-147118333,S3-533487325,S3-390612136
S1-997853473	S2-142628493,S3-573163561,S3-77145691,S3-101591877,S2-230036940,S3-567798850,S2-822158016,S2-885090109,S2-575873656,S3-188083650,S2-752803988,S2-231976375
S1-476732670	S2-403848502,S3-988667742,S3-633826172,S2-31831201,S3-847940788,S2-149890720,S3-901533685,S3-115464655,S3-638806530,S2-934065624,S3-981209129,S2-898850770
S1-470791690	S3-995747294,S2-930318806,S3-242260898,S3-909292686,S3-312902368,S3-425944995,S2-927855202,S2-316822392,S3-569403608,S3-969100285,S3-478839649,S3-832112617
S1-685756581	S3-921665173,S3-991692436,S2-120028544,S2-282780961,S2-244895468,S3-341489343,S3-391373839,S2-837342329,S2-142639780,S2-885619317,S3-228903409,S3-361324320
S1-427389120	S3-551480839,S2-513131284,S2-181366463,S2-573793729,S2-887125043,S3-430037435,S3-32631002,S3-479793375,S3-211052860,S3-880283284,S2-145912290,S3-728115101
S1-607475493	S2-999434733,S2-601636054,S3-105470514,S2-88936628,S3-520741208,S3-419518853,S2-512253778,S3-757261701,S3-528759948,S3-327059511,S3-323597988,S3-25888106
S1-78371793	S3-801445959,S2-750310615,S2-115669433,S3-748151951,S3-981720496,S3-604632704,S2-275047996,S2-452962764,S2-556110402,S3-687413147,S2-364562946,S2-455621253
S1-965957271	S3-550514139,S2-975728440,S2-477669495,S3-76219304,S2-276788614,S2-148861869,S3-609576915,S2-888138289,S2-529061928,S2-271634848,S3-564163724,S2-209755410
S1-728246746	S2-246656257,S2-164810061,S2-931239831,S3-792773315,S3-792574387,S3-113789859,S3-904313626,S3-46737773,S3-504120813,S3-226632089,S3-557025247,S3-122549032
S1-333630891	S3-643228462,S2-566572292,S3-942437742,S2-248357850,S2-436689441,S2-682992420,S2-189709095,S3-18376290,S2-470009162,S2-758852092,S2-348711664,S3-5083049
S1-804423982	S2-545993901,S3-473445953,S3-288868529,S3-991129711,S3-759209902,S2-504140144,S2-198936467,S2-771661691,S3-549277007,S3-225248549,S3-892014896,S3-811451899
S1-538239829	S3-752487213,S2-45891498,S3-420022191,S2-53077794,S3-486880597,S3-315010036,S3-113464810,S3-216252821,S2-571059215,S2-451485222,S2-54185874,S2-527831760
S1-328584708	S2-44936449,S2-994157679,S3-791812744,S2-276830111,S3-478770054,S2-639705508,S2-346055946,S3-876743593,S2-701234534,S3-21739805,S2-613671370,S2-314771004
S1-466341745	S3-124918393,S2-63980780,S3-931313096,S2-978163055,S2-847111574,S2-499223661,S3-490132806,S3-922233181,S2-747067330,S2-250659163,S2-741403580,S3-322453605
S1-883775116	S3-509508834,S3-984710023,S2-42575304,S2-243878862,S3-495055557,S2-452558814,S2-541123717,S2-144262055,S2-220627499,S2-429635949,S3-395025487,S3-345949457
S1-67951250	S3-300172811,S3-115239193,S3-225497937,S2-600834800,S3-266068600,S3-852394634,S3-26741355,S2-197958994,S3-253497795,S2-139590245,S2-23070855,S2-240734338
S1-206502637	S2-120143915,S3-354833356,S3-777527443,S3-505861015,S3-52974202,S3-229736148,S2-479601799,S2-910011119,S2-903695269,S3-614231051,S2-561443381,S3-945520874
S1-182502875	S3-906765108,S3-740528227,S2-756081498,S3-11422250,S2-534770919,S3-20694036,S3-301591414,S3-447193801,S3-67490079,S3-927033201,S3-907813450,S3-540149644
S1-49755442	S2-998715148,S3-670658562,S2-683037273,S3-666557129,S2-669360156,S2-274544870,S3-243218227,S3-847074512,S2-744333104,S3-471707272,S3-110086982,S3-102068601
S1-537978025	S2-38925988,S2-804243648,S3-531319922,S2-585157169,S2-850995478,S3-467255906,S2-359188767,S2-85861083,S2-425635274,S2-948665144,S2-483271925,S3-130619485
S1-39974132	S3-175641417,S2-276359151,S2-692790457,S2-563228551,S2-25747517,S3-917311853,S2-523348205,S2-106861653,S2-568707122,S2-509124607,S2-517580993,S3-866803664
S1-293783230	S3-736576003,S3-636928586,S2-908552421,S2-390623502,S3-44754726,S2-748463563,S2-162516632,S2-926312691,S2-466099591,S3-50046347,S2-785158210,S3-174506446
S1-907925633	S3-975273360,S3-617658706,S2-384872128,S2-745154955,S2-783067646,S2-453889705,S3-670181123,S2-751861955,S3-475475277,S2-57544879,S3-655009517,S3-465141693
S1-681116226	S3-533694810,S3-356499183,S3-470184178,S2-709908028,S3-489519857,S2-431811417,S3-312895217,S2-430019392,S2-32170573,S2-859709833,S3-958403571,S2-199904798
S1-708971705	S2-208223945,S3-114839419,S3-745024543,S2-997140456,S2-848492769,S3-278890520,S3-866255788,S2-783355018,S2-105692133,S3-555356416,S3-320532947,S2-316681567
S1-268343305	S2-745261737,S2-949521450,S3-26020664,S2-528075840,S3-17561435,S2-796310696,S3-758455877,S3-736967583,S2-526400631,S2-705661453,S3-771923606,S2-874082798
S1-219817042	S2-590577458,S2-107597573,S3-96440663,S2-151029398,S3-829918412,S2-37335573,S3-93576673,S2-86732084,S3-509286034,S3-586582124,S2-466094938,S3-816840153
S1-865132511	S3-482492626,S2-758746090,S2-536455889,S3-628133002,S2-657826235,S2-730963454,S2-86678632,S3-499647113,S3-305128562,S3-950149163,S2-363335712,S3-461671194
S1-737783959	S2-31972416,S3-492667054,S2-333984818,S2-548594166,S2-379575199,S2-785506972,S3-630108597,S2-182840261,S2-674949530,S3-184229222,S3-687985132,S2-599618592
S1-235684588	S2-182694255,S3-337197489,S3-139436796,S3-687518304,S3-847178639,S3-571091635,S2-93565829,S3-882438025,S3-656202924,S3-483256514,S3-230288499,S2-444999874
S1-393120433	S3-550543591,S2-763519087,S3-894292487,S3-196984820,S2-790381749,S3-652042851,S3-644088244,S3-646248402,S3-193550485,S3-73117229,S3-912783491,S3-788320765
S1-379796343	S3-846331766,S2-469908698,S2-79506854,S3-79506398,S2-499031049,S3-337334498,S3-747198561,S3-874808191,S3-268593266,S3-682881878,S3-598572990,S3-716321494
S1-856849042	S3-232838196,S2-56217,S3-417241210,S3-158888297,S3-489990009,S3-854474626,S3-525360788,S3-970738055,S3-159159739,S3-251968866,S2-218768289,S2-829265883
S1-675821005	S3-267670944,S2-423164225,S2-11532850,S3-650724427,S3-590691593,S3-635587158,S2-923218004,S3-729437628,S2-835985524,S2-864674002,S2-420595585,S2-509213153
S1-276214128	S2-158650178,S3-132748039,S3-450248887,S3-386530479,S2-118957268,S2-525206902,S3-692570591,S3-750215034,S3-903848625,S3-472277603,S3-326621827,S3-627471147
S1-837878496	S2-512940112,S3-494269088,S3-920595865,S3-413280392,S3-641286735,S3-610513978,S3-295147322,S3-881219626,S2-302973459,S3-25711665,S2-589626704,S3-713522431
S1-995124333	S3-116139054,S2-599089591,S2-838977694,S3-658611589,S3-689428971,S3-620416556,S3-392189318,S3-548491133,S3-422631458,S3-242414371,S3-22707079,S3-276390000
S1-4143446	S3-126326022,S3-209626472,S2-249045743,S2-719782658,S3-9115595,S2-562475125,S2-126603673,S3-172832889,S2-226827427,S3-989151266,S3-336800831,S3-625885917
S1-938258941	S2-570925225,S2-759515020,S3-383253637,S3-992638468,S2-794806797,S3-815879244,S2-919629583,S3-224991460,S3-62995065,S2-362306023,S2-825126083,S3-695406462
S1-703850262	S3-458048677,S3-339640805,S3-30535652,S3-639201333,S3-925685428,S3-821137599,S3-151470742,S2-66583588,S3-960561850,S2-581716746,S2-781984218,S3-838284542
S1-612029716	S3-897489276,S3-108579013,S3-823542199,S3-30863875,S2-773761354,S2-678514000,S2-861357759,S2-423135381,S2-22841590,S3-329567040,S3-155406918,S3-250977230
S1-73700971	S2-360126981,S3-547731147,S3-943577030,S3-417810704,S3-613516680,S3-69287906,S3-945458657,S2-39829702,S3-271340605,S2-179231632,S2-771433124,S3-722339131
S1-555775937	S2-485467092,S3-884798967,S3-329550375,S3-889399090,S2-778738362,S2-283676871,S3-586544336,S3-385103761,S3-64879212,S3-273704685,S3-338536367,S3-134671791
S1-260612252	S3-675161025,S3-150116009,S3-694452523,S2-155049595,S2-659868485,S2-494265893,S3-644747261,S3-159157458,S3-870213647,S2-922445609,S2-247356763,S2-665232521
S1-159314474	S3-743285800,S2-940971323,S3-869232419,S2-17131003,S2-223485514,S3-425635114,S2-375116785,S3-55230062,S2-129397364,S2-381553401,S2-730513544,S2-302703295
S1-263184862	S3-201361618,S3-305265851,S2-795279609,S2-389030695,S3-537864993,S2-35401171,S2-612590517,S2-15757241,S3-500838159,S3-866032101,S2-642583127,S3-930722871
S1-449171849	S2-535585895,S2-80471182,S3-129922629,S2-18432668,S3-899695734,S3-993191874,S3-166508470,S2-821071201,S2-237785714,S3-592822705,S3-200048742,S2-569360978
S1-425858660	S3-973103061,S3-413381956,S3-343501636,S2-85759981,S3-888981937,S3-477902093,S3-679102874,S3-637620113,S2-27043500,S3-766339480,S2-189514432,S2-833839408
S1-186556282	S3-321494440,S3-39910372,S3-194691412,S3-877247297,S3-206199002,S3-508576503,S2-624188860,S2-434915439,S3-798813951,S2-805124009,S3-144425163,S2-533057700
S1-927882225	S2-719039091,S2-180036124,S2-241607417,S3-733864325,S3-75074121,S2-883790319,S3-752572382,S3-845532558,S2-80550113,S3-543184433,S2-97528884,S3-167360586
S1-260837575	S3-632981198,S3-395541342,S3-691327074,S2-475802576,S3-70024190,S2-344663453,S2-733903617,S3-520242056,S2-734318119,S3-86113258,S3-97117581,S2-224756574
S1-409479725	S3-873737853,S2-219473822,S2-304426471,S3-257549185,S3-18002358,S3-939855404,S3-155533844,S2-367672375,S3-495654462,S3-510350504,S2-802931801,S3-601005150
S1-458130772	S3-401496538,S2-654696050,S2-765538671,S3-147796831,S3-544784129,S2-326911068,S2-669782996,S3-999547215,S3-840619091,S2-309677484,S2-993284715,S2-208664786
S1-756828693	S3-259554320,S3-664930706,S3-981837549,S2-981854688,S3-840117775,S3-34029486,S3-242225375,S2-942227551,S2-610645521,S2-494248980,S3-625125838,S2-892641910
S1-601486176	S3-559801603,S3-447144606,S2-137344023,S2-137448407,S3-881265753,S3-196909139,S3-437748950,S3-891011393,S3-283533159,S3-974747487,S2-372903139,S2-308180837
S1-406660914	S3-309258539,S2-581017106,S3-104322293,S3-708335457,S2-826394844,S3-624197174,S3-793135843,S2-207867077,S2-193704720,S2-922168297,S2-847726983,S3-615262139
S1-572338294	S2-848825250,S3-472890153,S2-575908687,S3-677841686,S2-858597842,S3-713057660,S3-690386613,S2-376665027,S2-742276492,S2-966096408,S3-742971412,S3-399193809
S1-914496453	S3-668449166,S2-70111476,S3-685524683,S3-389951543,S3-559587482,S3-9721290,S2-104136843,S2-75789064,S3-59282119,S2-622577194,S2-46418871,S3-854969350
S1-203076519	S3-747130104,S3-271550525,S3-808033051,S3-381877113,S3-959274396,S3-365099593,S2-561500928,S2-337580002,S2-330002632,S2-340294085,S3-470991012,S3-337163977
S1-141216441	S3-757516597,S2-804544574,S3-992019660,S2-950730311,S2-748155927,S3-755702381,S2-841479705,S2-921511719,S3-682380555,S2-318343361,S3-43252922,S3-237822330
S1-772104779	S3-183252884,S3-483452427,S3-873016576,S3-518613981,S3-843969625,S3-353523040,S2-791104787,S2-385880373,S2-924017926,S2-690911961,S2-277540321,S3-522096065
S1-348573367	S2-936570299,S2-186451757,S2-202454392,S3-130012381,S2-111092365,S3-384449159,S3-76053337,S3-326040636,S3-223604178,S2-916780476,S2-169309096,S2-327368745
S1-657275121	S3-997877358,S2-174382102,S3-862430415,S3-569205644,S2-722898574,S3-565581217,S3-804535034,S2-301377724,S3-474786702,S2-306734235,S3-896745484,S2-716596645
S1-961914104	S2-562690810,S2-835454420,S3-725853936,S2-943521941,S2-83994368,S2-810142818,S3-380155927,S2-102142076,S2-122102911,S2-709603308,S3-820600271,S3-241237970
S1-557030875	S3-97994565,S2-238128705,S2-895419337,S3-426116939,S3-328761178,S2-750419414,S2-196838184,S3-101166374,S3-713829998,S2-981077717,S2-216963992,S2-290683003
S1-909745869	S2-164830528,S2-607267263,S3-968185535,S3-657900181,S3-188866082,S3-943410469,S2-652443779,S3-477493556,S3-637943257,S3-16872289,S3-253271590,S3-964676891
S1-853521614	S3-30510368,S2-348400966,S2-478268981,S3-101785102,S3-709487984,S2-174835014,S2-875807956,S2-61430918,S2-544566597,S3-753210107,S3-620591203,S2-507384692
S1-497812883	S3-560440423,S2-412056497,S2-18534171,S2-190148532,S2-975662967,S3-905910692,S3-691209461,S3-761367280,S2-178039445,S2-392699882,S2-525122890,S2-468570867
S1-492494206	S2-143681016,S2-319730775,S3-567647269,S2-744360203,S3-77766630,S3-475587238,S3-794610558,S2-735173941,S3-748757813,S2-813841226,S3-332235455,S3-612700412
S1-707183377	S2-552941032,S3-839476290,S2-613200448,S2-737490155,S2-833371164,S3-239336562,S3-400983364,S3-987567280,S2-511537546,S3-36666164,S2-262023576,S2-422172497
S1-608419003	S3-472533661,S3-545786040,S2-689842253,S3-357335294,S3-146318678,S3-769127860,S3-458871889,S2-859040,S2-765672836,S2-668096123,S2-857829989,S3-487566694
S1-820703801	S2-856753651,S3-695141373,S3-900104050,S3-908923502,S3-609907650,S3-823474913,S3-10406885,S3-416922977,S3-940193004,S3-162856702,S3-626603475,S3-569451641
S1-924840109	S3-496953384,S2-602683603,S2-24566996,S2-59532238,S2-227606008,S3-467635709,S2-718733860,S3-564930152,S3-281232668,S3-608373263,S2-643549499,S2-305892706
S1-992932461	S3-589716038,S2-493600029,S2-795187268,S3-752490634,S3-629628545,S3-206428718,S3-507905291,S2-978379995,S2-149042145,S3-60012969,S2-456001648,S3-971394254
S1-419929302	S2-143523217,S2-109359523,S2-261595004,S2-931239831,S2-164810061,S2-246656257,S2-157113643,S3-792574387,S3-792773315,S2-392658536,S3-46737773,S3-226632089
S1-529656399	S3-90497274,S3-479270701,S3-730956834,S2-605118868,S3-124719444,S2-593256826,S2-286542928,S3-183944852,S3-933724092,S2-361145416,S2-79446960,S3-577487326
S1-508815823	S2-762755911,S3-38293952,S2-275993556,S2-584866704,S2-384364764,S2-579008664,S3-766917644,S3-128587527,S3-793763466,S3-928194292,S2-633199385,S2-156303099
S1-17339381	S3-974717877,S3-894856546,S2-659581675,S2-335638755,S3-678533828,S2-563877267,S3-757246172,S2-33647233,S3-454030304,S2-599828151,S2-412212736,S2-968722529
S1-278478027	S2-661524117,S3-324918634,S2-715892454,S3-316044952,S3-624720838,S3-250252042,S3-211144714,S2-365364281,S3-203209265,S2-776923742,S2-560005967,S3-500087741
S1-647658706	S2-599426049,S2-48559863,S2-198041163,S3-911416476,S2-681805893,S3-169200786,S3-956808208,S3-968834705,S2-782553391,S3-994807809,S3-564097539,S2-458088673
S1-396779207	S2-613358318,S3-979836391,S2-94293805,S3-154987881,S3-376368661,S2-902373045,S3-392434222,S3-827085660,S3-232787244,S3-727959977,S3-349542893,S3-281361178
S1-705603372	S3-579339074,S2-838891807,S2-248498995,S3-732768300,S3-128749383,S3-878652636,S3-234111408,S2-80693577,S2-82087436,S3-660554740,S2-938551139,S2-524200048
S1-771130174	S2-655035294,S2-97357534,S2-513043645,S2-524831674,S2-573242439,S3-753815382,S3-166867218,S2-824349754,S3-344203602,S3-432279565,S2-603097771,S3-794211415
S1-804534185	S2-683905700,S3-89613638,S3-50166307,S2-744145351,S3-3120996,S2-81722512,S2-843813054,S2-204992475,S2-603831169,S2-824957260,S2-339823575,S3-619015217
S1-403395550	S2-735605107,S3-451215478,S3-335370218,S3-787775142,S3-446232899,S2-572254589,S3-154801996,S3-1938628,S3-532375784,S3-487955596,S3-248711604,S3-791833888
S1-600793393	S2-953142680,S3-361309277,S2-796907541,S3-218276797,S3-257985521,S3-83426284,S2-794084103,S2-142230683,S3-65543096,S2-696419278,S3-323837862,S3-625066405
S1-469177694	S3-673641166,S3-319741604,S2-13854658,S2-413882032,S3-495162941,S3-38793967,S2-735398641,S3-707737790,S2-387591065,S3-585266686,S3-964461370,S2-497656842
S1-205556070	S3-672470239,S3-12995531,S2-629679345,S2-504637723,S3-545023441,S3-784458372,S3-703777878,S3-818221045,S2-817552550,S3-698984748,S2-79349600,S3-101286681
S1-843554261	S3-755704601,S2-756646063,S3-895870679,S3-530761959,S3-764577159,S2-977448684,S3-348174690,S3-610744604,S3-468629581,S3-45593575,S3-765766580,S3-645824099
S1-207369509	S3-780836909,S2-924524647,S3-391922054,S3-900518421,S3-963432716,S2-748910168,S2-372833358,S2-72038012,S3-198682902,S2-922422447,S3-803612628,S2-625940385
S1-295699995	S2-468055761,S3-411258655,S3-754891140,S3-735089102,S3-293185328,S3-444764644,S3-309444703,S3-46637979,S2-863368890,S2-354225416,S3-926866834,S2-307636230
S1-422578216	S3-859706782,S2-60067533,S3-985170616,S2-678352843,S2-135772448,S3-828139671,S2-951413203,S2-109670994,S3-396391743,S2-22832497,S2-773545324,S3-879190797
S1-689012189	S2-784795250,S2-411181925,S3-698580445,S3-840408484,S2-855728818,S2-953656329,S2-259253694,S2-293563007,S2-518786770,S2-716323096,S2-630768770,S3-593432538
S1-913463340	S3-917123375,S2-886451008,S2-931365740,S3-207072645,S3-865178570,S3-596402082,S2-210192935,S2-601403596,S3-460166979,S2-856507565,S3-577735983,S3-425713165
S1-565584575	S2-509741227,S2-395001271,S3-260601987,S2-730188901,S3-168244976,S3-827293878,S2-440331623,S2-65929463,S3-67019900,S2-14391205,S2-469318847,S3-995662512
S1-433887168	S2-256528376,S2-966095535,S3-770674232,S3-736376581,S2-5885077,S3-791461579,S2-251603668,S3-453649493,S3-762875991,S3-933346769,S3-693825893,S2-600543738
S1-566540458	S2-488017296,S2-264792193,S3-89751108,S2-922303748,S3-155252607,S3-856838046,S3-500104062,S2-576863807,S2-982622259,S3-384165752,S3-645093030,S3-472277603
S1-869626749	S2-911593432,S2-891228190,S3-704819067,S3-438984705,S3-936566168,S2-609613982,S2-581898893,S3-334523930,S2-244113216,S2-719471257,S3-522477121,S2-779282547
S1-485102954	S3-300070774,S2-622526788,S2-632594512,S2-853460848,S2-495233414,S2-340476976,S3-923841126,S2-481400732,S3-820596411,S3-976151679,S2-61493008,S3-171976342
S1-223059131	S2-949327327,S2-171968922,S2-704318111,S3-510841593,S2-547005732,S2-955255026,S3-335808893,S2-250522953,S2-281740227,S3-500733886,S3-8732505,S3-445736898
S1-839446795	S3-289089438,S2-521708549,S3-617076200,S2-533351851,S3-304488874,S2-373393202,S3-95490315,S2-546801287,S3-393215091,S3-979965431,S2-745349916,S2-340297847
S1-938016124	S2-357388842,S2-375630511,S2-282879903,S3-664801438,S3-226998013,S2-112741485,S3-830013682,S3-756684983,S3-426847486,S3-545584600,S3-717468486,S2-275945493
S1-583032127	S3-525774617,S2-706707839,S2-491550449,S2-221527230,S2-686746858,S3-378463403,S3-831708251,S3-115043662,S3-298874496,S2-294676762,S3-771097122,S2-391020139
S1-971850426	S3-723937680,S3-875418524,S3-272562284,S2-868808009,S2-189249623,S3-273293364,S3-17847585,S3-934377327,S2-40457265,S3-686364458,S2-879525650,S3-969135831
S1-281577804	S2-646602089,S3-204387385,S2-119640899,S2-552247370,S3-227892918,S2-690385373,S3-560514410,S3-469287463,S2-171586406,S3-81883319,S2-126272567,S2-797056254
S1-964959625	S2-817518219,S3-827284810,S3-697176625,S3-609970541,S3-714629985,S2-667160583,S3-644694442,S3-713103702,S3-356975623,S2-801780336,S2-800082778,S2-314018699
S1-324535341	S2-79091032,S3-330536440,S3-271498462,S2-73666459,S3-264448070,S2-765544688,S2-825724119,S3-582654758,S3-206628259,S2-577858484,S2-101542516,S2-554305458
S1-620010152	S2-655963922,S2-690533791,S2-479583104,S2-280406436,S2-365393794,S3-860788726,S2-219188685,S3-774242809,S3-97067516,S2-286864297,S3-814144050,S2-902468278
S1-278936782	S3-87507226,S2-552662403,S2-208598450,S2-888906478,S2-590213672,S2-414806278,S3-170228106,S3-966137877,S3-902572794,S3-164614097,S3-73883699,S3-579827095
S1-122018139	S2-266043015,S3-217730112,S2-744168188,S2-398810638,S3-978909795,S2-108917503,S3-201782661,S3-867476850,S3-932754316,S2-348881141,S3-156003661,S3-564684737
S1-150365666	S3-879951555,S2-431962544,S3-395266362,S2-691332902,S3-627039120,S2-529429204,S2-202585553,S3-670292674,S3-780854188,S3-382922042,S3-192707437,S2-93566511
S1-834364441	S3-541017169,S3-884546836,S3-13581509,S2-711765369,S3-461912668,S3-573875513,S2-634173614,S2-639498727,S2-358628791,S3-347547777,S3-770860237,S3-163113738
S1-646017281	S3-408461172,S2-511401429,S3-415719516,S2-677690130,S3-507015004,S3-543358331,S2-242507184,S2-47620206,S3-334902062,S3-157162386,S3-708383969,S3-164409510
S1-423268484	S2-791883901,S3-334008947,S3-330764985,S2-69267875,S3-146984888,S2-427135933,S3-105928314,S2-859012234,S2-339644164,S2-203632041,S2-827103994,S2-714205404
S1-823382531	S3-900213955,S3-223840749,S3-231421027,S3-518233005,S3-14936839,S3-862810467,S3-579810033,S2-922841164,S3-722682181,S3-344874138,S3-286395534,S2-448680363
S1-606754081	S2-443474831,S3-846332715,S3-488922774,S3-132196782,S2-172273067,S2-7590566,S2-49968980,S2-798678883,S3-902765339,S3-481362130,S3-9560481,S3-715268788
S1-569075241	S3-24550145,S3-845587217,S3-123629502,S2-184041246,S2-58603250,S3-667936492,S3-82487480,S3-895648053,S3-630390743,S2-611649250,S3-629768311,S2-112674842
S1-387025203	S2-841523102,S3-108735165,S3-465554482,S3-743047776,S2-356914769,S3-411767661,S2-887493522,S2-205575636,S2-227797225,S3-476404131,S2-720197425,S3-43637263
S1-733420249	S3-265522376,S3-280962405,S3-453272218,S3-414771375,S2-309598102,S3-864065894,S2-687075586,S2-186300936,S2-228874791,S2-966015118,S3-560482254,S3-407500443
S1-522410040	S3-777776407,S2-951046730,S2-439586968,S3-425957040,S3-627725485,S3-695152959,S3-179229445,S3-303496568,S2-543043722,S3-11281151,S2-629008572,S2-96322811
S1-184077174	S2-383184868,S3-595120597,S3-372941318,S3-27535292,S2-270193984,S3-18016421,S2-689015716,S2-104815148,S2-663851448,S2-341101045,S2-177718131,S3-760199973
S1-699895565	S2-58991285,S3-29462844,S3-373464074,S3-832947773,S3-581509412,S3-733370009,S3-740948801,S3-491961948,S2-982029526,S3-251201834,S3-314125841,S3-414928176
S1-323331156	S3-114410098,S2-226721420,S3-602735984,S3-291881538,S2-65538484,S3-726190994,S2-969811336,S2-851838748,S3-46734446,S3-829480511,S3-415279958,S3-646248402
S1-535345810	S3-250896381,S3-321324638,S2-880320440,S3-120106750,S3-598591578,S3-364182319,S3-650427412,S2-222523304,S2-626478993,S2-909530280,S2-86134991,S2-351154078
S1-834525567	S2-823050918,S2-229834379,S3-640088097,S2-813547521,S3-927967786,S2-332559247,S3-102807295,S2-552230257,S2-530594968,S3-29497758,S2-978262265,S2-616309483
S1-298362412	S2-245381934,S3-900231579,S2-959190899,S3-988574281,S2-299290407,S3-208911768,S3-413989752,S2-103539319,S2-193704720,S3-70801018,S3-23042961,S2-60326144
S1-145229828	S2-273449110,S2-809983797,S3-65742108,S2-633489298,S3-584629,S3-601544411,S3-14452222,S3-960657185,S2-737915113,S2-822450482,S3-459597927,S3-883537086
S1-307567613	S3-644712688,S2-701379839,S2-27531173,S2-481790904,S3-118714667,S3-578836028,S3-833109265,S2-598414904,S3-569797868,S2-809308680,S2-208823722,S3-405687821
S1-360391513	S3-427757469,S3-583055599,S2-697910394,S3-692071438,S3-706476427,S2-384876359,S3-196357388,S2-236533399,S2-524438987,S3-949953896,S2-391804678,S2-482386971
S1-538969745	S2-297818426,S3-137354937,S2-143695115,S3-759992420,S3-309078456,S2-962705543,S3-433994286,S3-646420141,S3-925625933,S3-410714875,S2-504093822,S2-954068098
S1-457520836	S2-843944038,S2-570320804,S3-690787248,S3-124102856,S3-625416600,S3-942138810,S3-886611851,S2-724112461,S2-877763186,S2-433659752,S2-21480180,S2-491450966
S1-972838933	S3-606938390,S2-660118278,S3-629662654,S2-397795815,S3-311471715,S2-136163182,S3-79108640,S3-835903862,S3-842553868,S3-860707369,S3-952299104,S2-407533476
S1-618465663	S2-25656570,S2-141983633,S2-453604183,S2-488445345,S3-558420456,S2-875860990,S3-353682582,S2-382244542,S3-458794808,S2-377757290,S3-994023109,S3-857289097
S1-61656646	S3-53664355,S2-200336056,S2-550708882,S2-15402295,S3-301913755,S2-155644553,S3-515199403,S2-980770698,S2-300700613,S2-441531526,S3-313030800,S3-991032846
S1-9436160	S2-52793225,S3-392530123,S2-477539543,S2-406294803,S3-998538081,S2-556207950,S2-25179500,S2-330336344,S2-7007165,S3-675572563,S2-225270134,S3-858295931
S1-545321896	S2-384952128,S3-988558941,S2-884459234,S3-164215290,S2-861394056,S2-613259577,S2-998514941,S2-989738061,S3-641829465,S3-854969350,S2-343376570,S3-664360453
S1-373253945	S3-138669247,S2-769574940,S3-274045243,S3-642956091,S3-314125841,S3-45473193,S2-406002569,S3-513710656,S2-574217728,S2-691360900,S3-287846052,S3-942104751
S1-901870264	S2-997155792,S2-910364903,S2-892738776,S3-623470954,S2-746387496,S3-912304992,S3-130107690,S2-700178490,S3-204306304,S3-946352173,S3-162029255,S2-101838921
S1-78965932	S2-525769609,S2-253765531,S2-237522117,S2-543958417,S3-694789390,S2-388318330,S3-383752042,S3-977145323,S3-578536023,S2-883459319,S3-857942793,S3-983867742
S1-463776677	S3-311381475,S2-905974886,S2-288267116,S2-671309572,S3-917071478,S3-206772082,S2-463344191,S3-712586299,S2-904693588,S2-223746296,S2-192437885,S3-942685545
S1-986762816	S3-644161360,S2-809488344,S3-577735983,S3-194711304,S2-558449915,S2-657898363,S3-354568457,S3-475146541,S3-430955167,S3-314225772,S3-157897048,S3-556398217
S1-459468808	S2-39134479,S2-268916198,S2-122416738,S2-856814654,S2-551289296,S3-819756618,S3-838314808,S2-203358967,S2-279285159,S3-990640885,S2-653734298,S2-759451234
S1-615363988	S2-34922783,S2-847355531,S3-99815450,S2-41146049,S2-11302498,S2-90544632,S2-133120913,S2-434804309,S3-808065504,S2-940118499,S2-22525163,S3-872500066
S1-992327757	S3-56730723,S3-906727409,S3-207191004,S2-399986773,S2-119962883,S3-842894258,S2-364072654,S3-249734279,S3-527944698,S2-365495883,S3-92006052,S3-370142221
S1-871204465	S3-321900489,S2-975514368,S2-772915689,S2-10540479,S3-392511906,S3-123507236,S2-301194911,S3-626109506,S3-476697696,S3-78430930,S3-902228560,S3-179090526
S1-600909980	S2-215154061,S2-261574554,S3-883782733,S3-114151898,S2-958041515,S3-261497939,S3-9888409,S2-177255110,S2-972226443,S2-934975570,S2-841121146,S2-623363423
S1-985868749	S2-642339279,S3-670542935,S2-696389485,S2-301367776,S3-804772733,S3-555671613,S2-940268959,S2-712572449,S3-967131194,S2-699507265,S2-449319950,S3-888843646
S1-644418417	S2-435110781,S2-381032674,S3-841415294,S3-534853497,S3-76680972,S2-321777552,S3-520591726,S2-20286234,S2-321856819,S3-952343046,S2-827222613,S3-231554031
S1-539994201	S3-676249043,S3-551287121,S3-276697509,S2-51056919,S2-307335422,S2-111926939,S2-491844256,S2-596468390,S3-478768854,S2-889695963,S2-755175775,S2-99544167
S1-171098288	S3-29157747,S3-749537717,S2-363526913,S3-156704767,S3-321525087,S3-133405287,S3-957731252,S3-321590353,S3-447416556,S3-933477154,S3-532768675,S3-786238919
S1-865528756	S2-338764419,S3-537065584,S3-269019737,S3-416559965,S3-436234942,S3-893234406,S3-467834188,S3-462475674,S3-883105840,S3-838089454,S3-368815664,S2-12159604
S1-734373273	S3-309484449,S2-165114401,S3-927452014,S2-260859770,S2-917164165,S3-405297585,S3-325242608,S2-696326436,S3-476697696,S3-78430930,S3-313821476,S3-358895031
S1-707898770	S2-465077582,S2-222401160,S2-780453288,S2-757303339,S3-706040638,S3-828689689,S3-21407731,S3-497134328,S2-806434433,S3-497686996,S3-935007212,S3-791969176
S1-83379425	S3-345582727,S3-968232165,S3-270407490,S2-153066287,S3-473171329,S3-75629681,S2-208700325,S3-23084592,S2-600583603,S3-225269094,S3-479242243,S3-82501842
S1-783498394	S2-59042412,S3-986619380,S3-717303156,S2-289876575,S2-598694618,S2-848871089,S3-918967845,S3-663390137,S2-766185139,S2-46409838,S2-13295553,S3-994836267
S1-906300413	S3-924724479,S2-558099852,S2-148947973,S2-611422313,S3-85316668,S3-476650176,S2-463962596,S2-334618135,S2-926098072,S3-901031135,S2-875656532,S3-405285605
S1-201589786	S3-941023426,S2-498719715,S2-912267372,S2-823423975,S3-128354840,S2-678539840,S2-746117804,S2-573722167,S2-383673483,S3-25185072,S2-232799618,S3-345539884
S1-276942364	S3-27049682,S3-278450541,S2-947804591,S2-529676902,S3-196653322,S3-462450978,S2-725134449,S3-225675458,S2-776879854,S3-195581419,S3-84930212,S2-524218741
S1-570702581	S2-933684850,S3-18309148,S3-20632095,S2-307413908,S3-61459039,S2-669751722,S3-21591627,S2-389799077,S2-513555055,S3-131072345,S2-252505235,S2-634898570
S1-354159326	S3-104809090,S3-928957046,S3-302030556,S3-694751234,S3-122700056,S2-818320567,S2-833467366,S2-251642890,S2-342171844,S3-256976861,S3-865642886,S3-68567247
S1-261029096	S2-269992751,S3-397083010,S2-47605246,S3-223840749,S3-900213955,S2-4156666,S3-330819140,S3-699816522,S2-109787124,S2-767689141,S2-442945477,S3-564720548
S1-229872103	S2-5074863,S3-742380885,S2-87764288,S2-846861057,S2-667791774,S3-440006005,S3-444758189,S3-519832390,S3-924532278,S3-802421780,S2-332839077,S2-101477140
S1-672103505	S2-908757137,S3-108710826,S2-940863920,S2-616623402,S2-18527343,S3-684362979,S3-212021741,S3-783069683,S2-178181950,S2-113561692,S2-210588882,S3-32233081
S1-817548736	S2-758900770,S2-318725180,S3-81250956,S3-475401625,S3-652660737,S3-120967877,S3-189547455,S3-892265455,S3-828383270,S3-272531643,S2-531752415,S3-329084521
S1-361599216	S3-736838401,S3-27022976,S2-902494262,S3-33545718,S2-401523848,S3-129378870,S3-477284323,S3-804213718,S3-281529438,S3-425315505,S3-413976411,S2-582526075
S1-549471501	S3-774426125,S3-394861510,S2-477707291,S2-609167341,S2-420365818,S2-761669406,S2-763185072,S2-471015713,S3-581797046,S3-136422350,S3-310084079,S3-178324047
S1-18602285	S3-668294824,S2-560248805,S2-271193460,S3-487662703,S3-90027541,S2-832391848,S3-592825922,S3-340934063,S2-655349629,S2-111742969,S2-281034140,S2-266257176
S1-358105252	S3-248600078,S3-542509955,S2-952476815,S2-125603729,S2-14438916,S2-586980827,S3-754272409,S2-14854593,S3-31637104,S3-357988775,S3-49022363,S3-303434999
S1-731721138	S3-869123557,S3-739905947,S2-335498934,S3-267485921,S3-755745394,S2-701271922,S2-946216627,S3-728644475,S2-154488075,S2-239184544,S2-660403209,S2-159375449
S1-236185281	S2-791048504,S2-139554860,S2-487564743,S2-498450771,S3-25589177,S2-560648295,S3-270917987,S3-309488364,S3-40374039,S3-887392964,S2-657570140,S2-959292997
S1-592730731	S3-499078401,S3-869352865,S3-827860755,S2-763515328,S2-916526804,S3-770315905,S3-47164265,S3-669675554,S3-242090033,S2-574650338,S3-44814952,S3-674595191
S1-9710670	S3-485149110,S2-165227999,S3-272016456,S3-79169363,S3-90993330,S3-401929566,S3-391086263,S2-661699197,S2-295062704,S3-520898175,S3-682380263,S3-264035416
S1-76088178	S2-890190817,S2-585644379,S2-66330214,S3-694433866,S3-801790859,S3-896829051,S3-232223454,S3-483231166,S3-949263206,S3-438138646,S3-563794937,S3-503441922
S1-594764079	S3-156465470,S2-944026799,S2-300304536,S2-179659989,S3-192691311,S2-429691184,S2-764605233,S2-872614225,S3-108307406,S3-183179655,S2-665581190,S3-874821817
S1-292999318	S3-878914482,S3-18998480,S3-35938545,S2-132486627,S3-989334247,S3-596171939,S2-399943430,S3-884251577,S3-262893953,S2-421095557,S3-361559322,S3-361630942
S1-139372519	S3-397220590,S3-902741549,S2-706385117,S2-922967635,S3-255919494,S3-649271945,S3-809025284,S3-101993915,S3-263452290,S3-620019054,S2-635919104,S2-279686786
S1-680362689	S3-265115193,S3-781387640,S3-754403649,S3-987591748,S3-337933932,S2-795872120,S3-150729261,S2-678799554,S2-419834252,S2-630726155,S2-316787115,S2-331886334
S1-858030780	S3-463294510,S2-5526122,S3-23202364,S2-754894376,S2-614539145,S2-846679946,S3-340295881,S3-883550682,S2-953834670,S3-358719135,S2-135538413,S3-349415772
S1-806577663	S3-809028941,S3-60097091,S3-951054989,S3-474488697,S2-731899602,S3-468140737,S2-616539705,S2-923246367,S2-361614595,S2-520732836,S3-375107804,S2-698976405
S1-980838135	S3-138194486,S3-64951940,S3-496830951,S2-254711057,S3-3394727,S3-790112558,S2-908893681,S2-957389611,S3-46262913,S3-893772085,S2-475214511,S3-27338947
S1-344013091	S2-963761540,S2-802246205,S2-850609905,S3-472809076,S2-93392953,S2-989151640,S2-455217698,S3-9146571,S2-724215871,S2-326775092,S2-80094375,S2-245709856
S1-801846444	S2-993973556,S3-430333678,S3-83125055,S3-932933295,S3-324643327,S2-617505493,S2-507758578,S2-472859082,S3-437886527,S3-57482,S2-378665090,S2-378880526
S1-184984458	S3-956225183,S3-907517573,S3-685622034,S2-165374877,S3-156748861,S3-651238842,S2-399950093,S2-348367506,S2-671528978,S2-624632989,S3-979716715,S3-559791172
S1-400298705	S3-449694728,S3-979467764,S2-101107900,S2-288024875,S2-784875252,S3-26745008,S2-617277861,S3-410879908,S2-832841058,S2-879179901,S2-282310403,S2-171356269
S1-50243752	S2-968075822,S3-98296762,S2-852898988,S3-197376910,S3-178295247,S2-143481150,S3-290141999,S2-862317826,S2-712039151,S3-214448312,S2-854878263,S2-826457426
S1-871677113	S3-222476730,S2-279209434,S3-759162115,S2-207079577,S2-9323988,S3-419950960,S3-142193994,S2-897000884,S2-746519591,S2-838612530,S3-268873929,S2-245003519
S1-598698415	S3-376456486,S3-576866747,S3-657437712,S3-464956037,S3-647268149,S3-247581406,S2-615001395,S2-645790709,S2-654945418,S3-437670808,S3-9197944,S3-646569779
S1-321942839	S2-311156113,S2-633414553,S3-305766553,S2-293929687,S2-24166685,S3-136526804,S2-547195177,S3-947089829,S3-498559322,S3-731033904,S3-500360768,S2-496252276
S1-90460152	S2-682331969,S3-24522702,S2-186959597,S2-396027106,S2-858770352,S3-993074718,S2-116515051,S2-659455932,S3-911581177,S3-621591184,S3-399908304,S3-689660161
S1-917024362	S3-707245357,S2-81873457,S2-345095474,S3-766191527,S2-141282079,S2-818513682,S2-116983338,S3-640268521,S3-147386467,S2-944245117,S3-601309214,S3-206642385
S1-728956560	S3-245078048,S2-702506332,S3-961212732,S2-765437711,S2-635259086,S2-39172659,S3-575853478,S2-495510829,S3-718468263,S3-302441899,S2-299299651,S3-856390655
S1-607166149	S2-726853650,S2-664689223,S3-40805692,S3-431063471,S2-917469249,S3-268040918,S3-544642050,S2-811503473,S3-558506120,S2-962772851,S3-788384270,S2-647712863
S1-345526341	S3-591408248,S3-940100467,S2-760850220,S2-500052541,S2-413460342,S2-264895478,S3-20446587,S3-104328591,S3-391376183,S3-52877452,S3-800750533,S3-948069897
S1-616169476	S2-617072557,S2-894999566,S3-85827187,S3-163301852,S2-592074089,S2-748144654,S2-160796737,S3-12836452,S2-945142487,S2-948304935,S3-99363574,S2-185067380
S1-460668187	S3-920152151,S2-153574412,S3-695713794,S2-735945531,S3-586762301,S3-705591606,S2-945391891,S3-160557300,S3-90924572,S3-603577643,S3-969216957,S2-984911045
S1-767245156	S3-344546365,S3-161536027,S2-294212938,S2-70424740,S2-462818200,S2-343119690,S3-706837893,S3-952399138,S3-413637725,S3-320032267,S3-981678586,S3-585099659
S1-72834693	S3-542422917,S3-501962281,S2-440831747,S2-422251997,S3-338622292,S2-50027753,S3-550595604,S2-136722036,S2-516203205,S3-996113957,S2-317478162,S2-849411333
S1-957815349	S2-729432095,S2-986403311,S2-694562937,S2-343466684,S3-977120547,S3-584027866,S3-567127701,S3-283765668,S3-990284504,S2-495836933,S3-583773927,S3-929643177
S1-738605979	S3-62463112,S3-783549361,S2-125665033,S2-824355186,S2-699666493,S2-972745854,S3-66200853,S3-184734530,S2-115987638,S3-945476413,S3-369739097,S3-468269020
S1-105975825	S3-406538475,S2-421256571,S2-961987009,S2-324617095,S3-856919645,S2-99442690,S3-304805340,S3-987995566,S2-452261010,S2-995260443,S2-280712323,S2-305127170
S1-610417761	S2-463744293,S3-927032694,S3-967175057,S2-200068475,S3-228768733,S2-988490419,S3-212333252,S2-285505378,S3-193652340,S3-580126630,S3-514776918,S3-956139428
S1-894099948	S3-610595484,S3-47508426,S2-155546364,S2-244272910,S2-395662718,S3-605656055,S3-914794733,S2-307313316,S2-810450943,S3-829885746,S3-274824967,S2-697141396
S1-332179110	S3-875210903,S3-652646400,S3-307751051,S3-656930432,S2-632653106,S3-848432676,S3-336304594,S3-709843908,S2-772476665,S2-994101789,S3-528710760,S2-980811020
S1-503983890	S2-748001786,S2-596162755,S2-309307657,S3-754588963,S3-788291476,S2-537777397,S3-669615040,S2-655899476,S2-544710784,S3-651798447,S2-32430519,S3-789307476
S1-290950404	S2-302781702,S2-431680099,S2-543162507,S3-843507253,S3-602345097,S2-354455860,S2-709352964,S3-485929164,S2-762931334,S3-399434707,S2-791994345,S2-67323479
S1-747127174	S3-123253332,S3-324290479,S2-494985889,S2-277196055,S2-665052863,S2-182914677,S3-972072964,S3-740079660,S3-181637043,S3-330084939,S3-276119580,S3-858055036
S1-261504277	S2-595815132,S3-280114564,S2-440102864,S3-385435968,S2-944540917,S2-867996651,S2-195366678,S3-430799788,S3-562062196,S3-845452182,S2-647081850,S2-908064554
S1-606632043	S2-408018987,S3-502646491,S2-92702812,S2-555907506,S3-526385109,S2-165376687,S3-877770695,S3-919735169,S2-727546126,S2-199304755,S3-99403097,S3-327872989
S1-731120400	S3-4482895,S2-172618073,S2-852618143,S2-892268315,S3-331281570,S2-220264539,S2-143399968,S2-273562857,S3-597250720,S2-193704720,S3-413156128,S3-776452770
S1-428075120	S2-563798298,S2-116470877,S2-197195695,S3-342976678,S3-228199901,S3-659804704,S2-210644251,S2-714521144,S3-397973301,S3-831153218,S3-248117204,S3-131072272
S1-324498270	S2-973097571,S3-725506075,S3-289787827,S2-775830572,S3-668190321,S2-593091820,S3-156001450,S2-148821532,S2-919397450,S2-301739994,S2-707413249,S2-270325428
S1-352399946	S3-911750544,S2-532596679,S2-795538288,S2-464968021,S2-299902197,S2-16429366,S3-185948296,S3-832688128,S3-462433157,S3-764879330,S3-616704721,S2-3978458
S1-33604489	S3-519846659,S2-163764760,S3-30923141,S3-511586386,S2-203441248,S3-845979878,S3-263478871,S2-562406575,S3-577716112,S2-718543017,S3-340586780,S2-546780087
S1-152365295	S2-731597506,S3-760205276,S3-955064017,S2-352065161,S2-565461252,S2-661202982,S2-980841047,S3-776552740,S3-750385347,S2-348404128,S3-99917900,S2-857262252
S1-381368347	S3-638256840,S2-567856099,S2-767103321,S2-828300941,S2-439303039,S2-480580041,S3-98495064,S2-391013313,S3-439934285,S3-928146796,S3-279096653,S3-803898164
S1-543112947	S2-465067790,S2-256851794,S3-147253146,S3-306967417,S3-457470871,S2-937925542,S2-564762796,S2-381442525,S3-598985548,S2-768306108,S2-975520069,S2-83561006
S1-893755394	S2-888898916,S3-122519950,S3-776640113,S3-164524756,S3-644953171,S3-848447618,S3-669053901,S2-356077697,S3-297983272,S3-639644861,S2-738823814,S2-840584024
S1-647815909	S3-814190818,S3-763600268,S2-195374402,S3-619472094,S2-95718910,S2-982557188,S3-952503885,S3-870362308,S3-676796032,S3-136641189,S3-30038436,S2-109972307
S1-904611805	S2-831318641,S2-456803285,S3-380629778,S3-695646735,S3-672728225,S2-27304694,S2-406504643,S3-566483359,S3-280276180,S2-332145527,S3-911478668,S2-904600088
S1-753162385	S3-44382424,S2-649932122,S3-787016925,S3-99553447,S3-641618523,S2-437977517,S2-41165161,S3-508365995,S2-515842880,S3-973307356,S2-321346172,S2-800829989
S1-629135150	S3-14415061,S2-757243098,S2-260950253,S3-213868405,S2-735698903,S2-933820602,S2-944538038,S3-15708450,S3-261309757,S3-702399584,S2-107951129,S3-57405498
S1-654486422	S3-310500977,S3-267917144,S2-118546310,S3-621704729,S2-143399968,S3-128795678,S3-597250720,S2-193704720,S3-338832582,S3-53979786,S3-868587327,S3-776452770
S1-73870849	S3-508789526,S2-425240574,S3-141169201,S2-926382426,S3-849042061,S3-34488061,S2-913721077,S2-174738869,S3-692915917,S3-544799538,S3-817349778,S2-704101909
S1-360389411	S3-953669544,S3-557228267,S3-73820496,S2-97336673,S2-373044392,S2-523197382,S2-269331976,S2-612716637,S3-381862262,S2-88878410,S2-753201193,S3-533814521
S1-997054700	S2-780718547,S2-451806780,S2-572931367,S3-188772147,S3-756234126,S2-869840499,S2-273481658,S2-986450801,S3-408312549,S3-450806728,S3-781292829,S3-488854963
S1-411913157	S3-658474949,S2-610378307,S3-790316350,S2-215408682,S3-598703064,S2-423243830,S3-352119996,S3-154538161,S3-924324229,S3-808523781,S3-26333789,S3-860708392
S1-844343235	S3-323642239,S3-119679588,S3-498334565,S3-313760860,S2-522459216,S3-652120046,S3-721610708,S3-887728757,S3-87165128,S3-945395662,S3-444758189,S2-242428017
S1-370228771	S2-299860569,S2-159861498,S2-473788458,S2-956491772,S2-28875139,S3-344222166,S2-878679717,S2-631205049,S3-922078593,S2-591495645,S2-370517076,S3-403732154
S1-31396737	S2-161835898,S2-866703373,S3-364585405,S2-829138489,S2-123993496,S3-913735175,S3-542186720,S3-209395916,S2-177305947,S3-360468322,S3-850262871,S2-467924384
S1-641743540	S3-192038145,S3-990876013,S2-761638665,S3-479236387,S2-947000003,S2-774737704,S3-997337944,S3-940049531,S3-257819891,S2-267680830,S3-744081581,S2-698820269
S1-663566990	S3-449543360,S2-158323213,S3-861363620,S3-295420477,S2-678963790,S2-711628004,S3-502059123,S3-59890025,S2-509888919,S2-274319486,S2-192907172,S3-892507437
S1-254542316	S3-28359278,S2-330885698,S3-172209136,S2-919818298,S3-955891032,S3-540606935,S3-280885574,S2-379921825,S2-947330922,S2-61178598,S2-681198827,S2-453771007
S1-104767232	S3-760242664,S2-78370090,S3-642084781,S3-323417544,S3-757278397,S2-154773562,S3-571655215,S3-848901628,S2-161409671,S2-171381351,S3-147954933,S2-520990088
S1-737240408	S2-154074070,S2-320406938,S2-299297409,S3-462333239,S3-789309394,S3-789921782,S3-26260124,S3-198439645,S2-553661511,S3-253376139,S3-204435914,S3-878161953
S1-688199693	S3-194147303,S3-663265928,S2-617431807,S3-273967329,S2-10399889,S3-365861553,S2-303658200,S3-714472329,S3-986396026,S3-852287929,S3-939634897,S2-755575422
S1-252195050	S3-125427401,S2-462220154,S3-660677824,S2-834748243,S3-689643061,S2-772132673,S2-731908299,S2-927882437,S2-781178123,S3-476661664,S2-133377871,S3-685016436
S1-643026199	S3-220985285,S2-694318216,S3-103962395,S3-355641770,S2-503813897,S3-213233645,S3-52084774,S3-493828421,S3-738158660,S3-247425259,S3-692710838,S3-334900229
S1-876061583	S3-472600611,S2-711429167,S3-835903862,S3-842553868,S3-55746889,S3-952299104,S2-736276272,S3-860707369,S2-820185238,S3-632712477,S2-219707956,S3-676119623
S1-241547898	S3-241890837,S3-188576630,S2-579812712,S3-381840117,S3-799586325,S2-638080914,S2-977596106,S2-141849695,S3-28474217,S2-102640475,S3-921530136,S2-460589459
S1-935415775	S2-13967969,S3-302693509,S3-471432884,S3-201120195,S3-581987930,S3-489085319,S2-957859043,S3-687968688,S3-66883551,S2-261504918,S2-902453233,S3-385310799
S1-103295692	S3-142247088,S2-573124792,S2-356566482,S2-779844621,S3-647355463,S2-18658345,S2-146010954,S3-140585055,S3-737716975,S2-886445247,S3-623215925,S3-166624158
S1-285272643	S3-574804948,S2-179409343,S2-385474178,S3-323921297,S3-767211613,S2-519710093,S2-59354010,S2-717229135,S3-827543964,S3-233476543,S3-923679746,S3-784956515
S1-958711840	S2-720648880,S3-848465473,S2-361855195,S2-597405835,S2-891807091,S3-170952104,S3-586929450,S3-93933257,S3-350083623,S3-164511885,S3-689344265,S3-460221620
S1-782112135	S2-600384774,S2-686408920,S2-56429291,S3-77973272,S3-362266397,S3-765258203,S3-561262017,S3-137164389,S3-946381779,S2-353045228,S3-358370628,S3-53380733
S1-936631391	S3-434878082,S2-620021141,S3-865511843,S3-887340252,S2-216612486,S3-240978655,S3-136015453,S2-649379142,S3-92166187,S3-46965493,S2-995188973,S2-806861462
S1-63379836	S2-282097056,S3-178182617,S3-377958453,S3-75629681,S3-473171329,S2-926101899,S3-225269094,S3-82501842,S3-479242243,S3-459322913,S3-886603406,S3-114035091
S1-794561761	S3-50466165,S3-620591203,S3-808621810,S3-248014433,S3-804987761,S3-522628259,S3-331277785,S3-138809050,S3-268611297,S3-204021511,S3-965253027,S3-681100879
S1-330558948	S3-536901460,S2-962670011,S3-744754502,S2-800045419,S3-295732722,S3-790627175,S2-366224139,S3-822713351,S3-480148530,S3-18396964,S3-442183342,S3-827989063
S1-224371638	S3-187271291,S3-969834626,S2-285415221,S3-607952474,S3-171416133,S3-969731006,S2-268890366,S3-232636385,S3-835196251,S2-32011726,S2-682081362,S2-375258545
S1-156481503	S2-113513319,S2-153723729,S3-411871915,S3-308351951,S2-105238044,S2-740625992,S3-836069652,S3-935975486,S3-768333729,S3-833938055,S3-665757252,S3-709456249
S1-634485775	S2-267418731,S2-177415405,S3-196359228,S3-711216531,S2-732267425,S3-752638344,S2-703186865,S2-804032033,S3-775656656,S2-560659454,S3-646675907,S2-139608279
S1-830248765	S3-144475463,S3-982139714,S3-373700851,S3-344686946,S3-859185630,S2-107541651,S2-611180661,S3-725295177,S2-57466426,S2-536017961,S3-856916587,S3-550567638
S1-512116789	S2-947566712,S2-636425108,S3-351045993,S2-738981469,S2-252616778,S3-52467156,S2-178378303,S2-463333050,S2-161923369,S3-945835211,S3-25208226,S3-487348099
S1-150486795	S2-611885125,S3-720931075,S3-378671890,S2-675634121,S2-600737494,S3-454802767,S3-104046802,S3-706340194,S2-173129689,S3-738782686,S3-73677698,S3-349720058
S1-235658619	S2-821958577,S3-272959365,S2-208548321,S3-923197980,S3-559853611,S3-724336909,S2-349400725,S3-438679432,S3-686724643,S3-33946707,S3-417329129,S3-421611148
S1-243317267	S3-944290813,S2-578222796,S3-670998686,S2-145912290,S3-824580245,S3-205142246,S3-806866488,S2-552001757,S3-909801789,S3-138299718,S3-863375333,S3-963615654
S1-906440938	S3-75939762,S3-240955016,S2-876998365,S3-125502210,S2-165521795,S2-101049985,S2-401808599,S3-553449798,S3-926501926,S3-518277489,S3-798562591,S2-389212836
S1-569175291	S3-395227440,S3-37586428,S2-353249862,S3-963553409,S3-62559745,S2-595171569,S3-814633749,S3-911552414,S3-601203141,S3-315406388,S3-728173605,S3-517946201
S1-725815126	S2-713406983,S3-616447572,S3-292320472,S2-721738506,S3-231319936,S3-411482986,S3-396035624,S2-59861022,S3-124195507,S3-979495181,S3-33466249,S3-949983776
S1-830156452	S2-524065292,S2-985619202,S3-215960399,S3-239665092,S2-694255817,S2-521171736,S3-584561034,S3-149144148,S3-794610558,S3-251842832,S2-557274652,S2-864745147
S1-852048742	S3-906873854,S2-104197737,S3-213399634,S2-440813731,S3-714210770,S3-78423306,S3-813397949,S2-505684773,S2-877263362,S3-298874496,S3-871857884,S2-798156618
S1-14679085	S2-213432042,S3-156570813,S2-174092619,S3-466526234,S3-347734800,S2-829671788,S3-27597590,S2-818043954,S3-509762241,S3-387190651,S3-265877417,S2-204099898
S1-536988629	S2-751623861,S2-250968543,S3-896559826,S3-287071360,S3-950582870,S2-220664210,S3-372890909,S2-581494969,S3-833234140,S2-400295273,S3-507404465,S3-212963626
S1-247228116	S3-212627730,S3-821338841,S2-723069634,S2-14085993,S2-221007477,S3-836342115,S3-488968233,S3-903917966,S3-829814204,S3-351776643,S3-983919838,S2-827528692
S1-237497188	S3-650436149,S3-912463651,S3-535971810,S3-638011274,S2-265886715,S2-368407459,S2-631855151,S2-372318734,S3-405965252,S3-17941132,S2-747731340,S2-68167684
S1-808227752	S3-169077515,S3-755386040,S3-770616759,S2-934222597,S3-72571664,S3-974694386,S3-791399739,S2-398089158,S2-341455337,S3-825784677,S3-228981690,S3-433998217
S1-304646283	S3-828689689,S2-248181232,S3-691739896,S3-596209920,S3-370761195,S2-446064984,S2-932211034,S2-108764578,S3-730422351,S2-432755261,S2-806434433,S3-361133602
S1-584868770	S3-20757242,S2-149314240,S3-160796701,S3-684822352,S3-574288888,S3-886446333,S3-798451133,S3-726135273,S2-469274896,S3-857867332,S3-933358164,S2-482915713
S1-639093227	S2-682717498,S3-222699152,S3-335983066,S2-949936771,S2-455827592,S3-745568941,S2-674980854,S3-194631509,S3-628945090,S3-591908375,S3-372830683,S3-529342587
S1-754720042	S3-575709960,S3-9214638,S2-121446992,S3-433033913,S2-307712402,S2-742750651,S2-258781750,S2-850554953,S2-166704033,S2-436866112,S3-375124035,S3-368958847
S1-21237982	S2-848136207,S2-249827644,S3-198392106,S3-646860274,S3-992528350,S3-823335565,S3-412200275,S2-430616080,S3-236948123,S2-866878380,S2-863250733,S2-30351897
S1-911587206	S2-607144922,S3-639950067,S2-623590789,S2-187154453,S2-142714270,S2-818771865,S2-879454897,S3-157215713,S2-716360705,S3-853876977,S2-151689150,S2-712772587
S1-91413486	S2-615247909,S2-724245280,S3-12306005,S3-984579793,S2-160089585,S3-836068282,S3-166165694,S3-896315795,S3-775682714,S2-521432357,S3-35550467,S3-215919529
S1-252481833	S3-348874211,S3-309567359,S2-642024348,S2-946135961,S2-340316446,S2-349245969,S2-907461892,S3-504981206,S3-97592228,S2-96679654,S3-344427589,S3-701751
S1-108644217	S3-706017122,S3-696295096,S3-866383999,S3-191743557,S2-129701181,S2-44286145,S3-994211823,S3-611265805,S3-208542455,S2-10166718,S3-130938269,S2-780321877
S1-672969733	S3-456474253,S3-951183823,S2-963818373,S2-986916028,S3-442381279,S3-599481754,S2-817393136,S2-255181610,S2-19648944,S3-168847564,S2-75333996,S3-454802767
S1-224954566	S3-126084769,S2-825308330,S3-615313129,S2-668787497,S3-622376052,S3-429725537,S3-448060427,S3-919573898,S3-582556864,S2-927146267,S3-350065855,S3-542442808
S1-648145738	S3-899244963,S2-736957946,S3-373747336,S2-14411989,S3-521179535,S3-792982252,S2-989618733,S3-919925619,S2-208659097,S2-609269991,S2-397312211,S2-634447844
S1-661292108	S3-603332356,S2-955269038,S2-425572415,S2-789583868,S2-409661411,S3-917644692,S2-204275923,S2-686742802,S2-727473451,S2-841214,S2-169787912,S2-890170186
S1-446005547	S3-507837741,S3-433612316,S2-643075424,S2-313164299,S3-295107019,S2-307734561,S2-115600715,S2-307854294,S3-988629171,S3-966340712,S2-650337198,S3-438307774
S1-503788700	S3-720518471,S3-9115595,S2-562475125,S2-126603673,S3-336800831,S3-172832889,S2-226827427,S3-989151266,S3-650646189,S3-126326022,S3-773709194,S3-209118903
S1-922315905	S2-223354961,S3-52876723,S2-793180897,S3-123155899,S2-421062857,S3-686390422,S2-609720212,S3-575749659,S2-486492184,S3-677500292,S2-347587639,S3-202751801
S1-60552004	S3-425080338,S3-67311706,S2-348604621,S2-471339093,S3-632397487,S2-219342149,S3-83570519,S3-741693172,S3-579060780,S3-335441939,S2-387214260,S3-313854832
S1-629861538	S3-362996326,S2-686072594,S2-813548629,S3-595529464,S3-755587195,S2-834902920,S3-977129671,S2-751793150,S3-303339349,S2-208769689,S3-69704685,S3-114632508
S1-248290307	S2-898522985,S3-250303114,S3-790350218,S3-949643507,S2-178379387,S2-943643612,S2-744367158,S2-978204355,S3-74525730,S3-236675596,S3-497229692,S3-348501536
S1-398700586	S3-733045774,S3-305468180,S2-725660224,S3-284051743,S2-250634514,S3-885771571,S2-795030560,S3-114110455,S2-955145188,S3-746567199,S3-447126534,S2-768487764
S1-527612742	S2-29354120,S3-923239134,S2-510887716,S2-461416985,S3-42580211,S3-941739889,S2-662629758,S2-340460122,S2-814904907,S2-837702357,S3-630399690,S3-46148443
S1-387007925	S2-745181062,S2-634453292,S2-136083256,S2-669326522,S3-747293244,S3-278462205,S3-817156655,S3-978262156,S3-822814324,S2-559534758,S2-162383880,S3-573748135
S1-75191209	S3-248815302,S2-679320791,S2-820492419,S2-567385786,S3-306331630,S2-39355981,S2-92856366,S2-481353075,S2-697180986,S3-751532504,S2-845038507,S3-861743109
S1-706685411	S3-302698411,S3-548674660,S3-490642580,S2-551841846,S2-86609928,S2-890001854,S3-42291717,S2-137449382,S2-860961346,S2-493735309,S3-385794465,S2-844651474
S1-727874334	S2-486723432,S3-273978790,S3-372273442,S3-393438586,S2-744168188,S3-777868894,S2-167465860,S3-865004509,S2-252379980,S2-633510309,S2-925347162,S3-605613995
S1-292081721	S2-438220015,S2-260472485,S2-723365345,S2-980009286,S2-309759972,S2-306140052,S3-263655826,S3-23265006,S3-771031812,S3-368213220,S3-826077512,S3-549617585
S1-131816947	S2-219957582,S3-320590225,S2-918087669,S2-713590209,S2-518727730,S3-597489312,S2-689805418,S3-224797502,S2-894342596,S3-123351645,S3-271349077,S2-617113391
S1-521615251	S2-744323310,S3-992224394,S2-648126271,S3-355714954,S3-114587359,S3-496649622,S2-72456057,S2-430175951,S3-709677600,S2-468566031,S3-51092620,S2-595415235
S1-955654853	S2-418650948,S2-636599947,S2-615543906,S2-45668039,S2-148945034,S2-324196482,S2-259118554,S3-256167466,S3-66488364,S2-24895383,S2-718104363,S3-591152654
S1-733230953	S3-67892571,S3-697589372,S3-373498247,S3-127161251,S3-638439167,S3-854297724,S3-624426837,S3-726496515,S3-202555594,S3-536042910,S3-354988109,S2-203922677
S1-688555353	S3-290707880,S2-819407568,S2-820428038,S3-138128980,S3-551422076,S3-357907669,S3-620591203,S2-397395624,S3-622466069,S3-567801945,S3-762774633,S3-556856614
S1-42665313	S2-366092575,S2-115807023,S2-329962639,S2-958225473,S3-524082504,S2-193159313,S3-318407282,S2-256990149,S3-547771087,S2-637786112,S3-985725995,S3-849904655
S1-563149240	S3-974003527,S2-467626831,S3-143264625,S2-712512602,S2-40883993,S3-71360553,S2-635521651,S2-260995298,S2-610374483,S3-766908017,S3-439200822,S3-85824936
S1-600280570	S3-118146386,S2-524296559,S3-169343517,S3-51882237,S3-151434689,S3-936006963,S3-994046067,S3-785962800,S2-395342409,S2-52050207,S2-66104490,S3-16053268
S1-414638369	S2-378721506,S3-234545859,S2-164490641,S2-575122763,S2-791976508,S3-285890225,S2-445358414,S2-211375380,S3-651441138,S3-297192156,S3-7285193,S3-183800331
S1-976610203	S3-736311229,S2-640655627,S3-819981660,S3-632635633,S2-83576907,S3-502519225,S2-477646956,S3-906142015,S3-712566175,S3-914534862,S2-850070758,S2-726599852
S1-686540917	S2-313797631,S2-80057265,S2-247039652,S3-13401503,S3-456120253,S3-622195119,S3-499610883,S3-681047680,S2-48947987,S2-911709988,S2-988236439,S3-840563949
S1-77057709	S3-339791984,S2-428840614,S3-76052698,S2-98071241,S3-686974805,S2-616140499,S2-964822752,S2-569059686,S2-20294491,S3-814719587,S2-466874166,S3-617882093
S1-752708586	S2-751519979,S3-359181240,S2-289348402,S3-360161731,S3-593741011,S2-325202785,S3-723561339,S3-924043877,S2-973154618,S2-528350201,S3-389854463,S2-726462372
S1-583834139	S2-293438744,S3-973488144,S3-682240584,S2-622125158,S3-894233461,S2-278677821,S3-306290010,S2-576571240,S3-296017447,S2-76336966,S2-993218157,S3-918268080
S1-487924033	S2-542773217,S3-270269238,S3-885544611,S3-771520104,S3-371940136,S3-783509287,S2-552085027,S2-366576008,S3-888877793,S3-30020904,S3-139718608,S2-586867620
S1-165104436	S3-758644388,S2-91406560,S2-321541953,S2-404327990,S3-64068723,S3-10406885,S3-405387849,S3-785075459,S3-115150636,S2-63347145,S2-257067014,S3-512040473
S1-225796865	S2-127115440,S2-635802268,S3-586294198,S3-982477799,S3-274002525,S3-719479189,S3-605106507,S3-814794631,S2-726004975,S2-477604061,S2-379327919,S3-406056059
S1-801053745	S2-753994813,S2-878871175,S3-834768632,S2-767185127,S3-697418013,S2-974326217,S2-209947372,S2-951269919,S3-496765209,S2-858852599,S3-782194615,S2-923182215
S1-241040514	S3-427296983,S2-67105187,S2-477522406,S2-837572525,S2-845921551,S3-630915285,S2-733075863,S3-925974307,S3-876468592,S2-149090258,S3-973360912,S2-204434348
S1-620502712	S2-508292428,S2-431490210,S2-699922207,S3-917881504,S3-215391333,S2-115485263,S3-707984161,S2-183731022,S2-77985100,S3-896315795,S2-826649126,S2-993204707
S1-697371108	S3-559507569,S2-795992840,S3-229903853,S3-795358090,S2-131875042,S3-864974777,S3-239803953,S3-300900878,S3-259502988,S3-246730656,S3-326884898,S2-854916659
S1-297220011	S3-728354617,S2-804536408,S3-578799271,S2-587526757,S2-28958116,S3-421605557,S3-150289152,S3-979835915,S3-475715792,S3-735166238,S3-853654501,S3-50528973
S1-172127346	S3-396036126,S2-745642507,S2-283223974,S2-200290398,S3-675677809,S3-594839357,S2-797512047,S2-145792008,S2-224954934,S2-709905155,S3-212160302,S2-622173168
S1-462255345	S3-493265747,S3-496011742,S3-775691997,S2-312797855,S3-452396743,S2-20095155,S3-952340088,S3-349383232,S3-155853939,S2-363792244,S3-924271678,S2-357203910
S1-436294840	S3-817060818,S3-696434530,S2-457260443,S3-92340925,S3-80252548,S3-740810093,S3-763432039,S3-289702666,S3-588122210,S3-159609832,S3-180049753,S3-415478925
S1-497620088	S3-269382367,S3-314309329,S2-482269956,S3-325108359,S2-507234120,S2-970007511,S3-990005376,S2-451599475,S3-807745497,S3-791580053,S3-769877511,S3-351128276
S1-895742586	S2-583756386,S3-60016859,S2-305686851,S2-215954495,S3-622174789,S2-64518457,S3-117808032,S2-726459510,S2-133203711,S3-598894901,S3-866773654,S3-729825582
S1-746752622	S2-904109931,S2-56757614,S3-533324005,S2-231180615,S2-940354019,S3-705672916,S3-44562908,S2-561331172,S2-577239116,S2-905181345,S3-980609577,S3-532419166
S1-262614015	S3-767883399,S2-501396422,S3-645007827,S2-785824811,S2-816529758,S2-797055261,S2-597265599,S2-23150554,S2-189141321,S3-204529556,S3-451212737,S3-365267694
S1-490124385	S2-808365187,S2-968443503,S3-380598414,S3-496616634,S2-701350061,S2-448460697,S3-33128948,S3-223686548,S2-163570666,S3-72884368,S2-918751970,S3-432120218
S1-10981175	S2-870632952,S2-404035531,S3-868746363,S3-315381183,S2-469697514,S2-302541329,S3-112357914,S3-65079300,S3-165176825,S3-604123951,S3-301640218,S2-65929570
S1-402605415	S3-101989714,S2-317044891,S2-90548587,S2-646302202,S3-420258686,S2-605845692,S2-104812488,S3-324353389,S3-509756996,S3-668208137,S2-153762729,S2-297325174
S1-82945427	S3-526974560,S2-544793531,S3-432636695,S3-414563375,S2-704759669,S3-71106611,S2-855840896,S2-24599848,S3-98285468,S2-750983804,S3-678253710,S2-950690484
S1-586306176	S2-281127445,S3-93032828,S3-35372749,S2-895605246,S2-461863031,S2-981371686,S3-616568209,S2-475962263,S3-441629859,S2-406813468,S2-773122558,S3-543151896
S1-756550594	S3-433484535,S3-252795868,S3-750588128,S3-207458468,S3-145651433,S2-3069451,S3-323306977,S3-864908827,S2-924875168,S3-447169711,S3-56464641,S2-735234625
S1-811788748	S2-7563951,S3-366069167,S3-736185245,S3-358845256,S3-376859537,S3-67827140,S3-310967010,S3-474017427,S3-948194136,S3-622075889,S2-346644683,S2-851005838
S1-218695538	S3-183367030,S3-840397951,S2-775567709,S2-54320757,S2-415886584,S2-155396896,S2-692589333,S2-286913485,S3-658611589,S3-209412127,S3-620416556,S3-689428971
S1-517949344	S3-153355841,S3-488025891,S3-789960856,S2-162639402,S2-226750516,S3-761894528,S2-864006361,S2-921296793,S2-759939596,S3-151197124,S2-986370277,S3-997828633
S1-948075425	S3-47238361,S3-174635546,S3-542939873,S3-604524020,S2-102149217,S3-597711648,S2-937698469,S3-393027115,S2-830912423,S2-590165927,S3-944088014,S3-910592207
S1-879389329	S3-861690302,S3-861068211,S3-733138525,S2-804860636,S2-607058407,S3-311210715,S3-389832534,S3-848130780,S3-964732655,S2-10245299,S3-919831597,S2-949834135
S1-470647256	S3-767839945,S2-897126760,S2-546725445,S2-218369997,S2-615033312,S2-326487724,S3-935034414,S2-735856586,S2-970702845,S2-642315568,S3-495481356,S2-525567218
S1-644561190	S3-549520150,S3-716502440,S3-350392459,S3-191446610,S2-357862570,S2-959801938,S3-781827843,S3-247254380,S3-600946824,S2-668332866,S3-769149897,S2-947919341
S1-365987062	S2-613276570,S2-778315481,S2-571212678,S2-75065655,S3-728837336,S2-832991833,S3-454823500,S2-14677876,S2-16032916,S3-542759343,S3-969598728,S3-280430698
S1-873747778	S3-369863815,S2-833384233,S3-209358115,S2-334364208,S2-277419705,S2-115180080,S3-120966731,S3-821769038,S3-934719701,S2-272760079,S2-66911727,S2-215345637
S1-490710521	S3-587685110,S2-619149875,S2-310449126,S2-795235036,S2-440008463,S3-183189561,S3-619065536,S3-130812926,S2-341753423,S3-967889959,S3-24744706,S3-823199888
S1-283559796	S3-818921250,S3-149390113,S3-955858174,S3-14072642,S2-974575943,S2-190375803,S2-664649834,S3-102844634,S2-324353213,S3-501811900,S2-217062279,S3-652701306
S1-595979657	S2-759844720,S2-859946931,S3-501946126,S3-621698593,S2-796932035,S3-331906561,S2-121990449,S2-140932882,S2-325782271,S3-430000094,S2-437245266,S3-169285774
S1-287636395	S3-442479504,S3-251647929,S2-108550605,S2-608921576,S3-158193480,S2-530080254,S3-862459660,S2-300504745,S3-809141046,S2-256009356,S3-972128302,S3-336986507
S1-552052093	S2-275980368,S2-88754844,S2-491807838,S3-664579649,S3-411146098,S2-404299875,S3-226771652,S3-372832428,S2-754677113,S3-991560337,S2-267657179,S2-441026663
S1-44825451	S3-540673759,S2-41155952,S3-490686534,S2-501765879,S2-856073573,S2-270371555,S2-478904795,S3-584495729,S2-836799898,S3-409262760,S3-564181961,S3-364038211
S1-387647858	S3-594063276,S2-823307685,S2-577480761,S3-147101382,S3-863062553,S3-341441145,S2-329200190,S3-299523207,S3-143598831,S3-822843650,S2-59561526,S2-90718833
S1-773318881	S2-324424142,S2-334188093,S3-433364289,S3-443906981,S3-793034463,S3-692487492,S3-671735429,S3-518808074,S3-302980947,S2-88589780,S2-908607378,S3-502527978
S1-33017980	S2-906747692,S2-45822116,S3-518859062,S2-386836727,S2-258576388,S3-814291031,S2-429819331,S3-414158655,S3-727056399,S2-962502676,S3-994741806,S2-631847827
S1-13725965	S3-909528304,S3-112609760,S2-523907649,S2-59882510,S2-96843443,S3-195754609,S2-577297167,S3-61939704,S3-840986829,S2-15827572,S3-299015225,S3-474400141
S1-109641889	S2-999779269,S2-752658967,S2-355556384,S3-120083089,S2-426012601,S3-331222248,S2-159686477,S2-332890610,S3-497752996,S2-955264328,S2-801148383,S2-27228977
S1-333348301	S3-139788528,S3-804198598,S2-298768225,S3-475176571,S3-240250500,S3-757899683,S2-601634357,S3-260496833,S2-976629811,S2-606798404,S3-54377889,S3-563447896
S1-596389295	S2-600405584,S3-484894381,S2-835829267,S2-85381827,S2-970442148,S2-560120046,S3-361972707,S3-746846835,S3-143357034,S2-651315758,S2-212089522,S3-548049895
S1-194343073	S3-680945471,S2-989640067,S3-233013483,S2-361091664,S3-563327392,S2-602872012,S2-651705496,S3-131276995,S2-769166521,S2-490113985,S2-474974936,S3-845217556
S1-336152543	S2-833341158,S3-858718940,S3-216011014,S3-767391205,S3-16375655,S2-988726463,S2-630601790,S2-909923077,S3-569177024,S2-292408539,S2-440243519,S2-647215911
S1-755026238	S3-674460203,S3-555629187,S3-803735942,S3-875134566,S3-855481721,S3-777464876,S3-240201827,S2-803509039,S3-703101559,S3-556802484,S3-836092848,S3-367858075
S1-921472883	S2-193631717,S3-352829469,S2-329848480,S2-93462236,S3-961631121,S2-152961340,S2-6957114,S2-227135709,S2-114897850,S3-612891429,S3-610517895,S3-49815284
S1-628563780	S3-145293340,S2-477101787,S3-588718313,S3-607852613,S3-476332808,S3-230353046,S2-114832150,S3-887456576,S2-630629995,S3-942354507,S2-499127034,S2-497421562
S1-528612247	S2-63039624,S3-122429065,S2-818449511,S3-616009655,S2-271479986,S3-254774464,S3-383602775,S3-715076,S2-794908742,S3-245846279,S2-587810710,S2-616870344
S1-325608211	S3-873343678,S2-537682723,S2-223276182,S2-645512491,S3-158940287,S2-612596368,S2-985868866,S2-289340701,S3-68806163,S3-154580367,S3-415872388,S3-197732322
S1-46623715	S3-543319658,S3-884169353,S3-337976698,S2-898385238,S2-173142815,S2-7129834,S2-923803528,S2-96171452,S2-325506481,S2-825775100,S3-285382833,S2-506396504
S1-350918063	S3-830328683,S3-298150068,S2-279105943,S3-111795220,S3-377155776,S2-147200336,S3-735907284,S3-332347544,S2-390318689,S2-918913816,S3-748703098,S3-213520598
S1-493253612	S2-22613913,S3-873309191,S2-155073882,S3-572995242,S3-384156135,S3-497237080,S3-123941288,S2-881163855,S3-913011558,S2-589641496,S2-765372757,S2-682925572
S1-998460575	S3-899317390,S2-85017772,S3-248396519,S2-776909127,S2-268382857,S3-412051725,S3-696789948,S2-449399341,S3-82842863,S2-24279237,S3-173288966,S3-740512220
S1-626640921	S3-713964683,S3-174799345,S3-175407543,S3-68340037,S3-527312406,S2-621850827,S3-266357044,S3-372680537,S2-723565624,S2-125287419,S3-680650019,S3-221760469
S1-603264258	S2-992826760,S3-236229000,S3-110492074,S3-339939603,S3-173909664,S2-73676032,S3-490235932,S3-659878674,S2-382446401,S2-674489163,S3-178390755,S2-54090029
S1-829166142	S2-434004522,S3-55531174,S2-117667932,S2-559316751,S2-376707754,S3-116517149,S2-359568695,S3-131536930,S2-346227756,S2-40619377,S3-326595943,S2-794475897
S1-536020925	S3-198725002,S2-424624468,S3-13355236,S2-680410467,S2-829494697,S3-627661673,S3-28277983,S3-142415503,S2-301527959,S2-700011665,S2-693902322,S2-243457268
S1-263474173	S2-701703790,S3-839474642,S2-682034477,S3-768307839,S2-317527281,S2-475475701,S2-682901019,S2-111632544,S3-213045522,S3-925057086,S3-728126122,S3-844572968
S1-474172740	S2-118782110,S3-146409962,S2-925670000,S2-840251078,S2-224889388,S2-906376293,S2-170237650,S2-620405654,S3-958108651,S3-754010511,S3-305614366,S3-341973796
S1-363602843	S2-990718055,S3-475228830,S3-902963454,S2-12839547,S3-650195989,S3-210427291,S2-70667132,S3-317519482,S2-859448681,S3-74137368,S3-830093237,S2-841267661
S1-662374899	S3-321107217,S3-353590893,S3-824047628,S2-867710197,S2-374097472,S2-588854798,S2-961987009,S2-452261010,S2-596208156,S3-485550369,S2-360629079,S3-332083303
S1-947868950	S3-94764525,S2-872809510,S2-257402411,S2-802531187,S3-226459713,S2-75218663,S3-297918160,S2-379497383,S2-244609259,S3-170341795,S3-268979363,S3-74714164
S1-199060579	S3-746221353,S2-663417543,S2-821004540,S3-265871001,S3-819297018,S3-644206148,S3-413174814,S3-652292989,S3-430561815,S3-108253298,S3-418138374,S3-388432017
S1-915527840	S3-447267461,S2-900350328,S2-884986025,S2-911115944,S3-498334565,S3-313760860,S3-644729639,S3-740340656,S3-652120046,S3-654805450,S2-544773900,S3-96344415
S1-168549051	S3-21519205,S3-789515434,S3-85769081,S3-925743345,S3-839440144,S2-885225254,S3-539836448,S2-193704720,S3-133035621,S3-103502341,S3-31046882,S3-990409788
S1-861100110	S3-411312807,S3-256909290,S3-632945672,S3-999131033,S3-412311904,S3-694379377,S3-240154269,S3-620416556,S3-546969836,S3-248877823,S3-743200026,S3-483434205
S1-377846202	S2-143009446,S3-131350664,S3-906994557,S3-411364939,S2-379735135,S2-324574897,S2-942223402,S3-98127137,S3-307281050,S2-233390189,S2-442350953,S2-194338857
S1-125952499	S3-290526658,S2-420514806,S2-762131972,S2-783093238,S3-221876870,S3-417451778,S3-403558954,S3-243602292,S3-517626951,S3-238790900,S3-182714813,S3-361311545
S1-227222686	S2-59571506,S3-452925541,S3-493424623,S2-165182195,S3-844270467,S2-496795158,S2-383073596,S3-528031143,S2-565843688,S3-999131548,S2-381668426,S3-712806821
S1-985309692	S2-303852859,S3-652441898,S3-391148897,S3-492161978,S2-19555948,S2-265586047,S3-426211686,S2-900894082,S2-678213282,S2-992399149,S2-478093466,S2-352296726
S1-564116899	S2-286235934,S3-343859134,S2-248718848,S2-80849653,S2-658082394,S3-746163471,S3-557396380,S2-340148702,S2-361733506,S3-324906549,S3-228322205,S3-659987365
S1-916575962	S3-948074527,S3-852345794,S2-623640691,S3-268611297,S3-891912507,S3-792186623,S3-605146617,S3-527977749,S3-626556207,S3-929796431,S2-525761630,S2-866236887
S1-600561344	S2-631235560,S2-948687385,S2-353803091,S3-15327949,S3-127788425,S3-204021511,S3-938648566,S3-169063644,S3-620591203,S3-974005258,S3-388648729,S3-656384138
S1-239475266	S3-609532051,S2-762672398,S3-132637628,S3-600835018,S2-192820237,S2-390773761,S3-207119346,S2-764266703,S2-820417403,S2-325495427,S3-906101711,S2-699423337
S1-48747549	S2-67818957,S2-86577883,S3-430292528,S3-194631837,S3-597225934,S2-218694838,S3-989406823,S3-150028120,S3-886940576,S3-874792458,S3-29927177,S3-242173540
S1-928345305	S3-271843343,S2-203039880,S2-200585600,S3-264504316,S3-344242103,S3-599239483,S3-821476003,S3-239097867,S3-990734607,S2-528100537,S2-810652569,S2-143117277
S1-204464643	S3-881229340,S3-802043510,S2-435781495,S3-267509120,S3-214668661,S2-679237546,S3-25614457,S2-284453650,S2-208838705,S2-157555625,S3-680292490,S2-708204104
S1-647789499	S3-442089279,S2-813867956,S3-452717398,S2-118519139,S3-780963826,S3-390843519,S2-609236775,S3-835957712,S3-754853826,S2-676512281,S3-921470462,S2-137001637
S1-561742839	S2-473866304,S3-149875385,S3-721413247,S2-205870258,S2-368787612,S3-61799551,S2-398717517,S3-648882014,S2-169991571,S3-237167752,S3-390213922,S3-308359696
S1-918052091	S2-103716937,S2-678787001,S2-119306158,S3-682735924,S3-266357044,S2-632837215,S3-540058481,S3-996153358,S2-997125466,S3-521796462,S2-433225393,S3-90192342
S1-276158488	S3-57506920,S3-687675334,S2-492926339,S3-345118797,S2-944245117,S3-147386467,S3-314301581,S3-463596113,S2-979947355,S2-965664878,S3-102305605,S3-344488295
S1-240218187	S3-367528198,S2-432218898,S2-701992217,S2-278006087,S3-565160911,S2-925789966,S2-372854093,S2-639814528,S3-317523704,S2-781041281,S3-188805051,S3-879003920
S1-444941176	S3-513395273,S2-292782089,S3-847731973,S3-247307645,S2-317377514,S3-712064684,S3-269156667,S3-808547803,S3-309222784,S2-233890316,S3-681409421,S3-38741604
S1-690237392	S2-355747732,S3-999546009,S2-336956351,S3-265670227,S2-662370171,S3-876455439,S3-171600287,S3-483763513,S2-700307817,S2-693791233,S2-506471203,S3-96392238
S1-337510150	S2-993835182,S2-892702885,S2-869156183,S2-782240058,S3-509584843,S2-597773528,S2-551819890,S2-428251830,S3-911673965,S3-394986866,S2-417871780,S3-6914652
S1-147450568	S2-445099501,S3-288550148,S3-141569121,S2-267048510,S2-203401348,S3-849833834,S3-443085880,S3-732486833,S3-972253814,S2-198672551,S3-862155476,S3-352957285
S1-191634263	S2-775591222,S3-139410066,S2-421141926,S3-612102158,S3-824764447,S2-81028162,S2-986708707,S3-319409253,S2-679936781,S2-912564408,S3-794610558,S2-442419830
S1-744052941	S3-978089488,S2-93874580,S3-97410383,S3-397330872,S2-28163126,S3-159394679,S3-660952475,S3-395361892,S3-385823711,S2-364266095,S3-843904268,S3-457102306
S1-679809740	S3-750825482,S3-107253908,S2-686016062,S3-972057713,S3-315073938,S2-490807882,S3-940852138,S2-260097575,S2-528528957,S2-869010337,S3-38986766,S2-328722639
S1-526867784	S3-486268251,S3-758350888,S3-488578755,S2-932183351,S3-948538173,S3-832383200,S2-522082887,S2-739022379,S2-952720002,S2-841341974,S2-804684982,S2-838174447
S1-877495214	S3-432764146,S3-484608455,S2-890823435,S3-464820572,S2-382307778,S3-368395176,S3-695299102,S3-891090444,S2-895247484,S2-375051967,S2-561452823,S3-675396444
S1-529172004	S2-215441163,S2-603372170,S3-887253257,S3-642288198,S2-438271469,S2-916233678,S2-631212626,S3-992557448,S2-206486598,S3-802497686,S3-641953187,S3-679668897
S1-678508415	S2-595523642,S2-334648548,S2-518892231,S2-493879023,S2-609269991,S3-360738809,S2-940046330,S3-641610169,S3-373747336,S3-450493052,S3-772398360,S2-580301064
S1-698689512	S3-612869185,S3-950623410,S2-415909037,S3-921124321,S2-488417776,S3-640235289,S2-445673951,S3-671872759,S3-273228772,S2-768924271,S3-439616799,S3-600380915
S1-339792863	S2-626786793,S3-59945776,S2-18069777,S2-483349226,S2-223216235,S2-967137974,S2-201293622,S3-75425520,S3-139914017,S3-720574772,S3-130677338,S2-807659457
S1-954388560	S3-293754973,S3-692902234,S2-728413501,S2-304532155,S2-997823730,S3-446002260,S3-983689388,S3-70853215,S2-824290264,S2-251373964,S3-647180686,S3-672770988
S1-675998552	S2-713088943,S3-585415418,S3-638551167,S2-590416340,S3-858098012,S2-481752322,S2-930402156,S3-844211036,S3-793746109,S2-58851532,S3-50816681,S3-453033649
S1-264304236	S2-204175604,S2-408829933,S3-883169012,S2-597622367,S2-523519098,S2-882983166,S3-787295611,S3-817153714,S2-35740861,S3-934030386,S3-382063792,S2-407885219
S1-802451476	S2-447005730,S2-525167364,S3-682322762,S3-494222603,S3-170334969,S3-439515983,S3-192473142,S2-167310626,S3-39136882,S2-907891602,S3-99655205,S3-635921400
S1-941347586	S3-669279663,S2-589369831,S2-146981646,S3-923594234,S3-626210302,S3-453719198,S2-21728593,S3-994385955,S2-384476066,S2-985783737,S3-256297340,S2-490990638
S1-899882894	S2-46451257,S3-419827930,S3-656531577,S3-57800555,S3-767868551,S3-595535996,S2-807515134,S2-544074555,S2-532686567,S3-964716023,S3-300610969,S3-99321982
S1-673153647	S2-46784989,S2-414526026,S3-176230037,S2-553499080,S3-876453080,S3-527276375,S2-807016001,S2-719576880,S3-373787321,S3-311251935,S2-474906215,S3-870660398
S1-712510857	S2-700682926,S2-405429266,S3-822911839,S3-219100728,S3-661879892,S3-222630268,S3-220285202,S2-88221290,S3-402785730,S3-74491596,S2-733535861,S3-922390667
S1-58920105	S3-631851498,S2-786991737,S3-550579062,S3-314335778,S2-270511440,S2-38082224,S3-179456669,S3-563211515,S2-565410478,S3-681047680,S3-622195119,S3-962706775
S1-101740731	S2-172382643,S2-174151957,S3-708025854,S3-846436232,S2-681813623,S2-961213874,S2-557910651,S2-70019194,S3-879947291,S3-854524469,S2-937205831,S2-499818529
S1-380513982	S3-778056465,S3-146737063,S2-319654114,S2-476356546,S3-89304410,S3-334957385,S3-321647202,S2-384437289,S2-181035684,S2-875105930,S2-189461352,S3-891546233
S1-233846577	S2-917095355,S2-37617463,S3-150139813,S2-12301222,S2-620509100,S2-219840580,S2-164066028,S2-408515763,S3-95917231,S3-604074796,S2-249092162,S3-37018426
S1-274063051	S3-514480091,S2-190167543,S3-142842996,S3-229230716,S2-135795179,S3-307728121,S2-135357897,S3-225936982,S2-975870475,S3-212005143,S2-100572646,S2-338730815
S1-849369234	S3-963882351,S2-682331225,S2-990982921,S2-959085336,S3-999974057,S3-363319978,S2-562907372,S2-774485961,S3-723858690,S3-978989804,S3-231164696,S3-3031518
S1-602287969	S2-681813623,S3-108458799,S3-18866964,S3-18230594,S2-324088545,S3-860098969,S2-440242876,S3-475464341,S2-173272097,S2-134555546,S2-337609458,S3-155940462
S1-296341423	S2-226649075,S3-345423101,S3-215384429,S3-414895694,S2-530076351,S3-89344666,S3-12564639,S3-919350820,S2-430445226,S3-357475885,S3-348818455,S3-549388277
S1-448804054	S3-446087133,S2-558090170,S2-326127791,S3-712916909,S3-743373774,S3-190505109,S2-350965318,S3-991730947,S3-369267147,S3-356516712,S3-965718527,S3-162821571
S1-324095800	S3-722717035,S3-926954172,S3-699070139,S2-450158494,S3-150427570,S3-183611315,S3-866516317,S3-611767458,S2-380362996,S2-343298814,S2-492094252,S2-881062899
S1-54009750	S2-260521283,S2-137468091,S3-232451242,S2-211261651,S3-163431624,S2-609504332,S3-734538583,S3-88610955,S3-877984535,S3-686291735,S3-982354606,S2-518504351
S1-35384274	S2-800981335,S2-430742114,S3-331281570,S2-538993053,S2-774171824,S2-193704720,S3-839440144,S3-133035621,S3-103502341,S2-610895502,S3-114446495,S2-961587021
S1-212231406	S3-234738580,S2-578750317,S2-253857221,S2-725548568,S3-406710050,S2-68060247,S2-360852105,S2-182369146,S3-142918550,S2-28128785,S3-450035054,S2-899037030
S1-28666330	S3-898984479,S3-493296944,S3-920686647,S3-138701456,S3-516684569,S2-777617397,S3-76982709,S2-103554352,S3-651992977,S3-399175160,S3-352894108,S3-518570809
S1-566366140	S3-752567799,S2-39932866,S3-674545482,S3-925251380,S3-675484136,S3-691010334,S2-133731703,S2-702369534,S2-216661444,S3-713504286,S2-420426955,S2-13446933
S1-771368017	S3-3532782,S3-427133967,S3-6899704,S2-259771583,S2-713451446,S3-603988306,S2-728690713,S2-7900229,S3-693011649,S2-518880531,S2-245472381,S3-802138092
S1-822332610	S2-172265510,S3-287135710,S2-337454545,S3-796024349,S2-858366734,S2-121060807,S3-766822002,S3-883836451,S2-967189927,S3-998362496,S2-857056665,S3-269156667
S1-876532311	S2-392387109,S3-231313720,S3-438515866,S3-79695331,S2-57989995,S2-259234882,S2-208203629,S2-383401568,S3-685224249,S3-210788880,S3-684674112,S3-706399945
S1-188567558	S3-979039903,S3-140542637,S2-717132488,S3-994152542,S3-461403624,S3-488986013,S3-507660900,S3-425372292,S3-758964701,S3-822156536,S2-967364480,S3-903893838
S1-810916940	S2-658420463,S3-808561407,S3-947675514,S3-684022668,S3-884238171,S2-395195536,S3-166015234,S3-140211124,S3-449720596,S3-960550956,S3-425952242,S2-389444870
S1-103166552	S3-440291884,S2-834492435,S3-979233923,S3-668707196,S3-879515984,S2-561785708,S2-716262253,S2-227139916,S2-693417879,S3-228454212,S2-196179056,S3-32585383
S1-170859973	S3-181171504,S2-902036638,S3-690349631,S3-413473634,S3-990225084,S3-419626405,S3-155747761,S3-898386725,S3-758149575,S3-672180583,S2-672332302,S3-494170980
S1-457103886	S2-531655989,S2-33879359,S2-479011425,S2-536572062,S3-860498345,S2-973844610,S2-368805897,S3-214458970,S3-338972327,S3-623550544,S3-385310799,S3-858441018
S1-373371820	S3-580970953,S2-373451381,S3-186830373,S3-400520678,S3-293729765,S3-985995843,S3-578854097,S3-349296502,S3-261938473,S3-891496670,S3-209009216,S2-732680220
S1-967787797	S2-90956818,S3-100631333,S2-205688076,S3-504288758,S3-825247182,S3-526142833,S3-324996220,S3-715356259,S3-108282680,S2-375190530,S2-638461530,S2-155000538
S1-562917545	S2-813704655,S2-952366181,S3-193612350,S3-779698025,S3-737703391,S2-59534160,S3-763806466,S3-985356983,S2-995191809,S2-755443275,S2-409973225,S2-358444038
S1-341468873	S3-350700022,S2-153073307,S3-166084099,S3-929669804,S3-218276797,S3-388650878,S3-317627261,S3-337197489,S3-993943372,S2-633373264,S2-381161590,S2-147794891
S1-94292397	S2-633014343,S3-485190014,S3-989834315,S2-275600130,S3-202667338,S2-939648562,S3-242989012,S3-830120172,S2-74870073,S3-866520981,S2-4117219,S2-170634867
S1-5941610	S3-242439711,S3-274809517,S2-913744130,S2-195670067,S3-569533450,S3-720607859,S2-524304771,S3-494987857,S3-670221906,S3-527487630,S3-900014573,S3-2573786
S1-22566246	S2-783432362,S3-922753681,S2-458207971,S3-741491307,S2-779544769,S2-559927831,S3-58396908,S3-604147654,S2-872588642,S3-22136056,S3-732486833,S3-437854459
S1-497369489	S3-692907175,S3-937407642,S3-706165624,S2-685322654,S2-10301212,S2-264856464,S3-563618668,S3-202382249,S3-878564100,S2-688324040,S2-744288695,S2-702771095
S1-420375567	S2-805157145,S3-329804036,S3-674010984,S3-782227968,S2-892785475,S2-360491657,S3-122909798,S2-466745975,S2-96745240,S3-623264772,S2-668066095,S2-91842172
S1-502674167	S3-294773665,S3-976333763,S3-709387913,S3-552995555,S3-992666471,S2-863281562,S3-534659548,S2-90566264,S3-381547149,S2-823475279,S2-314073052,S2-624520511
S1-821375423	S3-253376139,S3-204435914,S2-394143140,S3-941535118,S2-421514121,S3-789309394,S3-789921782,S3-198439645,S3-26260124,S2-553661511,S2-154074070,S2-320406938
S1-953251791	S3-127304525,S3-409550080,S2-795054716,S2-283020257,S3-279267678,S2-54943980,S3-313760860,S3-498334565,S2-104539460,S3-652120046,S2-971084160,S3-902718429
S1-392673447	S2-23018905,S3-101761106,S3-128923704,S2-362758761,S2-761678663,S3-907647552,S2-992697850,S3-397512573,S3-728645414,S2-148201575,S3-609287419,S3-208890505
S1-754010939	S2-783026268,S2-949117776,S3-861259247,S3-24123956,S3-926610768,S3-170384916,S3-133226269,S3-158906466,S3-306641517,S3-964140007,S3-297047622,S3-825759275
S1-823803332	S3-405499556,S3-530912607,S2-236617840,S3-4737109,S3-686825114,S2-98148446,S2-975147214,S3-238054891,S2-759806996,S3-833260179,S3-284558081,S2-206586309
S1-519660405	S3-578321607,S2-709593433,S2-230072597,S2-721427309,S2-140463797,S2-645759078,S3-608518456,S3-238252417,S3-675464393,S3-959714119,S3-194471240,S3-646214305
S1-324370531	S2-535621542,S3-981003350,S3-232784769,S2-794495103,S3-352612033,S2-849657426,S2-116597724,S2-776816252,S2-534438280,S2-633386440,S2-441822617,S2-882325883
S1-567550420	S2-485140871,S2-464358235,S3-751474150,S2-730115883,S2-761871600,S2-715504100,S2-655206659,S3-974161470,S3-667119938,S2-329700118,S3-382769669,S2-39989231
S1-366566283	S2-381164237,S3-136065180,S2-779778526,S3-909222772,S2-850322464,S2-346959161,S3-26540859,S2-889998130,S2-892782343,S3-282506080,S2-21329662,S2-141601402
S1-366568350	S2-206202111,S2-961656492,S3-935797260,S2-789895714,S3-460947123,S3-169136281,S3-421816258,S3-74039393,S3-492326718,S3-810873194,S3-864793790,S3-207116310
S1-206291632	S3-511578145,S3-466136492,S3-940981656,S3-439817504,S2-784342784,S2-12604083,S3-316124493,S3-584079809,S3-76233284,S2-94627601,S2-999683986,S3-507823424
S1-916785800	S3-507146467,S3-640636579,S2-317756324,S2-285763836,S2-529930537,S3-621085989,S3-732678807,S3-778847179,S2-292022641,S3-454923098,S3-23684656,S3-738062779
S1-297826923	S2-46475613,S2-87920070,S3-693453175,S2-366779101,S3-944961482,S2-389772892,S2-661606024,S3-345752318,S3-162389124,S3-202739977,S2-781209433,S2-988654876
S1-70117435	S3-624349027,S2-70009131,S3-734059365,S2-991333487,S2-913968515,S3-963704052,S2-654394828,S2-5498176,S2-77667516,S2-11621453,S3-915800754,S2-470149585
S1-998398396	S2-818679439,S3-217353590,S2-83766011,S2-634872038,S2-899023412,S3-218624576,S2-886451117,S3-760626835,S3-539575966,S3-195929716,S2-620696260,S3-181678743
S1-881072058	S2-539431539,S2-386597913,S3-591854066,S2-836885814,S3-39601962,S2-758319081,S2-118962973,S3-627051351,S2-826373047,S2-480096670,S2-81739502,S3-15944557
S1-737543910	S3-75667501,S3-18831706,S3-47084830,S2-853494789,S2-60744578,S2-387831292,S3-207002903,S2-207724329,S2-122193144,S2-262239353,S2-513409326,S2-541704295
S1-236537476	S2-760225692,S2-385674132,S3-610822916,S2-740134211,S3-290279471,S3-725366685,S2-254710607,S3-282957671,S2-385554166,S3-117972967,S3-512851472,S2-757771874
S1-194352096	S2-520266820,S3-305816919,S2-603022704,S3-579507059,S2-885657305,S3-784461656,S3-552605632,S3-602646309,S3-189985957,S2-968290726,S2-427919858,S3-366202764
S1-251336895	S2-765681333,S2-668591246,S3-948037151,S3-925705316,S2-122490289,S3-354253594,S3-575961186,S2-763133623,S2-228147062,S3-357666258,S3-749782491,S2-949372658
S1-966384008	S3-262135678,S3-781589887,S3-463624434,S2-587175773,S3-413782070,S3-478265918,S2-875659733,S2-230629216,S3-941835252,S2-245882463,S3-904653638,S3-657523803
S1-946141508	S2-590617700,S2-192752576,S3-198846188,S2-368250018,S3-160213379,S3-396526790,S3-795737113,S2-240531687,S3-268167228,S3-635047593,S3-26771949,S3-997703177
S1-296102744	S3-630892516,S2-783840890,S2-625263119,S3-751892125,S2-46137006,S2-597347174,S3-674649163,S2-104947097,S3-131777047,S3-308163082,S3-467727313,S3-55552985
S1-744444429	S2-845050220,S2-106095851,S3-493860317,S2-540166795,S3-951133450,S2-260982493,S2-878308494,S3-320560992,S3-848532591,S2-251736155,S2-812044693,S3-318747576
S1-95547571	S3-381563905,S3-470031993,S3-979972094,S3-597361564,S3-382460708,S2-869661840,S2-455618026,S3-231319936,S3-406497615,S3-481762892,S3-824363957,S3-668899121
S1-235849615	S2-330660434,S3-137080741,S2-728126805,S3-563488704,S2-309598708,S2-777163471,S3-430037435,S3-32631002,S3-589492540,S3-382757138,S3-310975691,S3-144168793
S1-752039138	S2-540139970,S3-924588068,S3-445257653,S3-776181766,S2-695484387,S3-977579909,S2-709976226,S2-717762618,S3-597108353,S2-809299020,S3-622228389,S2-342550116
S1-50206704	S3-951206398,S3-247588389,S2-30394377,S2-620694988,S3-248781089,S3-341685446,S3-707490255,S3-265758651,S3-200364785,S3-516780252,S3-667141634,S2-414360330
S1-512173527	S2-595451238,S3-408079085,S2-463960434,S2-582363901,S3-478088772,S3-102434605,S2-588116107,S3-866251753,S3-138559576,S3-287940082,S3-997237698,S2-892477441
S1-665099659	S3-284340361,S2-398989411,S2-999816169,S2-848879898,S2-994498646,S3-352116584,S3-799940332,S3-794650837,S3-472330084,S3-248014433,S2-321470931,S3-263434581
S1-988241951	S2-616327311,S2-883066017,S3-957978915,S2-738139874,S2-481645107,S3-609611184,S3-93766396,S2-469715638,S2-751235228,S2-681786740,S2-102281299,S2-941630173
S1-682136106	S2-160646190,S3-822821135,S2-529390221,S3-676481665,S3-440226277,S3-665340030,S3-729825582,S3-733903990,S3-126277402,S2-439971438,S3-239803953,S3-586556419
S1-73091612	S2-125026720,S3-333536011,S3-127447546,S2-330677956,S2-195682852,S2-685120723,S2-38201378,S2-298028381,S3-934513048,S3-946831776,S3-220645078,S2-729416411
S1-791524462	S3-987443694,S2-882598490,S2-715785709,S2-867217271,S2-221621725,S3-7607390,S2-937794505,S3-70600391,S2-519913687,S3-826056128,S3-184609622,S3-248877823
S1-791679666	S3-68289829,S2-135083365,S3-858408374,S3-139062987,S3-673201111,S3-602536146,S2-707898731,S2-149959426,S2-581296545,S3-972262550,S3-141502035,S3-592394414
S1-843921839	S3-407220576,S3-720766153,S2-237361466,S3-851553147,S2-659990937,S2-411047868,S2-301723095,S2-560671952,S3-755204801,S3-48987402,S3-331609327,S3-985511875
S1-852890634	S2-528864306,S2-38130826,S3-582310539,S2-394271291,S3-223140910,S3-226393567,S2-951575031,S2-805989810,S2-161987823,S2-899144478,S3-137372329,S2-223756351
S1-746885449	S2-974812745,S3-842483559,S3-473312774,S3-853851802,S3-437424962,S2-969517531,S2-551862071,S3-4440947,S3-771426982,S3-665716975,S3-587869748,S3-336496791
S1-121871847	S2-15642395,S2-778235434,S3-583277453,S3-482599460,S2-801556882,S3-408287596,S3-773488065,S3-458696114,S3-686952250,S2-394090153,S2-290965196,S3-154441348
S1-699987255	S2-461108661,S3-48313467,S3-343366138,S3-467439934,S3-917985155,S3-36045498,S3-331250708,S3-112409562,S2-707993608,S3-487844036,S2-574456971,S3-919750959
S1-420200038	S2-186317062,S3-875708816,S3-771503016,S3-716524687,S3-458976250,S3-108936727,S2-683426407,S3-988858375,S3-946042902,S3-644086766,S3-327961542,S3-248177098
S1-775496488	S2-960648693,S3-808431770,S3-721988780,S2-61675814,S3-586662255,S2-645361993,S3-721094736,S2-715612947,S2-664036635,S2-241859249,S2-544961570,S3-99843350
S1-770322523	S3-303857981,S3-158136773,S3-226385613,S3-242819685,S2-399652756,S2-980730160,S2-922083366,S2-634900464,S3-848994868,S2-978549076,S2-997889633,S3-621713051
S1-298717636	S2-475885495,S2-235455406,S2-521087211,S2-312356421,S3-677599136,S2-507738520,S3-510965154,S3-363990134,S3-444970746,S2-58213036,S3-322841285,S3-743871531
S1-810339465	S3-525792567,S3-478049579,S2-679150957,S2-122434382,S3-488026051,S3-736119925,S3-315558143,S2-60976791,S2-713182740,S2-899770434,S2-327555909,S2-387395945
S1-46515805	S3-404511937,S2-775486173,S3-68420537,S3-108113253,S3-4147166,S3-163506449,S2-127374320,S2-947459984,S3-920694083,S2-129894373,S3-850569205,S2-307752397
S1-678994081	S3-16594446,S3-939152261,S3-166475919,S2-834446943,S2-354783972,S3-770561350,S3-503858711,S2-291464427,S2-998269132,S2-32480730,S2-175537935,S2-262790128
S1-192179066	S2-815925803,S3-107343721,S3-202582323,S2-104254184,S2-822580117,S2-861972520,S3-765093570,S3-530054246,S2-261260733,S3-260996013,S2-50518516,S2-504256804
S1-304161945	S3-137423414,S3-916411244,S3-234369272,S3-695057290,S3-76680972,S2-128341906,S3-534853497,S2-20286234,S2-321777552,S3-520591726,S2-321856819,S2-220386352
S1-464304619	S3-136722307,S2-705219993,S2-904355011,S2-969360999,S3-205054559,S2-549493378,S2-837077274,S2-423876475,S2-324598424,S3-70838359,S3-304989503,S2-926946232
S1-220323729	S2-999444728,S3-238830332,S2-296889455,S3-596490123,S2-851542950,S2-232040212,S2-591287718,S2-688515896,S2-953834670,S3-146634071,S2-475274353,S2-762232964
S1-155008716	S3-429951374,S2-395281737,S2-68343037,S2-581669008,S3-454755846,S2-547053636,S2-221393881,S3-780924439,S3-79739995,S3-166768480,S2-983612352,S3-370119065
S1-739737336	S3-252955970,S2-473782865,S3-833271577,S2-368357909,S2-45212619,S2-987976037,S2-579875494,S3-79530246,S3-123075314,S3-698465135,S3-371079839,S3-267547438
S1-948904670	S2-136023624,S2-114471902,S2-874943469,S2-406971866,S3-787972192,S3-53462726,S3-893557899,S3-261509810,S3-146063941,S3-867246358,S3-372700306,S2-390844807
S1-653509301	S2-703133769,S3-492260907,S3-445382450,S2-273559464,S2-698437246,S3-157130011,S3-899088723,S3-691585885,S3-484508011,S2-501262642,S3-559116320,S2-961987009
S1-618708781	S2-962906023,S3-304036108,S3-896633548,S3-496674470,S3-420876918,S2-720150729,S2-938065576,S2-793408104,S3-256206881,S2-182698307,S3-855983548,S3-64562263
S1-996440673	S3-672414452,S2-713140906,S3-772441983,S3-453507610,S2-602368619,S2-853828808,S2-141455352,S2-495295882,S3-84254427,S3-93294312,S3-565948698,S3-934496543
S1-998608754	S2-585304719,S3-884430037,S3-771879503,S3-310970796,S3-77729299,S2-166132872,S3-306883131,S2-566408930,S3-791858011,S3-248645795,S3-539316190,S3-519993186
S1-160523670	S3-898182163,S3-313381568,S2-84231164,S3-877116344,S3-568625785,S2-635022252,S2-141849695,S3-28474217,S2-460589459,S3-443352262,S2-102640475,S3-921530136
S1-403620074	S2-683554764,S3-800489027,S2-23727711,S2-132219482,S2-5605465,S2-548386655,S3-99561580,S3-887100711,S2-734145138,S2-320773884,S3-777029595,S3-104627526
S1-642418104	S2-431147094,S2-865696810,S3-2170522,S2-488229385,S3-623501294,S2-322061714,S3-27081177,S3-129519012,S3-810950187,S2-456450258,S3-399344088,S3-949118634
S1-25787022	S3-781021994,S3-155803908,S3-24892696,S2-333707647,S2-749985442,S2-383291974,S2-550615276,S3-186380493,S2-402060780,S2-250567109,S2-554216779,S2-295521161
S1-492673642	S2-80157887,S2-907194436,S3-570435507,S3-195766351,S3-883922120,S3-272144193,S3-305511009,S3-795230702,S3-325242608,S3-777464876,S3-689984431,S2-877655770
S1-205309033	S3-553066616,S2-205578771,S2-812615098,S3-896843616,S3-225095508,S3-78265229,S2-106494455,S2-851036015,S2-746146408,S3-644579857,S3-73313749,S3-252875179
S1-324416566	S3-112964951,S2-216986601,S2-421095557,S3-447137640,S3-521801022,S3-477833280,S3-589353665,S3-141083948,S3-445987558,S3-131760651,S3-463745316,S3-86331246
S1-568911579	S3-800814626,S2-468784346,S2-483505855,S3-845355789,S3-590814888,S3-399793964,S2-725703179,S3-680739586,S3-532780649,S2-141226038,S3-252590279,S2-413825380
S1-600766140	S3-251407105,S2-489773275,S3-727928559,S2-758787625,S2-232301532,S3-818379440,S3-662014051,S2-462740459,S2-207552838,S2-490513536,S2-467572213,S2-928462621
S1-16139337	S3-155900185,S2-43856394,S2-396605240,S2-625288807,S3-964505855,S2-35433881,S2-687386952,S3-728643290,S2-594512651,S3-565863738,S2-42610470,S3-675776597
S1-607966851	S2-232635348,S3-450485700,S2-430921085,S2-464263010,S3-389132536,S3-470031993,S3-94918377,S3-979972094,S3-97297485,S3-694803447,S3-597361564,S2-986714442
S1-51750115	S3-289188212,S3-501288469,S3-416700531,S2-932011692,S3-321454046,S3-770919781,S2-437039637,S3-904022208,S3-803697680,S2-248395035,S3-210409593,S3-8312998
S1-225618497	S3-191518748,S2-52037278,S3-777141023,S2-330439039,S2-72025762,S2-183845603,S3-423063532,S2-798766426,S2-27211526,S2-401331969,S2-763458286,S3-764908402
S1-942397490	S2-90237210,S2-172617552,S3-715038776,S2-519098046,S3-879282198,S3-377774480,S3-643245129,S3-271457342,S3-25987505,S3-469441327,S3-824663996,S2-612808949
S1-185081423	S3-110605715,S3-682821547,S3-367109994,S3-96433288,S3-372149059,S2-476373950,S3-801248759,S2-754326630,S2-727734916,S3-448457156,S3-461301983,S2-411121414
S1-107065684	S3-302866799,S3-408785303,S3-913958932,S3-306842619,S2-483212444,S3-730373403,S3-219456887,S3-167939264,S3-674462759,S2-564331497,S3-905061564,S2-668324160
S1-913169659	S2-651823332,S3-682447419,S3-223230966,S2-17193825,S2-848460918,S2-733311413,S3-734234692,S2-527146335,S2-551425241,S3-357129749,S2-607147516,S3-616290748
S1-3078790	S3-778724194,S2-741892126,S3-800719109,S3-338228894,S2-295595002,S3-342024117,S3-890552897,S2-863486683,S3-804161156,S2-190589646,S2-217603049,S3-127277985
S1-856358436	S2-541190275,S3-825395776,S2-114103397,S2-791994345,S3-399434707,S2-67323479,S3-233138168,S3-509909909,S2-518776773,S3-281444550,S2-425228967,S3-832724197
S1-601734009	S2-886846070,S2-621490640,S3-331790504,S2-384648900,S2-536657939,S2-145687738,S3-969728962,S3-815062743,S3-19421729,S2-374060911,S3-838204180,S3-24212665
S1-732561712	S3-634559409,S3-233233738,S2-470931492,S3-375644963,S3-51072523,S2-332559516,S2-364897017,S3-988285256,S2-749649119,S3-324177741,S2-926182387,S2-619656584
S1-602840790	S3-752742321,S2-590841042,S2-484213291,S2-133623532,S2-626291354,S3-158082305,S3-116567410,S3-139123499,S3-526019097,S2-892477842,S2-68873158,S2-811778832
S1-77161439	S2-365684930,S2-253964179,S3-305955816,S3-348592408,S2-200067481,S2-446363795,S3-419344534,S3-595199063,S3-696834953,S3-426120357,S3-770365322,S2-596359401
S1-799494943	S3-760149697,S2-531315434,S2-589134399,S3-607600657,S3-427740804,S3-146374833,S2-517202069,S2-388587137,S3-24020490,S2-326469533,S2-719576880,S3-641278077
S1-830349135	S2-228139333,S2-762495073,S2-869385108,S3-574267883,S3-540070571,S2-243333600,S3-142646285,S2-313352956,S3-662577243,S2-111044081,S3-199675144,S3-667623509
S1-303778185	S2-152097413,S3-69287906,S2-340586746,S2-41610758,S3-391311185,S3-217006321,S3-148150184,S3-849577757,S3-256456169,S3-514567015,S2-736652740,S3-126084769
S1-560995875	S3-970961486,S3-439530621,S2-754418361,S3-60402649,S2-393518418,S3-104115592,S2-566525088,S2-688188980,S2-678636013,S2-995657030,S3-947534191,S3-492566902
S1-327498387	S2-903846146,S3-694482976,S2-20484645,S2-286447662,S2-126960136,S2-95586519,S2-569617315,S2-602103359,S3-114022775,S2-78011792,S3-64533317,S2-821602462
S1-266627430	S2-485010102,S2-34620504,S3-84782690,S3-1907260,S3-194471240,S3-959714119,S2-61675814,S3-340331632,S3-482672670,S3-749324744,S3-148690220,S2-645361993
S1-553023395	S2-20531048,S2-676340820,S3-978909795,S2-801139515,S3-105960815,S2-193253231,S3-156003661,S3-932754316,S2-348881141,S3-201782661,S3-990098195,S3-867476850
S1-406935524	S2-940215226,S3-633315097,S3-423817338,S2-339872597,S2-17578218,S3-503750410,S2-711675828,S3-175872412,S3-343336773,S3-21284443,S2-416650662,S3-777513735
S1-388600682	S2-715732233,S3-881875786,S3-659466577,S2-546700788,S3-578101034,S3-463641780,S2-944113154,S3-511902805,S3-906506261,S3-364264132,S3-966365347,S3-183825007
S1-846779599	S3-299969439,S2-609960816,S3-114259471,S2-840371659,S2-712869614,S3-649134660,S3-715145649,S3-263527739,S3-632398164,S2-540033245,S3-267903200,S2-472752469
S1-207571911	S3-887688736,S3-139955628,S2-765155798,S3-283113390,S3-490978627,S3-570565548,S3-233416713,S3-212723020,S2-929116384,S2-795160178,S2-263091079,S2-777040853
S1-431077991	S2-84597364,S3-93535873,S3-23208438,S2-833500273,S3-322958600,S3-510898051,S3-912012163,S3-764191604,S3-564193218,S2-713203647,S2-46753591,S3-704653141
S1-309050179	S2-202635467,S3-575463457,S2-484228373,S2-235566992,S2-141249435,S3-863974623,S3-555455748,S2-235369362,S2-135917627,S2-432266350,S2-537191208,S3-222541860
S1-215516049	S2-999713023,S3-234893869,S3-115150636,S2-35225251,S3-17293446,S3-707174999,S2-746188736,S2-657777914,S2-861257630,S3-415425346,S3-218912842,S3-223192697
S1-302755292	S3-529788568,S3-182040980,S3-718745259,S2-375959525,S3-182925925,S2-621696653,S2-492559575,S3-641840840,S3-620040917,S3-552709613,S3-82766012,S3-13085449
S1-326127297	S3-758535197,S3-241722753,S3-448149086,S3-51259675,S3-225538998,S2-693982350,S3-856224577,S3-600672208,S3-460550361,S2-475707074,S3-450638082,S2-32880316
S1-540271882	S3-612106588,S2-525892954,S2-452895362,S3-142070206,S3-213544878,S2-240451177,S3-6338115,S2-768489416,S2-561848885,S2-550537341,S2-865399701,S3-96008979
S1-923381931	S2-271396323,S3-781504754,S3-336307245,S2-908844344,S3-354511380,S3-515094769,S2-375383875,S2-447047801,S2-674677937,S3-517434991,S3-560987302,S3-795674686
S1-215790192	S2-562156366,S2-958718034,S3-208970310,S2-124914024,S2-527818070,S3-761012967,S3-736841661,S2-992127249,S2-283372306,S2-669874803,S3-802263920,S3-639876308
S1-163544211	S2-577418688,S2-280880505,S3-248202207,S2-270254690,S3-670885713,S2-882860035,S3-509067412,S3-834940394,S2-492676251,S2-918300310,S2-369910308,S2-541313346
S1-390719693	S2-678189083,S2-49071928,S3-332738847,S3-935622423,S3-695424781,S3-550716479,S3-520139863,S3-232308971,S2-999472177,S3-925877245,S2-986903664,S2-803930536
S1-10399974	S2-591843851,S2-740711038,S2-44715562,S3-921755303,S3-268872926,S2-427128623,S2-421562546,S3-115855960,S3-619878912,S3-246150815,S2-888524954,S2-493923710
S1-844292915	S2-812506448,S3-562523422,S3-629047603,S3-181569455,S3-357972753,S2-377373482,S3-871521489,S2-853660226,S3-110740718,S2-316263249,S2-925191513,S3-20065589
S1-967028009	S2-219212367,S2-135917834,S2-732837946,S3-878470387,S3-289940111,S2-753574078,S2-849016417,S3-65881908,S2-332791845,S2-799459168,S3-699456319,S3-754824851
S1-479555773	S3-41107703,S3-423898823,S2-430362071,S2-326650378,S2-703226791,S3-104734039,S2-803740966,S2-815817822,S2-288265310,S2-713572131,S2-183814199,S2-410109948
S1-359195269	S3-978049720,S3-160381081,S3-914119353,S3-251043138,S3-530426259,S2-654824074,S2-794848133,S2-406521799,S3-694546782,S3-566549343,S2-324283192,S3-923334728
S1-439981214	S3-696250450,S3-856584084,S2-928674826,S3-85289989,S2-725569623,S2-18323394,S2-49090692,S3-483434205,S2-201716398,S3-476250315,S3-544725327,S3-88373875
S1-634764863	S3-796667034,S3-705116675,S2-534727281,S2-343489160,S3-592943979,S3-793219510,S2-768967821,S2-114878040,S3-962767407,S2-506014574,S3-646123358,S3-71358705
S1-820683293	S3-327324087,S3-183429121,S3-850847840,S3-849155035,S3-137079488,S2-455953968,S2-500619861,S3-935986850,S2-995999585,S2-5498419,S3-859472769,S2-275145636
S1-115559038	S2-311210848,S3-591398725,S3-110158836,S2-895502686,S3-129549243,S3-777868894,S3-394650647,S3-729041017,S3-682985518,S2-179688702,S3-671088274,S2-81817104
S1-812167714	S2-82218847,S2-884495552,S2-81483963,S2-146208420,S2-320584270,S3-642096136,S2-394344347,S2-696536120,S2-702989438,S2-143480668,S2-908709469,S3-682945197
S1-742554200	S3-972036910,S3-429547861,S3-760594467,S2-152235770,S3-552206274,S3-88569341,S2-478720831,S2-445019662,S3-55237369,S3-474689629,S3-476011278,S3-92680447
S1-607593857	S2-225038134,S2-283994382,S3-274811955,S3-500582650,S3-209059067,S2-665316717,S3-644088207,S2-989769791,S3-865515919,S2-594105642,S2-475658778,S3-648489311
S1-508801769	S2-851987558,S2-129295393,S2-858624253,S2-155623830,S3-752633219,S3-2728812,S3-446832290,S2-427594913,S2-804157961,S2-510312994,S3-617857422,S3-21916723
S1-558064307	S2-146510521,S2-822450878,S3-166085544,S3-433359203,S3-268611297,S3-891912507,S3-203541893,S3-527977749,S3-792186623,S3-991579290,S3-427661529,S3-921320373
S1-898947890	S2-293460546,S2-828974170,S3-731188563,S3-904403807,S2-598459660,S2-110965961,S2-663725413,S2-817728251,S3-367567527,S2-226312178,S3-872041742,S3-813180074
S1-723193003	S3-522571032,S2-419613449,S2-860976062,S3-928098247,S3-194067987,S3-623844197,S2-855632410,S2-12433909,S3-157270295,S3-497212216,S3-779034743,S3-459893903
S1-683469235	S2-1569732,S2-346639801,S2-106907230,S2-406902970,S2-161935881,S2-932669075,S2-975442694,S2-494028115,S2-67996491,S2-376612199,S2-353589787,S2-983016842
S1-366218531	S2-433564153,S2-6520497,S2-746112345,S2-428320125,S3-139106717,S3-377586747,S3-183151843,S2-287565171,S3-25924785,S3-127475902,S3-43729072,S3-133206017
S1-729139935	S2-983191136,S3-491034963,S3-773068501,S3-472086651,S3-271952060,S2-352099099,S3-1358388,S2-629791411,S2-624719986,S2-610560590,S2-476124728,S2-281791848
S1-382369917	S2-54421459,S2-220880327,S3-438070213,S3-469953161,S3-566886956,S3-215477293,S2-367930954,S2-448625278,S2-657039247,S3-294006606,S3-767098261,S3-686976298
S1-909477585	S2-878964206,S3-461903994,S2-650787628,S2-547697269,S3-138209074,S3-523590384,S3-916987609,S2-234022947,S2-240585251,S2-25879468,S3-689014561,S2-3408833
S1-787135439	S3-243956039,S2-330411170,S2-475310658,S3-757175571,S3-810237592,S3-899068443,S2-163343412,S3-935621835,S2-158892588,S2-70049795,S3-656961440,S3-606800661
S1-679163581	S3-82094653,S3-793223076,S3-965337981,S3-81407877,S3-67647655,S2-162141984,S3-755814082,S3-156556876,S3-36255895,S3-892751576,S2-738118856,S2-627841650
S1-919181184	S2-166344535,S3-458645129,S3-440777383,S3-327381125,S2-855762120,S3-79993499,S3-706941198,S3-617109018,S3-544035226,S2-877457540,S2-957495327,S3-293019877
S1-402174224	S2-747349927,S2-620842791,S3-692817962,S3-884341804,S3-199226733,S3-281379920,S3-331798187,S2-147959132,S2-649893390,S3-765954843,S3-3504639,S2-140591003
S1-679205019	S3-561343540,S2-617613709,S2-473613208,S3-574313320,S2-818428707,S3-803574165,S3-492852049,S2-16362037,S2-142167652,S3-956007944,S3-799782106,S3-12183328
S1-410250623	S3-595765681,S2-781410689,S3-606217734,S3-68674779,S2-924611363,S2-612149522,S3-188624871,S3-270464089,S3-543467811,S2-310323976,S2-74721835,S3-80197396
S1-777231906	S3-286622942,S2-990023077,S2-596730128,S2-917544036,S2-881386006,S3-426652163,S2-322126270,S3-41166985,S2-830893339,S3-718944399,S3-542928946,S2-408793711
S1-551954783	S2-223134899,S2-663958531,S3-625663118,S3-305135275,S3-967482972,S2-800054029,S3-85467900,S3-207770697,S3-484923712,S2-196806780,S2-238879474,S3-650565078
S1-39677770	S2-709754374,S3-305182814,S3-847875938,S3-292491828,S3-985785504,S2-624433250,S3-337822872,S3-424861481,S3-69334530,S3-290607166,S3-506183200,S2-128182664
S1-354170724	S2-689304624,S2-931473257,S2-134924804,S3-246253219,S3-634297767,S3-618750561,S3-415402569,S3-581224876,S2-573661866,S3-487483755,S3-714122144,S3-272780210
S1-478167659	S2-35431791,S3-992797593,S3-647253258,S2-11468154,S3-954740478,S2-543537470,S2-50816269,S2-31424542,S2-2154615,S2-721012329,S3-883449893,S2-185472866
S1-637851222	S2-246535532,S3-734702373,S2-864893067,S2-762385219,S2-258986963,S3-981929031,S3-392366141,S3-983122345,S2-597800807,S2-575439398,S3-728862695,S2-348267596
S1-505763648	S3-357015129,S2-76755360,S2-726430765,S2-162286641,S3-854471279,S2-611331416,S3-362054929,S2-727839000,S3-972791345,S3-135360835,S3-132625614,S3-684998302
S1-998766330	S2-624326988,S2-509047957,S2-678975506,S3-294248329,S3-642220076,S3-130272444,S2-904447997,S3-556042642,S2-11040732,S3-455589824,S2-714276892,S3-830509812
S1-574051238	S2-793498184,S2-627310589,S3-993199127,S3-560874538,S3-86398857,S2-588347951,S2-437920192,S2-637797068,S2-733728963,S2-759603995,S3-21752199,S2-67995225
S1-489390303	S3-749112096,S2-425857852,S3-937437615,S3-336891052,S3-548117166,S3-880412441,S3-755365353,S3-875063291,S2-949477910,S2-563494621,S2-522810360,S2-531790444
S1-598909400	S3-65142546,S2-536473293,S3-629378341,S2-576668090,S3-460698807,S2-215596114,S3-559551540,S2-334674005,S3-99246882,S3-246866901,S2-824490391,S2-607428131
S1-715847600	S3-304379196,S2-390256796,S3-233447411,S2-645096702,S3-549447054,S3-40484195,S2-94146056,S2-68836555,S3-592296819,S2-648617813,S2-318698286,S3-612300322
S1-732812992	S3-302646292,S3-835891373,S2-478444109,S3-19887840,S3-125409667,S2-543879616,S3-495192936,S2-380863454,S3-964368267,S2-898979045,S3-501364167,S2-790190158
S1-705842662	S2-692106460,S2-246173899,S2-541912120,S3-301293850,S2-538174964,S3-982408634,S3-665978805,S2-209754060,S3-644319219,S2-204340945,S2-608471331,S2-360459974
S1-140424239	S2-691971616,S3-387771901,S2-524944291,S3-424711976,S2-706295852,S2-171976961,S3-894843109,S2-157047394,S3-948163273,S3-914322627,S2-161667352,S2-482515704
S1-986226976	S2-419002188,S2-916362849,S3-282429729,S2-151893429,S3-725499695,S2-906222802,S2-963373945,S3-34117692,S3-981868980,S3-888813534,S3-578899953,S3-875841773
S1-152242221	S3-573223578,S3-250887534,S2-137687473,S3-371451990,S3-96119256,S3-681153005,S3-155088776,S3-754932185,S3-836860672,S2-738181859,S3-683268142,S3-287040296
S1-268847598	S3-352439932,S3-552141084,S3-520430506,S3-741979438,S3-422922241,S3-928207574,S3-202670366,S3-146440687,S3-116317135,S3-567285581,S2-731267853,S3-174685103
S1-485358472	S3-370767632,S2-126126065,S3-669362441,S2-480699846,S3-607294435,S3-751246640,S2-526838623,S3-594245454,S3-217317660,S3-99380903,S3-423316725,S3-291243642
S1-614656267	S3-156031211,S2-531794348,S2-599023208,S2-988875217,S3-313573066,S3-794211415,S2-859693495,S2-824349754,S2-110324830,S3-344203602,S2-962328566,S3-432279565
S1-306547736	S3-190206967,S2-510714152,S2-533596295,S3-36892081,S2-244143886,S3-722321349,S2-250206798,S3-616579153,S3-575654342,S3-327896523,S2-286043235,S2-256127095
S1-685295297	S2-689534989,S3-344783272,S3-49354920,S3-465262001,S3-634638124,S3-898301634,S3-131850935,S2-266590477,S3-617337248,S3-602060929,S3-562678326,S3-331376080
S1-519265207	S2-940472573,S3-449956974,S2-912452802,S2-581064969,S2-175935227,S3-344465295,S2-15574385,S2-566168505,S3-261166467,S3-108355761,S3-286185218,S3-240700912
S1-189515270	S2-430988172,S2-590833980,S2-633911140,S2-672443469,S3-937901660,S3-360904427,S3-829055062,S3-638304504,S2-491163439,S3-414110672,S2-738300974,S2-801535661
S1-417222362	S2-164012757,S2-156518117,S3-467543734,S2-536961053,S2-702551578,S3-693797843,S2-847118335,S3-182132563,S2-839339017,S3-621566765,S2-946881441,S3-438944148
S1-241000339	S2-972273280,S2-469765490,S2-345279195,S3-228529945,S2-542802114,S2-629881502,S3-87316997,S2-319969221,S3-640202206,S3-878411051,S2-147447424,S2-38758439
S1-517952569	S3-479826270,S2-128592795,S2-769035254,S3-328098113,S3-709102760,S2-139748588,S2-287218758,S3-824217752,S3-820817224,S3-754433109,S2-151336697,S3-392658186
S1-796747712	S3-127574189,S2-471309232,S2-464880039,S3-177633092,S3-740302490,S3-137070726,S2-212795970,S3-875989281,S2-433383986,S2-616922295,S3-226525491,S3-579018171
S1-11073851	S2-35375531,S3-751879174,S2-172766011,S3-20537240,S3-944423033,S2-549537487,S2-912286076,S3-272055926,S2-115023428,S2-451173474,S3-911630764,S2-686119760
S1-319433869	S3-884337814,S2-600426166,S3-242927216,S3-987021465,S2-909623345,S2-730386288,S2-722620383,S2-927232404,S3-788668563,S3-87159919,S3-315951911,S3-56783591
S1-727856659	S3-887452137,S2-359986119,S3-969421422,S2-481450528,S3-613281090,S3-33433876,S3-644853857,S3-364257746,S2-884806596,S3-604062801,S2-186740315,S2-84648616
S1-263168682	S2-419307992,S3-793211277,S3-684622939,S2-538266948,S2-225759615,S3-349256473,S3-897881100,S3-778955680,S2-601947680,S3-897455832,S2-59159725,S2-654790206
S1-621417630	S3-119723945,S2-296654067,S3-707164712,S2-614192667,S2-85397964,S2-433966888,S3-216552337,S2-920078806,S2-493674939,S2-98637920,S2-252970316,S2-433778338
S1-54599556	S3-462432835,S2-181777887,S3-372701140,S2-538860735,S2-240997191,S2-118909181,S2-198488203,S3-200837561,S3-137762217,S3-708476832,S2-948650615,S3-209923050
S1-428560303	S3-140036653,S3-314501291,S2-391348104,S2-458578710,S2-458024978,S3-638606687,S3-161091159,S3-153596629,S2-181053520,S3-995201849,S3-19113556,S2-820930314
S1-117766623	S3-653256989,S2-386652102,S2-953181972,S2-504524825,S2-193704720,S2-554630040,S2-735546808,S2-345577078,S3-248342444,S3-955225806,S2-554927455,S3-578359806
S1-306922503	S2-155705503,S2-62582466,S3-595228121,S3-507660232,S2-845719484,S3-935505951,S3-730602539,S2-139988453,S3-7608930,S2-840426526,S3-367072758,S3-409400446
S1-513897683	S3-841127440,S2-207272481,S3-548087173,S3-966499666,S2-919225784,S2-808479866,S3-109650276,S2-561762699,S2-432923876,S3-259350634,S2-13397145,S3-615667939
S1-51476992	S2-742541661,S3-515948323,S2-414841675,S2-583924030,S2-527422231,S2-11896046,S2-735886473,S3-498066605,S2-933188990,S3-150180313,S3-834175537,S2-431777452
S1-62648139	S3-861586744,S2-57972206,S3-682607388,S3-566691573,S2-689315322,S3-164999684,S2-175308195,S2-265802583,S2-479485009,S2-626258773,S3-423357347,S2-5319186
S1-46766328	S3-790111959,S3-438745897,S3-881700534,S3-156617998,S3-282411490,S3-284185359,S3-933254712,S3-160153408,S3-57234919,S3-15394980,S3-16673758,S3-539742894
S1-134122288	S3-116887713,S2-806498938,S3-157444020,S2-445136922,S3-622602747,S3-375023597,S3-882583790,S2-130555957,S3-316574749,S3-379877454,S3-5215563,S3-138664129
S1-220193920	S3-877849367,S3-399757319,S2-780336622,S3-734216208,S2-147169177,S3-545769851,S3-370841189,S2-667379918,S2-394978450,S2-853780032,S2-509498721,S3-705076537
S1-92942472	S3-959808764,S2-731209652,S2-365303637,S2-498614957,S3-306367350,S2-808935607,S3-329436458,S3-630241984,S3-575662858,S2-250371663,S3-390697899,S3-52421047
S1-381271606	S2-564808849,S3-297306629,S2-46724959,S2-428832166,S2-55976117,S3-815959661,S2-849126657,S3-547162058,S3-364319003,S2-307845577,S2-810725809,S3-350195823
S1-665033244	S2-895653816,S3-330114091,S2-762837264,S2-284508930,S3-796465063,S2-599199091,S3-398303053,S2-371261564,S3-68907765,S2-589699792,S3-988067628,S2-792818978
S1-477529781	S2-878245490,S2-488948723,S3-625192238,S2-742976257,S2-553635666,S2-93278413,S2-957782160,S3-879191741,S2-325242297,S3-590011303,S2-713943877,S2-625365961
S1-128257856	S2-369998037,S2-896674920,S2-83197977,S3-645112063,S3-631378841,S3-395394383,S2-677824863,S2-775399487,S3-99269751,S2-853135351,S3-782588477,S2-85061655
S1-436068165	S3-926806223,S3-331220131,S2-166997195,S2-374436427,S3-467922797,S3-860555584,S2-286875185,S3-107457544,S2-294984203,S3-168223469,S2-172372799,S2-395842790
S1-861477697	S2-352376656,S3-862266062,S2-323320073,S3-646165253,S2-72970155,S2-353768219,S3-570674199,S3-604410230,S3-58422765,S2-46795350,S3-99584532,S3-756474341
S1-275231855	S3-997888817,S3-623736289,S2-882064953,S2-658653589,S2-534973840,S3-994028362,S3-772651970,S3-873457507,S3-496953675,S3-611389132,S2-938890581,S3-343763035
S1-693993540	S3-133407149,S2-905697446,S3-834731620,S3-155198294,S2-780544625,S2-60435344,S2-562475125,S3-588680876,S2-128802738,S3-74514945,S2-493309622,S2-470985141
S1-787610485	S2-361547428,S2-584539052,S3-463231647,S2-540564967,S3-245097677,S3-304016994,S2-488758119,S2-169192388,S3-299941270,S3-17304434,S3-50197263,S3-422892084
S1-640676538	S2-389342287,S2-453785951,S2-398816848,S3-585177153,S2-276019254,S3-813846744,S3-956579331,S2-81449780,S3-996575495,S2-117634996,S3-62033308,S3-127304572
S1-100320435	S3-926395862,S2-721801310,S3-494220497,S3-306700759,S3-584843114,S2-131579368,S3-457176689,S2-922421156,S2-944968812,S2-301913945,S3-9560481,S3-788508026
S1-889145385	S2-63022548,S3-419251962,S3-177912242,S2-861321840,S2-858370028,S2-884571404,S2-331640368,S2-561588111,S3-280626023,S2-380599427,S3-31967746,S2-543699416
S1-735986438	S3-976524341,S3-859384247,S2-370255312,S2-437001316,S2-890252692,S2-228733964,S2-226349900,S2-716288408,S3-89857770,S2-50044648,S3-913704301,S3-922629790
S1-790133811	S2-955539389,S2-407643471,S3-967149883,S3-271462402,S3-431264055,S3-117195366,S2-421769005,S2-704294141,S3-274121069,S2-148107004,S3-416802588,S3-930922888
S1-521034659	S2-460799619,S3-992174831,S3-876948048,S2-563162026,S2-28375262,S3-410381868,S3-955886437,S2-510659992,S3-269122112,S2-502179878,S3-453527149,S3-39693320
S1-106713544	S3-738088222,S2-813437984,S3-968236407,S2-297055385,S3-376937863,S3-421891364,S3-392739131,S3-173031691,S3-138130167,S2-152500819,S2-584164161,S3-61463396
S1-457340810	S3-531132689,S2-462958877,S2-716995159,S2-722521932,S3-218578603,S3-328391096,S2-258191119,S3-603507182,S2-959167162,S2-450053461,S3-321666466,S3-615199037
S1-429358703	S3-349174296,S2-213917877,S2-600137991,S2-985554120,S2-650733333,S2-868673854,S3-681622388,S2-624616213,S2-275392573,S2-957295399,S3-600695679,S2-166681159
S1-759894026	S3-799201351,S2-667393476,S3-19924000,S3-733952038,S2-590438317,S3-624646211,S3-908695988,S2-584357880,S3-368952524,S3-862725193,S3-154678012,S3-589553888
S1-8496376	S2-71197549,S3-29861360,S2-315038813,S3-825862167,S3-17808773,S3-181968896,S3-473872996,S3-491891640,S2-883842385,S2-762338002,S2-494671701,S3-222973244
S1-930941828	S3-26100707,S2-521014736,S3-65836016,S2-882118284,S3-668789123,S3-313117634,S3-604490852,S3-335211403,S2-794764259,S2-248721563,S2-326662577,S3-603127217
S1-987688762	S2-373504909,S3-531937111,S2-825811065,S2-358694462,S2-173095794,S3-52417778,S3-140963698,S2-219978024,S3-179572857,S3-758186068,S2-485876050,S3-701598832
S1-940747860	S3-771565249,S3-856492270,S2-109827725,S2-550190497,S3-379942041,S3-364086037,S2-305306660,S3-68980312,S3-89267165,S3-334764188,S3-259034494,S3-604012414
S1-674808035	S3-711762848,S2-623100230,S2-682152778,S2-120602800,S3-664294000,S2-35262,S3-217315630,S2-493616219,S2-283010375,S2-628172928,S2-243196477,S2-889018105
S1-368040910	S3-937731644,S3-910402986,S2-135685471,S3-356894606,S3-802975997,S3-484611424,S3-799044690,S3-326978987,S3-368493852,S2-465430242,S2-456842678,S2-113803880
S1-520587521	S3-342380220,S2-317883177,S2-19634548,S2-847595120,S2-679801857,S3-557836778,S3-70054361,S3-289485804,S2-289018232,S3-555629187,S3-815450048,S2-44896851
S1-464199162	S2-25967455,S3-515212797,S2-88354141,S2-16904423,S3-551418351,S3-976457797,S2-980401269,S3-520000226,S3-476562670,S3-144423298,S3-591485608,S3-863729569
S1-792996791	S2-227729960,S3-140192795,S2-533284485,S3-107296273,S2-968557887,S3-815233412,S3-668514916,S2-234217782,S3-277936081,S3-976864152,S2-488854574,S2-34067448
S1-760241428	S2-50061987,S2-990374512,S2-27106475,S3-186427167,S2-663641563,S3-506690379,S3-706177562,S3-772516673,S2-13689616,S3-923921454,S3-170186013,S2-821779171
S1-273955974	S3-584456896,S2-667203414,S2-549086575,S3-842859063,S3-127364031,S2-708796788,S3-569797654,S2-464405632,S3-794610558,S2-934035980,S2-739503499,S3-970420846
S1-749839535	S3-816151806,S2-379260208,S3-894592847,S3-137171630,S2-419869878,S2-436308710,S2-596623042,S2-207787644,S3-256199842,S3-616163026,S3-829372059,S2-191209021
S1-851078815	S2-855348473,S2-89200974,S2-474376412,S3-266894402,S3-399579855,S3-271475049,S2-727894626,S2-620243443,S2-271308380,S3-603938236,S3-691327074,S2-622572384
S1-230765721	S3-830377805,S2-376069932,S3-684119274,S3-466561034,S3-418012772,S3-639335764,S3-196730372,S3-785538855,S3-454823500,S2-14677876,S3-671026616,S3-542759343
S1-258848162	S2-560053590,S3-791323213,S3-347078759,S3-344212253,S2-194444581,S3-217949873,S2-402399115,S3-442976030,S3-564193218,S3-127644855,S3-858727727,S3-796803226
S1-385954406	S2-68759549,S2-304259379,S3-825777043,S2-378431556,S3-190617407,S3-126489018,S3-327082977,S3-300610969,S3-761181505,S2-749048695,S3-697495232,S3-348399813
S1-218549558	S2-872529642,S2-243457705,S2-687189207,S3-319045059,S3-374483172,S3-790731778,S2-197195012,S3-412292243,S3-944626799,S3-65267302,S3-33679218,S2-574520092
S1-171165517	S2-979758563,S3-939963388,S3-882195670,S2-268473467,S2-240225044,S3-851103557,S3-486317104,S2-54600734,S3-722704404,S3-637542597,S2-286505810,S3-32034494
S1-760784764	S2-670567854,S2-379499289,S2-225744455,S3-175023115,S3-717211181,S2-902909010,S2-477707456,S3-665557553,S3-291297654,S2-461640156,S2-771533958,S2-116431946
S1-952970176	S2-252210735,S2-645848277,S3-267250923,S3-21086990,S2-73968500,S3-630367396,S2-636384507,S2-429182698,S3-537685701,S3-414869644,S3-261683259,S2-759932686
S1-439759537	S2-187760301,S2-3342062,S3-57978107,S3-297047622,S3-215275729,S3-319992441,S3-84693167,S2-709820294,S2-327374287,S2-80737833,S3-733433304,S3-458760926
S1-261245139	S2-768227919,S2-501754756,S3-887231514,S3-47880729,S3-646248402,S3-846511510,S2-448792786,S2-610632696,S2-168580151,S3-218374438,S2-123505186,S2-598189668
S1-535548690	S2-993594469,S3-536867922,S2-580834333,S3-504838293,S3-538672668,S2-705803505,S3-991438370,S3-50206381,S3-407757236,S2-522727682,S2-424749015,S2-4960310
S1-615832111	S3-561130621,S2-817891326,S2-871328795,S2-529260108,S3-312534942,S3-161899233,S3-407960725,S2-843546157,S2-341059407,S3-753147554,S2-301746174,S3-48021141
S1-263289064	S3-94445243,S2-362425750,S3-227049726,S2-255634291,S3-469183843,S2-317036385,S3-195328572,S2-262671285,S3-189085963,S3-549000563,S2-338245723,S3-953253219
S1-201563762	S3-558173024,S3-959338445,S3-510665652,S2-172369762,S2-479411218,S3-798440386,S3-506097513,S3-710997737,S2-321329885,S2-492612753,S2-121978727,S2-276974397
S1-974786169	S2-404299875,S2-711293068,S3-818608088,S3-653550673,S3-439448396,S2-377166005,S2-40564947,S3-246080159,S3-651973597,S2-805450455,S3-481167971,S3-72462202
S1-125733604	S2-855988001,S2-774741194,S3-45039302,S2-70023561,S2-415720234,S2-706220774,S2-174850659,S2-526954268,S2-969367816,S3-176176911,S2-734695076,S3-252576766
S1-143433633	S2-260432621,S3-684829330,S2-689446559,S2-646856479,S2-777972031,S2-958035345,S2-426808541,S3-121099117,S3-684805645,S2-593401866,S2-346621661,S3-111708558
S1-623330075	S2-669300160,S2-889179437,S3-189308109,S3-327482079,S2-57566747,S2-207307181,S2-35674297,S3-113690208,S3-609973673,S2-144210892,S2-564306540,S2-982692486
S1-638994271	S3-59508014,S3-750464248,S3-558150564,S3-43230864,S3-31549949,S3-820060388,S2-557129061,S3-236816407,S3-787084762,S3-252110336,S3-499819549,S3-613430360
S1-130431247	S3-635381714,S3-912947351,S3-302253089,S3-333699899,S3-773581392,S3-760818043,S2-446611266,S3-262917789,S3-100759793,S3-116284400,S2-627255420,S3-654933695
S1-530200999	S2-563793605,S3-922961220,S2-900784152,S3-356274338,S3-486296257,S2-255839211,S3-357463351,S2-131516873,S3-879434675,S2-651260334,S3-186854293,S2-688706413
S1-502872698	S3-682335206,S2-680753284,S3-594357174,S2-649714805,S3-751368068,S3-934014553,S3-928552197,S2-558335873,S2-977609954,S2-805774790,S2-507720849,S2-2824208
S1-255135985	S3-635241483,S2-843608192,S2-216244662,S2-950970750,S2-858297922,S3-594285778,S3-627606588,S3-604636826,S3-11843027,S3-912554744,S3-905417143,S2-307304939
S1-535328381	S3-883632340,S2-902618588,S3-956950807,S3-196441588,S3-193513102,S3-447578997,S2-976615943,S3-867709473,S2-584895934,S2-330739917,S3-812833535,S2-868264662
S1-377874863	S3-604047428,S2-947572001,S3-122159651,S3-326234811,S3-104312294,S3-886713197,S2-688722790,S2-378815043,S3-165755617,S3-57788366,S3-808245879,S3-994136996
S1-450610488	S3-60053013,S2-906137019,S2-632119046,S2-101924254,S2-384223416,S3-212007059,S2-34993229,S3-633281783,S3-814282012,S3-886091309,S3-387887626,S3-754363422
S1-458445180	S3-372557668,S2-596065122,S2-180241518,S3-927324342,S2-431400953,S2-735043856,S3-785082684,S3-256460725,S2-506657770,S3-240622165,S3-583367023,S2-735650627
S1-718579751	S3-399279500,S2-248616407,S2-899433503,S3-801576403,S3-948336973,S2-39388796,S2-974031036,S2-653455716,S2-653521122,S3-495471796,S2-567666031,S3-451029392
S1-219703096	S3-33921643,S2-250910065,S3-774475775,S2-22631082,S3-745126709,S3-128985399,S2-604886836,S2-765531323,S2-934775877,S3-859837113,S3-485027355,S2-935356410
S1-232141	S3-168079952,S2-824311140,S2-389235174,S2-194441636,S3-213325543,S3-201750537,S3-896433749,S2-827787262,S2-120064691,S2-30829436,S2-588198929,S2-556351991
S1-587122656	S2-17227695,S3-198472765,S3-379231296,S2-507717867,S3-700203897,S3-501439539,S2-933601586,S3-684289546,S2-739591763,S3-608696109,S2-469063317,S2-443174630
S1-622437801	S3-344750992,S2-119300703,S3-485427595,S3-813589290,S3-499307120,S2-802048183,S2-493635029,S3-718447809,S2-76739056,S3-16370576,S3-402253215,S3-856039565
S1-51597865	S3-258329610,S3-79172417,S3-672033421,S3-981995933,S2-311391570,S2-989568202,S2-364080884,S2-935158684,S2-398195330,S2-978404029,S2-760113660,S3-316301775
S1-838919799	S2-305475290,S2-793273021,S3-929397380,S3-369450501,S3-86231982,S3-404651451,S3-189014709,S2-178920855,S3-142384184,S3-25481705,S2-340645214,S2-531051414
S1-142540527	S3-298692337,S3-633828782,S3-58693590,S2-86975933,S2-81499145,S2-902909010,S2-255632057,S2-566056604,S2-326520536,S2-868976994,S3-539873336,S3-188765565
S1-851581908	S2-997519979,S2-408972396,S2-234213010,S3-356931847,S2-706909841,S3-140575685,S3-83507272,S2-242131461,S3-881456957,S2-765628786,S3-768300437,S3-734494543
S1-799517335	S3-466943132,S2-722429212,S3-14625242,S2-669338466,S2-324920648,S3-489990009,S3-854474626,S2-816625295,S2-419986910,S3-525360788,S3-423371057,S3-309406699
S1-486264952	S2-745269931,S2-239373468,S3-540683837,S2-423430989,S2-715697246,S3-707160267,S2-750770442,S2-859625670,S2-979621830,S2-766832115,S3-810479746,S2-923965917
S1-85651439	S2-49549511,S3-610848004,S3-49422359,S3-404639390,S3-866773654,S3-729825582,S3-510960730,S3-507667579,S3-595247794,S3-862553843,S2-144773433,S2-659865281
S1-65050223	S2-506117501,S2-476606485,S2-372170762,S3-971635535,S3-69287906,S2-141761174,S2-386463909,S3-968351642,S3-985972042,S2-169222473,S3-779557388,S2-383547217
S1-130912228	S2-480703209,S2-689147926,S3-6434525,S2-706700201,S2-581190626,S3-483968051,S3-588252768,S2-486898124,S3-573250150,S3-852033357,S3-899730126,S2-758861812
S1-202123531	S3-856673790,S3-189324187,S3-426923790,S3-364795147,S3-613557282,S3-975885865,S2-487336656,S3-635442978,S3-485684356,S2-456338613,S2-938052408,S2-261536173
S1-121993607	S2-510718411,S2-582006591,S3-171276169,S2-165880760,S3-261453550,S2-318673760,S3-757943378,S2-676800330,S3-821164619,S2-820938470,S2-229626165,S2-935004606
S1-854202353	S2-205315924,S2-857766811,S2-465035162,S2-579009399,S3-843744009,S2-44443238,S2-213133461,S3-926969256,S3-844795122,S2-1970278,S2-272040026,S2-348509092
S1-970718643	S3-662981957,S2-98216116,S3-832803088,S3-849226182,S3-482897513,S3-277906723,S2-319033282,S2-935118245,S2-675132155,S2-664036635,S3-841199018,S2-324792208
S1-424988884	S3-116325041,S2-660898052,S3-350189233,S2-843207106,S2-260945998,S2-675192701,S2-158790165,S3-697874808,S3-242607435,S3-261675385,S2-722033746,S2-310943828
S1-800479989	S3-137220102,S2-754918558,S3-240172147,S2-334961976,S3-290932325,S3-389707553,S3-151363168,S3-440663307,S2-779630518,S3-956530408,S2-694164060,S2-358165086
S1-348525863	S3-41765359,S3-237015697,S2-65749845,S3-846715679,S3-493169083,S3-214731302,S3-693498638,S2-671309094,S2-26526523,S2-365892509,S2-135082835,S3-376104179
S1-480133617	S3-877590256,S2-300369567,S2-816493468,S2-321828035,S2-721190868,S3-721581614,S2-454313590,S3-381479551,S2-419244625,S3-924230709,S3-94375894,S3-54701947
S1-840392378	S2-276429322,S3-124279328,S2-132396237,S2-426698809,S2-72360440,S2-525831296,S3-592715452,S3-330577186,S3-63817697,S2-348256847,S3-932491885,S3-668317915
S1-283792159	S2-878420825,S2-635405171,S3-401251823,S3-771513184,S3-593714476,S2-560961107,S3-670049559,S3-530075279,S3-190073203,S3-400520678,S3-315383450,S3-985995843
S1-777379040	S3-631586351,S2-348464996,S3-124789484,S2-25167257,S2-793038940,S2-153394828,S3-582059343,S2-638780179,S3-871845248,S2-435352873,S3-581768046,S3-511683645
S1-604117897	S3-266967158,S2-542346464,S2-100545750,S2-220126500,S2-994393391,S2-839634818,S2-500796177,S3-604847896,S3-783656517,S3-656185166,S3-936199412,S3-23798058
S1-186284876	S2-543241271,S2-754795661,S2-758817372,S3-830283219,S3-16458596,S3-280688975,S3-536818469,S3-652922679,S2-265469800,S2-528974781,S2-604001389,S3-204099929
S1-947089721	S2-292126992,S2-986237303,S2-529882962,S2-487442903,S3-261114815,S3-466705589,S3-854580736,S2-483721517,S3-158431644,S3-352549779,S3-34730382,S3-95327966
S1-735557128	S3-299133455,S3-53169141,S2-599700947,S3-87882679,S2-210898895,S2-224937604,S2-170228235,S2-632029688,S3-557834378,S2-719987648,S3-134084950,S2-850002025
S1-26584655	S3-735656248,S3-445741312,S3-275866213,S3-787494838,S3-687423352,S3-456669174,S3-963514461,S3-45893033,S2-546186142,S2-292904999,S3-689644940,S3-690724456
S1-747542283	S3-624132649,S3-729762467,S2-460059363,S3-376427634,S2-622889587,S3-354647437,S2-883560070,S2-705036881,S2-502586606,S2-977803232,S2-968705790,S3-884218900
S1-737534107	S3-278346895,S3-18719077,S3-314038804,S3-871181055,S3-244988458,S2-357502275,S3-157162386,S3-921508146,S2-733394277,S2-814531275,S3-948527185,S2-643501476
S1-284047086	S2-974780443,S3-374299283,S3-298121928,S3-479569840,S3-551918429,S3-35272989,S3-140597700,S3-823910695,S2-120847936,S2-279870073,S2-120298675,S3-811589213
S1-218324366	S2-233573106,S2-858185085,S3-241036779,S3-824208739,S3-431461855,S2-944991848,S2-915388751,S3-465714084,S3-144214696,S3-895696668,S3-352423185,S3-227254299
S1-557518531	S3-464980481,S3-454343261,S3-429006166,S2-607229411,S2-800631797,S3-425842341,S3-458790374,S3-775044885,S3-897692605,S2-974527014,S3-942629857,S3-399054403
S1-672804298	S3-98346189,S2-858888330,S3-534243395,S3-411667723,S2-888149225,S2-702872114,S2-648775242,S2-802530667,S3-575934916,S3-192056640,S3-198690928,S2-699520167
S1-141544592	S3-104702863,S3-251117842,S2-923387026,S3-536839022,S3-32977079,S2-907637656,S3-623439033,S3-968516785,S3-475516968,S3-847134211,S3-51810449,S3-56787575
S1-725540529	S2-547809424,S2-673325237,S3-67943318,S3-795955815,S2-623901409,S2-942811239,S2-463115076,S3-101519126,S3-520335694,S3-226087130,S2-105978606,S2-813728416
S1-538475444	S2-477923862,S2-381965301,S3-641953830,S3-124132131,S2-320952904,S3-161042346,S2-37080803,S3-323558520,S3-123490927,S3-437009181,S2-322840596,S2-434651117
S1-79736348	S3-795886122,S3-176505969,S2-420893957,S2-334549867,S3-506835388,S2-227280698,S3-893335666,S3-956090670,S3-931366690,S3-797392656,S3-524971064,S3-565756654
S1-734424099	S2-805576736,S3-335123074,S2-457525432,S2-142976528,S3-249281750,S2-82999933,S2-766665168,S3-709680792,S3-730711832,S3-917832351,S2-24753158,S2-31790515
S1-952970291	S2-652887389,S3-50267180,S2-773253607,S2-634617195,S2-292431336,S2-269932017,S2-139129221,S2-233973279,S3-305039647,S3-802009401,S3-125191329,S2-708487146
S1-667333905	S3-179022743,S3-740375336,S3-12602373,S2-700125290,S2-298339541,S2-711807347,S2-244111184,S2-778479887,S3-326755897,S2-757409778,S3-930662705,S2-658336566
S1-766088874	S2-412764884,S3-381233250,S2-653445792,S3-99321982,S3-410876881,S3-815767881,S2-163599583,S3-835003585,S3-48987402,S3-574681049,S3-935181118,S3-735384884
S1-301192160	S2-213252803,S3-248257379,S2-893483610,S3-167896404,S2-284449862,S2-496896547,S2-609117585,S3-864410025,S3-870554875,S2-405937522,S3-911865951,S3-72256394
S1-60530379	S2-267174260,S3-361151258,S2-423431642,S3-315066640,S2-524304771,S2-207214068,S2-656935236,S3-643818303,S2-35825247,S3-749745508,S2-919115684,S2-366551900
S1-186951550	S2-996415327,S2-733889016,S3-210105625,S2-903412834,S2-367481934,S2-751028180,S3-669642982,S2-720518878,S2-111254599,S2-305104068,S3-848304574,S2-160271175
S1-711996477	S3-62218593,S3-694247999,S2-694368174,S3-464776615,S2-476841592,S2-109480616,S3-863052495,S3-233111286,S3-240718994,S2-930514811,S2-385728068,S3-9953743
S1-882954384	S3-302551726,S2-915703728,S2-3532955,S3-983544212,S3-638768330,S3-116018842,S3-178337083,S2-907865864,S2-425556651,S3-599521052,S2-369702041,S3-762343193
S1-627287290	S3-805761154,S3-800607564,S3-183313447,S3-932638960,S3-566753202,S3-190754003,S2-838944073,S3-307789896,S3-158888297,S3-395405879,S3-394249934,S2-249902987
S1-940461808	S2-946147427,S3-26050269,S3-407367980,S2-348192033,S2-945624570,S3-357113682,S3-190024441,S2-283469932,S3-798296969,S3-183451222,S2-620393384,S3-350630062
S1-954320078	S3-808791667,S3-649580805,S3-802888078,S3-963025062,S2-199045145,S3-246424875,S2-338369799,S3-891558171,S3-678632544,S2-107200637,S2-728797840,S2-463767174
S1-820804282	S3-464727607,S2-934726151,S2-24345274,S2-137329193,S2-12046400,S3-101578644,S2-377756728,S2-8142452,S2-608884455,S3-208908306,S3-800804277,S3-233111286
S1-281440483	S2-821792216,S3-830509812,S2-751389220,S3-923168704,S2-758068391,S2-234440780,S3-507886888,S2-827186633,S2-544238611,S2-179688702,S3-729041017,S3-343650994
S1-219264594	S3-600909629,S2-786092810,S3-907552126,S3-208747078,S2-728533935,S2-90516388,S3-391114932,S3-397033870,S2-951263810,S3-70846453,S3-101932921,S2-48650122
S1-561882435	S3-723828738,S2-451959808,S3-745220141,S2-105917789,S3-76770867,S3-493496984,S3-307059876,S2-262472174,S3-694765351,S2-890823417,S3-807366279,S3-820267385
S1-931668142	S2-730154626,S3-708320104,S2-709233867,S2-260076339,S2-633777476,S2-979858862,S3-821292423,S3-820417978,S2-855287443,S2-500041609,S2-455740879,S2-398456390
S1-335852521	S3-565846917,S3-967806672,S3-412666822,S3-317678915,S2-89940390,S3-230593795,S3-814672614,S3-373345912,S3-376279366,S3-803392040,S3-655425353,S3-776413737
S1-161040238	S2-817032215,S3-79279642,S2-769850438,S2-204275923,S2-193704720,S2-686742802,S3-839440144,S3-929686045,S3-133035621,S3-103502341,S2-526242328,S2-137706533
S1-228773755	S3-934290504,S3-861336522,S2-657539442,S3-151135304,S3-689428971,S3-620416556,S3-951107991,S2-399962789,S2-103061218,S2-747583161,S2-266027275,S2-395748075
S1-613995737	S3-257920089,S3-506137631,S2-290747142,S2-407788908,S3-861218333,S3-848207379,S3-916650774,S3-678328349,S2-89724179,S3-947070144,S2-286093696,S3-259949611
S1-519203065	S2-315748818,S2-638255939,S2-936886772,S2-340676515,S3-771209668,S3-498160623,S2-98613890,S3-548106056,S2-39983269,S2-480527587,S3-687197935,S2-69699860
S1-909986124	S3-533829777,S2-415889570,S2-273867320,S3-132035045,S2-461861291,S3-994958364,S2-963663979,S2-770228861,S2-457037042,S3-768191283,S2-276188664,S3-405313574
S1-360276933	S3-934016199,S3-53569649,S2-148015484,S3-113997648,S2-777555762,S3-730296873,S2-96302862,S3-958459695,S2-584204228,S2-745064927,S2-692445647,S2-901132045
S1-221507858	S2-718438840,S2-758255270,S3-51899004,S3-710974960,S3-763655731,S2-685380753,S3-993784235,S2-398213467,S3-282375727,S3-16878807,S2-733966990,S2-932099069
S1-898062246	S2-367047478,S3-566166723,S3-186198616,S3-321146509,S2-992739332,S2-385426788,S3-165241515,S3-808645268,S2-319204355,S3-600975473,S3-407715798,S3-269545159
S1-343905993	S2-568636084,S3-374770616,S3-415493103,S3-369585065,S3-574140352,S3-357359558,S3-715268788,S3-385485271,S2-307698510,S3-743325562,S3-547766070,S2-474694917
S1-642257566	S3-199369197,S2-732594121,S2-104517563,S2-103821627,S3-10481657,S3-16107384,S2-748610315,S2-434728151,S2-857645076,S3-398480010,S2-409612924,S2-251926772
S1-848189584	S2-951681044,S3-696923948,S3-306999031,S3-301109589,S3-827469550,S2-775038556,S3-601004506,S3-149466441,S2-180166331,S2-240695324,S3-98515016,S3-230838031
S1-702262678	S2-311021303,S3-693300074,S2-528758586,S2-856333599,S2-777548998,S2-18415341,S3-647713238,S3-892115896,S3-627676214,S2-870758533,S3-960783194,S3-838943909
S1-717633802	S3-931069081,S2-797158244,S2-633344179,S2-318184851,S3-722274939,S3-628951340,S2-681426764,S2-949305118,S2-938577106,S3-891725657,S2-245891607,S2-383356797
S1-22264390	S3-507387024,S2-901246438,S2-855206939,S3-465560453,S2-208379645,S3-391612912,S3-654846501,S2-812920401,S3-81480312,S3-570856319,S3-627097183,S3-14803858
S1-678043272	S2-605810879,S2-151258507,S2-198888886,S2-610306375,S2-587457490,S3-519928229,S3-160698068,S2-281520227,S2-290693580,S3-199053699,S2-348607999,S2-920615368
S1-130921669	S2-754153247,S2-767892907,S3-654860812,S2-575401079,S2-689917414,S2-296492796,S3-27630759,S2-822296468,S3-61946254,S3-730672820,S3-436675810,S3-418379945
S1-376551955	S3-618913411,S2-343743116,S2-296674930,S2-382963074,S3-921576553,S3-682148667,S2-410690733,S3-95425935,S3-621132199,S2-977035798,S3-119486289,S2-123950283
S1-805787945	S3-877762229,S2-459746837,S2-635609191,S3-974669855,S2-661011282,S2-468717306,S2-775330112,S3-455566730,S2-278576195,S2-629922571,S3-772241668,S2-999328180
S1-214700312	S2-24403912,S3-903845804,S2-412508196,S3-812463752,S3-735061691,S2-611179538,S2-805317983,S3-132055841,S3-398570758,S3-669331497,S2-788015987,S3-914184368
S1-317825404	S2-543197688,S2-920742226,S3-661158091,S2-879162952,S2-538629836,S3-145379246,S2-797779185,S3-131021820,S2-303711678,S2-940916188,S3-627719825,S3-586661906
S1-922988570	S2-684054558,S2-297301299,S2-837300466,S3-138566568,S2-353072627,S2-885046514,S3-205010444,S3-643061521,S3-600518447,S3-39113106,S3-262546578,S3-926824455
S1-404030522	S3-161347028,S2-810412463,S2-516724526,S2-4994652,S3-276205032,S3-271664797,S3-165928118,S3-94758860,S3-385141972,S3-36572226,S2-234685446,S3-552681548
S1-1668182	S2-369332447,S3-582830761,S3-326581536,S3-733283472,S2-358687237,S3-447241955,S2-499532589,S3-341339399,S3-583593796,S3-517104437,S2-832979711,S2-872826007
S1-502273598	S3-433848586,S3-471678220,S2-800336511,S2-676432259,S2-796222305,S3-714821676,S2-563893378,S3-530873573,S2-105317906,S3-318512451,S3-418909828,S3-709849513
S1-406171753	S2-255928927,S2-821255,S3-355445414,S2-664469790,S3-72203842,S3-457953348,S2-677883910,S2-837060483,S2-372766872,S3-413725538,S3-782126184,S2-485795252
S1-711670695	S2-301990578,S3-988061954,S2-850486294,S2-311706665,S3-155302534,S3-366966725,S2-287971303,S3-693468189,S2-910571769,S2-634493964,S3-556912766,S3-342332683
S1-885868585	S2-388306994,S3-558586800,S2-907457364,S3-198004413,S3-615122480,S3-105210672,S2-779910089,S3-978609848,S3-69367047,S3-706085481,S2-703527036,S3-427361848
S1-810881479	S3-829828805,S2-524551258,S3-711975966,S3-652702109,S2-145083392,S2-655591904,S2-271297166,S2-877613262,S2-362000535,S3-730969605,S3-732746199,S3-129554890
S1-45397126	S2-970793315,S3-523034889,S2-165624041,S3-50629476,S2-735486883,S2-193704720,S3-53935102,S3-411800475,S2-898793189,S3-991642315,S2-436375463,S3-955225806
S1-629986004	S3-128636129,S2-363794191,S2-366239163,S2-511365633,S3-873223915,S3-558548814,S3-697831378,S3-54447227,S2-357368260,S2-599203681,S3-100083395,S2-63731342
S1-130992945	S3-616339327,S3-420071006,S2-926119019,S2-638625268,S2-539436794,S2-610335835,S2-541251165,S3-937339396,S2-73945237,S2-275083324,S2-866464810,S2-546592591
S1-126988258	S3-766103741,S3-259838495,S3-848622132,S3-603387451,S2-779231128,S3-20377197,S3-188199176,S3-127531527,S2-273422008,S2-107457690,S3-791438397,S3-9323326
S1-553507915	S2-993240634,S2-226366612,S3-375521741,S3-830540947,S3-666875525,S2-417514006,S2-698562211,S3-394765603,S2-730673446,S2-210886394,S2-292621742,S2-18366497
S1-524472166	S3-127563867,S2-903441257,S2-523865436,S3-738045046,S3-406981325,S2-843250457,S2-599356783,S3-476082321,S2-310433190,S3-370378365,S3-187454605,S2-681258955
S1-230625274	S2-632580438,S2-505524013,S2-998726440,S2-589904017,S2-657489387,S3-382927482,S3-742688372,S2-671309094,S3-720053276,S2-355964075,S2-133577360,S2-785234865
S1-164135850	S3-81067511,S2-793980460,S3-802880234,S3-300133027,S2-689667336,S2-220391094,S2-313449862,S3-496010298,S2-82224149,S2-312146869,S3-101166374,S3-731033904
S1-613045685	S2-135582722,S2-856491670,S3-124079550,S2-636238982,S3-961710196,S3-615995245,S3-217729306,S3-644579857,S3-185771084,S3-877565065,S2-504203340,S3-210256509
S1-875300558	S2-80565058,S2-33428036,S3-866284813,S2-3404918,S3-472266371,S3-370954560,S3-562332483,S3-235935995,S2-732903152,S3-969242569,S3-300322523,S3-351046468
S1-62438045	S3-248200586,S3-54042196,S3-940859622,S3-88897331,S3-880219333,S3-422845471,S2-301031316,S3-651939087,S3-507823424,S3-871513120,S3-560554552,S2-865557107
S1-574670038	S3-462069221,S2-37287770,S2-550549333,S2-678781829,S2-225082806,S2-501174953,S2-946333752,S3-238032725,S2-351766156,S2-51447805,S2-19117402,S3-489937199
S1-900042895	S3-16894478,S3-27310999,S3-205535997,S3-253693045,S2-584229244,S2-93062527,S3-919998894,S2-881248372,S2-105985381,S3-222668114,S3-129395542,S3-110765031
S1-260914000	S3-47949391,S3-32634049,S3-610090724,S3-461587612,S2-349694480,S2-264136389,S2-343810214,S3-384294912,S3-572006043,S3-450510569,S3-588164547,S3-42971343
S1-287324035	S3-594758767,S2-649290502,S2-586171028,S2-695106068,S2-345879308,S3-94946145,S2-616219369,S2-600649908,S3-488553864,S2-988691305,S2-985198478,S2-28311541
S1-795668128	S3-47235007,S3-927189655,S2-144455577,S3-229504165,S3-108672090,S3-869546193,S2-425078664,S2-77172335,S3-550357325,S2-152256618,S3-945122934,S3-558152469
S1-921656284	S3-852035874,S3-561041774,S3-787148353,S2-620563982,S3-435751307,S3-515161931,S2-712864587,S2-723686743,S3-982393362,S2-200350065,S3-830911637,S3-458298724
S1-732647424	S3-475321913,S2-51443730,S2-461141723,S3-790912823,S3-991975011,S2-249354160,S2-595371394,S3-258314944,S3-721101810,S3-626145645,S3-336181225,S3-655693521
S1-220010184	S2-887776708,S3-569531702,S3-956354525,S2-88459196,S3-214298108,S3-320967620,S3-232931877,S3-763125213,S3-59413843,S3-694012852,S3-787464259,S3-50188326
S1-454289455	S2-116767189,S3-993743365,S3-158933924,S3-957492134,S3-519172080,S3-116547441,S3-363067740,S2-910001591,S2-482837459,S3-759894175,S3-738483195,S3-473298648
S1-359647453	S3-576432881,S3-504827784,S3-491524113,S3-308642102,S2-256735851,S3-264964574,S2-475570923,S2-515152512,S3-373379724,S2-428022421,S2-107296229,S3-483038456
S1-247391273	S2-610403115,S2-852690037,S3-215799815,S2-571558080,S2-621499560,S2-687321762,S3-355219086,S2-539367545,S2-262629821,S2-97352146,S3-952354864,S3-108029016
S1-576536744	S3-849864023,S3-770502283,S3-818780499,S2-470425721,S3-601927225,S3-642704066,S2-392900259,S3-694269838,S2-456054360,S2-488382444,S2-753811390,S3-609003460
S1-624357575	S3-30430285,S3-815583010,S3-951055752,S3-191717444,S2-245395015,S2-458320701,S2-188262275,S2-394496861,S2-390486602,S3-868784786,S3-754427946,S3-113787636
S1-295046621	S2-488090166,S2-681236719,S2-7094287,S3-30626782,S3-764135148,S2-213208485,S2-447520078,S3-178889677,S2-993537491,S3-187084005,S3-884536342,S2-371238770
S1-405463599	S2-843053577,S2-493357958,S2-193704720,S3-23042961,S3-25713839,S2-388186739,S2-633150857,S2-438541853,S3-717615107,S3-902549067,S3-196370070,S3-515167361
S1-426526821	S3-307638039,S3-967615998,S2-601848444,S2-949473501,S2-753266458,S2-863784100,S2-815877307,S2-352035521,S3-871739617,S2-161378611,S3-473171329,S3-765661425
S1-134426326	S3-591942510,S3-820190582,S2-829401005,S2-840865332,S3-983289006,S3-255722152,S3-130583499,S3-786897572,S3-938651914,S2-622343940,S2-752928616,S3-580005836
S1-986022827	S2-552813154,S2-227606008,S3-281232668,S2-471471337,S2-791935512,S3-74958201,S3-510759619,S2-541084837,S2-571059215,S3-216252821,S2-54185874,S2-451485222
S1-732072993	S2-336252597,S3-452341062,S3-558560940,S2-736533738,S2-746797682,S2-223224595,S2-125710552,S3-813982559,S3-892370402,S3-722481240,S3-17394496,S3-479859458
S1-133731073	S2-103865654,S2-857371810,S3-108037239,S2-559074170,S3-270567007,S2-6950108,S3-562662772,S3-210852493,S2-653935440,S2-279943652,S3-758279134,S3-113158313
S1-406366906	S3-46074348,S2-889074303,S3-147712747,S3-452862419,S3-58230023,S3-546922526,S2-777126895,S2-756139761,S2-635773278,S2-300377143,S2-819170800,S2-752712401
S1-96778697	S3-457781961,S3-597428373,S2-708666973,S2-713619967,S3-356431486,S3-579906865,S2-388957421,S3-602487364,S3-134442211,S3-291597125,S2-587776344,S2-830840328
S1-810629187	S3-492614417,S2-943550747,S2-926501153,S3-708355800,S2-29714896,S3-56558967,S3-438890350,S3-896057262,S3-451167102,S2-280584674,S2-730257178,S3-625242240
S1-842904415	S3-961225360,S2-53537648,S3-395405879,S3-158888297,S3-64879212,S3-119679588,S3-532900687,S3-819966836,S3-823773817,S3-348579221,S3-458975701,S3-803713160
S1-251811717	S3-624210092,S2-907304854,S2-315453818,S2-918513507,S3-808181384,S3-951057566,S3-565993702,S3-249732046,S3-45087759,S2-622935971,S3-989885253,S2-483455146
S1-882718072	S3-728930092,S2-291333456,S2-201111456,S3-934353027,S3-861100023,S3-143721253,S3-472077301,S3-869892021,S3-724154540,S2-102011654,S3-947953995,S3-338532218
S1-608123748	S2-584411641,S3-884655337,S2-143736849,S2-810880054,S2-833412745,S3-767594987,S2-576831261,S3-806866459,S2-262106356,S3-957384623,S2-61628084,S2-141416338
S1-592612788	S2-64527931,S3-894876036,S2-2803169,S3-397047242,S3-230660745,S2-449306944,S2-796834516,S2-623814541,S2-781186370,S3-735197257,S3-897668806,S3-335072063
S1-641446549	S3-330272968,S3-762750789,S2-137250344,S2-4251819,S2-894235089,S3-791493202,S3-961739801,S3-583136668,S2-769577500,S3-795989281,S3-522369425,S2-407275255
S1-203305728	S2-728981599,S2-372163558,S2-922400961,S2-796108952,S2-602751440,S2-513674632,S3-586290114,S3-690197747,S3-206730840,S2-558200907,S2-980248661,S3-761883671
S1-414715986	S3-415803962,S2-750682571,S2-690371914,S2-99320842,S2-871876957,S2-917125097,S2-282750677,S3-421399364,S3-420273859,S3-270190160,S3-185997927,S3-214101496
S1-808652735	S3-736931188,S2-501787485,S3-666886304,S2-718290958,S3-129450479,S3-739518288,S2-147551922,S3-86430477,S3-705304032,S2-480106189,S2-123130826,S3-328059738
S1-812874293	S3-849300206,S3-490244946,S2-238833919,S3-864664501,S3-817393257,S3-925104356,S3-284242137,S3-217922768,S3-261719959,S2-995985611,S3-743310130,S2-291953589
S1-993156026	S3-739169115,S2-761433309,S3-983948260,S3-770908489,S2-890304848,S3-653225516,S3-24083856,S3-34858985,S3-941498519,S2-714045492,S3-36567341,S3-480681548
S1-272383144	S3-77403061,S2-343831166,S3-297771170,S3-59388438,S2-134430985,S2-86279876,S2-317454547,S3-81284025,S3-488691548,S3-138444494,S3-751206639,S3-932929770
S1-770382060	S2-758610341,S3-938538659,S3-509072521,S2-701770555,S3-624676520,S2-972705143,S3-621398744,S3-719890423,S3-170658171,S2-458917479,S3-986479007,S3-596794584
S1-777691698	S3-735081495,S3-517876291,S2-896818790,S2-427050130,S2-981168234,S3-998413486,S3-266523223,S3-727509966,S3-947214072,S3-815777474,S3-529588770,S2-636462991
S1-872194579	S3-29211725,S3-589151291,S3-488411559,S3-117840109,S3-608359341,S2-611602987,S3-29848001,S2-949981227,S3-917749442,S3-634197243,S3-540606935,S3-249779202
S1-105291325	S2-335689443,S3-626528,S2-204294629,S3-354032542,S2-457595437,S3-490838631,S2-90248663,S3-124850362,S3-334803186,S2-804684982,S3-214938467,S2-95714295
S1-604072826	S2-362030232,S3-234255112,S2-215753604,S2-191984496,S3-215313371,S3-618646259,S3-315390326,S2-449321230,S2-549920897,S2-978656292,S3-781674541,S3-388156334
S1-73656034	S2-827735926,S2-617196871,S3-182880407,S2-434974795,S2-574776384,S2-208632680,S2-561333560,S2-87954122,S3-902883591,S2-927418848,S3-842059528,S3-15336686
S1-716404078	S2-802193565,S2-163079243,S3-234283990,S3-757462464,S3-286384802,S2-931656152,S3-273094477,S3-396162559,S3-136906513,S3-904172663,S3-609252992,S3-487257634
S1-303332897	S2-558342612,S3-43845262,S2-457715750,S2-959004380,S3-522628259,S3-786812330,S3-292451840,S2-427646460,S3-804987761,S3-620591203,S3-428709115,S3-755226181
S1-149554056	S2-807001766,S3-559157379,S3-129386390,S3-82454797,S2-5210406,S2-112658534,S3-193723668,S3-378958661,S2-272064815,S3-218811940,S2-582316824,S2-927581860
S1-318123479	S2-60701602,S2-2408372,S3-727940067,S2-319956777,S3-57802694,S3-80944508,S3-203988852,S3-943410730,S2-186785637,S2-456186560,S2-239067036,S3-115144445
S1-961144421	S3-457978450,S3-741767387,S3-444973181,S2-209209536,S3-552932265,S2-447337276,S3-827813664,S3-301206273,S3-901048099,S2-884027389,S2-126447027,S2-366070283
S1-559865346	S2-832112918,S3-64502276,S3-190800563,S3-821437819,S2-212869298,S3-214745005,S2-494356009,S3-583449684,S3-748462103,S2-453539690,S3-681570604,S2-592043035
S1-436825383	S2-845287769,S3-966346057,S3-200081521,S3-67747263,S3-449198066,S2-130246488,S2-386423164,S3-83171579,S3-56596752,S2-985832567,S3-194270402,S3-282059681
S1-950955077	S2-214244611,S3-586342859,S3-616421207,S2-833527378,S2-558812355,S3-461683539,S2-934285159,S3-99321982,S3-300610969,S2-50864552,S2-863687935,S2-596113175
S1-895252505	S2-72529540,S2-993031616,S3-727456689,S3-450098166,S3-247101488,S2-373869819,S3-23293076,S2-911036442,S3-187094646,S2-477790314,S2-538568301,S3-302373149
S1-718060681	S2-361863238,S2-303298605,S2-361038008,S2-91368041,S2-486558620,S2-32220294,S2-604372673,S3-355587302,S2-775903441,S3-681628087,S2-57344552,S3-368629523
S1-580538043	S3-852094130,S3-787609896,S3-54258647,S2-763942327,S3-81901383,S2-216539296,S2-581820497,S2-972027709,S3-483259660,S3-479648185,S3-1349129,S3-445318622
S1-63496455	S3-835355769,S3-141787579,S3-850632948,S3-666088262,S2-911885296,S2-352478775,S2-649871303,S3-790256291,S2-892269569,S3-475204835,S3-767633448,S2-911260099
S1-758488315	S3-56432984,S2-430942665,S2-726758952,S2-802167113,S2-314519240,S2-497187268,S2-31515179,S3-9471402,S3-81194006,S2-987256365,S3-531005615,S2-390562508
S1-588793279	S3-577393242,S3-406573125,S3-942983562,S3-822090393,S3-886940576,S2-482232643,S2-844786028,S3-625977759,S3-763835289,S2-509069135,S2-709699625,S2-881910273
S1-409519522	S3-714166136,S2-470544432,S2-829258722,S2-12921652,S2-9822937,S2-305657881,S3-318972067,S2-339785404,S2-323562532,S2-57875400,S2-535985347,S3-83423423
S1-388573567	S2-780500433,S2-258883579,S3-96575351,S2-868773906,S2-39419944,S2-718148913,S2-694559104,S2-675934099,S3-816386023,S2-712093594,S2-642878070,S3-490088077
S1-775923444	S3-722158325,S2-986753300,S2-196668384,S3-963783821,S3-580754126,S2-822077279,S3-551095704,S3-890950899,S3-22547173,S3-842502529,S3-772502620,S3-106167418
S1-344584433	S2-426514780,S2-908727993,S2-207113336,S3-359732305,S3-393284655,S3-295412603,S2-869805838,S3-480614597,S3-607067440,S3-931532043,S3-817803587,S3-253083104
S1-719070917	S2-878362366,S3-653141883,S3-395069326,S3-218276797,S3-394493971,S2-66992440,S2-834336197,S2-50182773,S2-581290373,S2-638109158,S3-542505569,S3-344365296
S1-653107117	S3-459450775,S2-866635473,S2-348136846,S2-185342019,S3-989434719,S2-781333509,S3-696919273,S3-834870809,S3-927236706,S2-251290375,S2-873065724,S2-42331006
S1-398567117	S3-768438930,S2-740755132,S3-715441892,S2-698090977,S3-296680315,S2-488109550,S2-126340225,S2-589786101,S3-384093387,S3-684946379,S3-58848994,S2-202950722
S1-646733531	S2-249623869,S3-76017915,S3-306029785,S2-765967273,S3-463052785,S2-483608532,S3-541313301,S2-242526419,S3-943556916,S2-739648389,S2-896291570,S2-962424185
S1-815529949	S3-855188371,S2-848074493,S3-355795460,S2-924307392,S3-276743521,S2-683483183,S2-67963163,S3-92386169,S3-164784526,S3-852671231,S3-618070169,S3-251633762
S1-697477547	S2-683804898,S3-212275714,S2-628320631,S2-981313221,S2-452778264,S2-356277772,S3-941083704,S2-957969790,S2-698169368,S3-597010827,S3-950945956,S3-791858011
S1-34799614	S3-695634684,S2-862025607,S2-196910478,S2-796160089,S2-650823238,S3-457115017,S3-6803347,S2-201275675,S3-184609622,S2-657260929,S3-617046291,S3-694379377
S1-145404859	S2-851889997,S2-238945381,S2-454829520,S2-159754793,S3-371517270,S2-70954721,S3-224111351,S3-307947626,S3-623838055,S3-890395773,S3-27883274,S3-46463619
S1-582297375	S2-185057579,S3-319304754,S2-963387703,S2-245462647,S2-635411058,S3-109463894,S3-670181123,S2-751861955,S2-837244644,S3-906038358,S3-106593044,S3-525131973
S1-931628350	S2-759267227,S3-768253765,S3-316922573,S3-432684938,S3-477803565,S3-141471655,S3-481132387,S3-429346381,S2-35549568,S3-910116380,S3-767827698,S3-583725974
S1-14999758	S2-780175766,S2-514861259,S3-933579004,S2-147115792,S3-167509020,S3-786696159,S2-415054622,S2-686641541,S3-643877015,S2-616348631,S3-911086263,S2-113816128
S1-126474399	S2-832780631,S2-806156035,S3-531689765,S2-969617152,S3-359614519,S2-788591369,S3-45376649,S3-516752947,S3-183866540,S3-454823500,S2-14677876,S3-616084408
S1-403982837	S2-470126883,S2-61388886,S3-360758862,S2-678899270,S2-361462276,S2-503088116,S3-502622916,S3-372668581,S2-221820797,S3-442427234,S2-683373008,S2-642059937
S1-357798418	S3-850308616,S2-165564242,S3-489135163,S3-60203169,S3-343969178,S3-389769653,S2-840213807,S2-831072475,S2-191244794,S3-440683248,S2-496865955,S2-208388932
S1-211897689	S2-889990574,S2-179829050,S3-556508604,S2-812371552,S2-321501000,S3-150037578,S3-671861878,S3-9486457,S3-802068196,S2-931748164,S2-848200119,S3-907196822
S1-784271083	S2-829763410,S3-352384471,S2-252792561,S3-879202953,S3-323046896,S2-499135087,S3-875611874,S3-553120427,S2-402144140,S2-728838471,S3-812424466,S3-591641594
S1-163405778	S3-67952203,S3-249911871,S3-643631103,S2-997397864,S3-488385919,S3-344338510,S3-831543594,S3-768685600,S3-27989557,S2-395914719,S3-41445104,S3-383271897
S1-776636694	S3-816042430,S2-508197221,S3-148015850,S3-433963797,S3-63309849,S2-620701169,S3-295920167,S3-733861962,S2-705041049,S3-365335087,S2-888397037,S2-995651790
S1-603145092	S3-419857522,S2-758465678,S3-338317408,S2-690393517,S2-744530824,S3-608751575,S2-3386115,S3-800325570,S3-92050143,S2-292856236,S2-968274458,S3-852951945
S1-240649323	S3-1794102,S3-119977639,S2-929405328,S3-979568125,S2-611459726,S3-620798710,S3-465535429,S2-861694698,S3-83400620,S3-899201427,S3-401288544,S2-6516217
S1-42400859	S3-581584333,S2-242150189,S3-250463312,S3-234668558,S3-747838526,S3-272866526,S3-942875676,S3-870259669,S3-620591203,S3-308611925,S2-588159287,S3-667879719
S1-266363120	S2-491334278,S3-427647094,S3-129607787,S2-70356729,S2-684054558,S2-298275157,S2-388319334,S2-105759363,S2-297301299,S2-114871326,S3-72215065,S3-70195792
S1-433348072	S3-634566942,S3-262110168,S3-280315294,S2-533433328,S2-966512690,S2-66822722,S3-559803785,S2-685029596,S3-790200302,S2-20829977,S3-935195565,S3-68521783
S1-204172064	S2-644731715,S3-57481847,S2-356826884,S2-969567115,S3-346981428,S3-375556490,S3-593975387,S3-860708392,S3-77706737,S2-772367711,S2-897967731,S2-435873178
S1-299155086	S3-617892573,S2-873639831,S2-596859325,S3-343045970,S3-939819499,S3-925160519,S3-589250720,S3-931412283,S2-156668429,S2-972319457,S3-601203141,S2-255645797
S1-701988153	S3-482363916,S3-344015045,S3-603867108,S2-261558266,S3-835196251,S3-531429507,S2-275669373,S3-363877384,S3-186244870,S2-395105248,S2-421240199,S2-910974100
S1-995031065	S3-665344742,S2-309909699,S3-347234981,S2-481392200,S2-122828096,S3-970664725,S2-185944085,S2-381227296,S2-925272228,S3-6237566,S3-903111152,S3-138585587
S1-872290851	S3-109600295,S2-804561717,S2-99472924,S2-953355292,S2-899845010,S2-905311159,S3-644475474,S2-131399118,S3-366226516,S3-324564402,S3-272510045,S3-172775658
S1-69762801	S3-680106869,S2-875385263,S2-348946451,S3-847189362,S3-199263431,S3-494248580,S2-717502194,S2-855840896,S3-383958819,S2-750983804,S3-98285468,S2-662994862
S1-376309082	S3-545349175,S2-951393900,S3-289771766,S2-455954848,S2-309973622,S2-744103659,S2-893976024,S2-54032021,S3-60886271,S3-708660219,S3-449683481,S3-879372615
S1-481521290	S3-409608479,S2-802057835,S3-517484802,S2-184480384,S2-661227209,S2-719896481,S3-972320272,S3-315737679,S3-575250466,S3-433322239,S2-570227966,S2-22536833
S1-476942027	S3-927363171,S2-572955612,S3-314196907,S2-370577184,S2-404095776,S3-698030615,S3-106804625,S3-592367510,S3-648903601,S3-415292735,S2-135492051,S3-433034868
S1-676700710	S3-867281332,S2-376506994,S2-785845605,S3-713838046,S3-890834535,S3-557989699,S3-651941092,S3-887266480,S3-883708268,S3-672837913,S3-167105409,S2-531772702
S1-475734041	S2-656752098,S3-448902964,S2-41938797,S2-890813969,S2-640459163,S2-509468197,S3-802422296,S2-99715118,S2-907716770,S3-399674712,S2-457020171,S2-129696849
S1-532738397	S2-261125095,S2-295318538,S2-380653430,S2-441888754,S3-873903814,S3-492080455,S3-683071090,S2-421367779,S2-955619679,S2-159092295,S2-347476948,S3-609871287
S1-701487652	S2-424419629,S2-203586026,S2-159608682,S3-896866561,S3-348928858,S3-155194459,S3-365030141,S3-385077257,S3-985964517,S2-350896031,S2-393089545,S2-502395889
S1-467601634	S2-646110221,S3-409026168,S2-575496116,S3-965506789,S2-243682991,S2-683608198,S2-717768011,S3-886988802,S3-270453161,S2-511516022,S3-815709643,S3-256560659
S1-721285631	S3-949310864,S3-330113662,S3-351475276,S2-833994056,S2-422108438,S3-194067987,S3-648767438,S3-901701539,S3-684720410,S2-299679560,S3-281990947,S3-410587434
S1-350479291	S3-659313470,S2-969988696,S2-50659846,S2-193222620,S3-362683221,S2-369950396,S3-797197468,S2-592527957,S3-26478684,S3-601668114,S2-159014927,S3-294851949
S1-617064124	S3-53289247,S3-269180371,S3-957987060,S3-887230189,S3-22947615,S3-967522007,S3-364106549,S3-214509480,S3-800316747,S3-465261938,S3-256102463,S2-781543017
S1-8744367	S2-94982971,S3-974883655,S2-440827349,S2-502424400,S3-1374229,S2-696419278,S3-448421501,S3-932339793,S3-480874800,S3-95425935,S3-81284025,S3-415206537
S1-113811969	S3-938015679,S2-568190881,S3-282929191,S3-599593958,S2-220883633,S2-351568291,S3-178226108,S3-764467311,S3-754016452,S3-53462726,S3-228450347,S3-897380049
S1-66770531	S2-654154804,S2-719750888,S3-899572974,S2-42375478,S2-547406987,S2-376927070,S3-114585426,S3-476441350,S3-722752425,S3-485688109,S3-99966424,S3-471710778
S1-646193638	S3-81918859,S3-416420623,S2-869358690,S2-265902435,S2-890226018,S2-302464830,S3-764312092,S2-686572845,S2-350250046,S3-729402432,S3-318014041,S3-278378098
S1-224774611	S2-560583660,S2-265302668,S3-739651980,S3-435460424,S3-342384928,S3-138033068,S2-446843974,S3-382417643,S3-449777448,S2-349366146,S3-672566722,S3-422368199
S1-893847903	S2-470923830,S2-34852664,S3-477453683,S2-147939389,S3-10197602,S3-24330398,S2-958649745,S2-645843280,S2-172059343,S2-568556379,S2-638672902,S3-131946964
S1-259668566	S2-909358296,S3-624634098,S2-511350948,S2-526448805,S3-686993692,S3-555412434,S3-385243830,S3-861764135,S2-796898628,S3-425730360,S3-3090831,S3-91967106
S1-355030632	S2-723147337,S2-7017758,S3-498027225,S3-641073759,S3-130812926,S3-81260424,S3-181468258,S3-835903862,S3-842553868,S3-639964599,S2-640066923,S2-205353586
S1-766788569	S3-622717566,S3-360554369,S2-745593010,S3-841088332,S2-524304771,S2-483634912,S2-557558408,S3-442596396,S3-698790690,S2-152416789,S3-596104507,S3-762297675
S1-899460856	S2-624342027,S3-594001137,S3-972562511,S2-628220107,S3-438070244,S2-291584932,S3-675925515,S3-731022324,S2-254757052,S3-953253219,S2-522683032,S3-24688325
S1-932897365	S3-133702120,S2-772272891,S3-406262422,S3-923854582,S2-374431743,S2-604431291,S3-217056271,S3-625909916,S3-856141695,S2-271340613,S2-959107829,S3-634387027
S1-558911141	S3-83607235,S2-291732074,S2-472841517,S2-134541258,S2-568068926,S3-644579857,S3-570302446,S3-185771084,S3-596203225,S2-608231167,S3-811079603,S2-675912635
S1-90166250	S2-321243830,S2-12501160,S2-48463234,S2-886130178,S2-880625173,S3-154169474,S3-905578499,S3-493245399,S3-844937721,S3-317156582,S3-258878212,S3-176313716
S1-55807149	S2-925774726,S2-746070565,S2-743233792,S2-104144033,S3-795328848,S3-803562108,S2-897046638,S2-276852530,S3-138655790,S2-343240020,S2-186540388,S2-605964884
S1-781712517	S3-312366853,S3-814922579,S2-921932477,S2-942227551,S2-459910399,S3-124031437,S2-416810565,S3-536867922,S2-562017920,S2-692712904,S2-580834333,S2-560681494
S1-817906448	S3-901565702,S2-557300290,S2-64603233,S2-132340658,S3-333346588,S3-995802703,S2-863218438,S3-904209559,S2-928400436,S3-37645270,S3-469885453,S2-812903039
S1-358909862	S3-343603631,S2-369607025,S3-953683715,S3-114191596,S2-732531856,S3-366106163,S3-290715422,S3-567024260,S2-395899247,S3-694647646,S3-607916984,S2-992790120
S1-139079196	S3-433337280,S2-753798029,S2-734611045,S3-651973597,S2-255227598,S3-738617187,S3-259394166,S2-736572861,S2-607211220,S3-627206692,S2-274145885,S2-711293068
S1-562008911	S3-862203344,S2-972798082,S2-157056603,S3-906215077,S2-261304892,S3-867634420,S2-737301224,S3-73899476,S2-960145108,S3-941358201,S3-848000721,S2-284396909
S1-668531919	S2-566333284,S3-623623309,S3-41696170,S2-683179273,S2-193229156,S2-370372433,S2-690596567,S3-831982917,S3-128138819,S3-506003305,S2-424953645,S2-519690430
S1-939286104	S3-147692595,S2-65292838,S2-25214066,S2-15790714,S2-109272159,S3-227212044,S3-815409804,S2-361135457,S3-485305149,S3-358084169,S3-563135585,S2-409931053
S1-818738514	S2-414657096,S3-511273646,S2-649314398,S2-158079530,S3-612639324,S2-580570378,S3-101211891,S3-409590860,S3-837278903,S2-797237030,S2-132010597,S2-425635274
S1-664375334	S3-310319622,S3-411931525,S3-19292921,S2-838702121,S3-467991924,S2-224625538,S3-510283713,S2-57871546,S3-592825922,S3-631034632,S3-73495578,S3-199043780
S1-26460927	S3-366671461,S2-959350256,S2-733777384,S2-41377983,S3-460560979,S3-395224972,S2-991554671,S2-148165874,S2-268435709,S2-592509674,S2-472504296,S3-938861625
S1-179736438	S3-42669878,S2-847166231,S2-137158808,S3-753118830,S2-851570474,S2-515712851,S3-147549998,S3-681786411,S2-194158857,S3-755192273,S3-51645215,S3-15423446
S1-605070061	S3-927222430,S2-590320863,S3-285117543,S2-95580015,S2-406221227,S2-866517199,S2-840266239,S2-747977915,S3-521970532,S3-31038207,S3-264575452,S2-408188487
S1-229694731	S2-930826014,S3-342599889,S3-459221286,S3-91894159,S3-839766110,S3-609145982,S2-264606930,S2-357916196,S2-26877426,S2-755384935,S2-658057452,S3-983093550
S1-953761436	S2-136134235,S2-455732467,S3-126409328,S2-741888815,S3-308532167,S3-983282398,S3-406056059,S2-48720520,S3-1008196,S3-521139471,S3-558779717,S3-387331576
S1-76698152	S3-725280538,S2-288209980,S2-428450993,S3-309106807,S2-54091532,S3-369858600,S2-664019042,S3-315056093,S3-52695992,S3-93127445,S3-34671777,S3-996506869
S1-411030	S2-698107751,S3-766105692,S2-777293058,S3-687595002,S3-619045627,S2-389688905,S2-318741774,S3-20531433,S3-826836017,S2-29837050,S2-242394092,S2-701132054
S1-418923440	S2-895657234,S3-828682891,S3-218798326,S2-526163640,S3-934890220,S2-528814520,S3-853109717,S2-678505793,S3-226543977,S3-982138402,S2-665950641,S2-278366066
S1-733612741	S3-11899608,S2-334889056,S3-572018649,S2-287165168,S3-762365158,S3-137341163,S3-824395668,S3-855150574,S3-242247189,S2-993594469,S2-595815574,S2-693552079
S1-921949610	S2-97140286,S2-75398807,S3-972078101,S3-995048261,S3-713744653,S2-630196150,S2-978804308,S3-774925236,S2-447313610,S3-521530470,S3-136410026,S2-389125306
S1-441349015	S2-606352303,S2-662099127,S2-572230665,S3-943738792,S3-964737130,S3-983733302,S2-584837713,S3-746881276,S2-204502145,S2-550235885,S2-850256717,S2-501742778
S1-908340970	S2-819152634,S2-685863333,S3-246770168,S3-755302891,S2-38838132,S2-168326334,S2-741126693,S3-601460805,S2-891783597,S2-987520387,S3-701282230,S3-110412283
S1-713114163	S3-935922391,S2-527805667,S3-413316195,S3-279939612,S3-519620451,S3-584997110,S3-969156423,S3-567801945,S3-855573019,S3-759407144,S2-857831034,S3-882239922
S1-991551326	S3-374959512,S3-59973655,S3-866643475,S3-237158369,S2-620888288,S3-481327160,S3-486302957,S2-124088148,S3-740982071,S2-888778744,S3-690565535,S3-165227751
S1-590385281	S3-554214016,S3-44187217,S3-263088844,S2-207128821,S3-190583918,S3-209681876,S2-756981559,S2-552222884,S3-348623988,S2-445141009,S2-33301586,S2-704205362
S1-134115180	S2-272456142,S3-661401223,S3-210462417,S3-129240794,S2-118581034,S3-229205346,S3-454138278,S3-831662534,S2-91268734,S2-234039645,S2-159010751,S3-588044159
S1-408763291	S2-176574150,S2-746355802,S3-761506546,S3-136998049,S3-815181407,S2-97140281,S3-338600891,S3-559498213,S2-541374338,S2-159366671,S3-728624125,S2-53630569
S1-743619701	S3-440019355,S3-253469151,S2-322424758,S3-45927530,S3-562456181,S3-176512247,S3-589922259,S2-276402971,S2-23459722,S2-693314015,S3-127011664,S3-872028874
S1-605677190	S3-954236389,S3-95336014,S2-14106985,S2-242900406,S2-300181747,S2-51702122,S3-860708392,S2-540699065,S3-689433305,S3-373695661,S2-39219567,S3-903893009
S1-110582588	S3-373495357,S3-746868609,S2-338754832,S2-924157,S3-684822352,S3-574288888,S3-604490852,S3-5985416,S3-200246193,S2-132702304,S3-591738328,S3-802296852
S1-23119232	S3-774663789,S3-796902828,S3-130102646,S2-166102173,S3-222105808,S3-946852435,S2-342238836,S2-939904212,S2-486722379,S3-512771478,S2-356910977,S3-561874959
S1-947901769	S2-299631655,S2-193947456,S3-450083072,S2-266144549,S3-317560557,S2-896076761,S3-925101757,S3-791858011,S3-610980454,S3-423154707,S2-764077592,S3-129221802
S1-577525293	S2-788749106,S2-352025314,S3-25390153,S3-613135066,S3-420401605,S3-204427179,S2-119528409,S2-47562840,S3-186566296,S2-281114108,S2-783735531,S2-550752766
S1-611658325	S3-291942939,S3-30329897,S3-48286635,S2-391059243,S2-31931777,S2-666377914,S3-916357944,S2-581397414,S2-806381375,S2-395308299,S2-232235748,S3-174392017
S1-694621496	S3-213543581,S3-528080019,S3-219529323,S3-27338947,S3-233640456,S3-650275436,S3-223840749,S3-771879503,S3-794436090,S3-267855358,S3-454784714,S2-26372837
S1-947638057	S3-915490474,S3-938037019,S3-800194199,S3-19663269,S2-944735298,S3-113659194,S2-559744731,S2-393012912,S3-532877787,S2-223826561,S3-880554801,S2-593087049
S1-790298301	S3-721290727,S3-77351380,S3-830516024,S3-368699615,S3-36725172,S3-533876968,S2-239014051,S2-108206397,S2-913181904,S3-96748708,S3-226009431,S3-893676514
S1-716407122	S3-103836196,S3-906246736,S2-738091339,S3-961992002,S2-517725594,S3-961304028,S2-652758778,S2-970725871,S2-542487703,S2-74777380,S3-389160462,S3-8599857
S1-459902633	S2-793641948,S2-196308754,S3-944999600,S2-916962965,S2-716275737,S3-292417949,S2-817059023,S2-202959941,S3-984904363,S3-815973395,S3-596478895,S3-703985206
S1-847261525	S3-90250707,S2-322408136,S3-126651342,S2-714870412,S3-416165728,S2-517307907,S3-64085702,S2-113705530,S2-21255282,S3-689042132,S2-226323464,S2-248035634
S1-921465632	S3-391913291,S2-939135553,S2-163114913,S2-759954163,S2-20198941,S3-288096136,S2-390548686,S3-545413918,S2-185051992,S2-211176897,S3-412581252,S3-177292172
S1-125226366	S3-990963033,S3-753481477,S3-473281090,S3-419203424,S3-807344229,S2-942996201,S3-69207927,S2-934501705,S2-876297598,S2-197696311,S2-632633437,S2-356888926
S1-449220864	S2-278272077,S3-326040143,S3-431986262,S2-818550362,S2-547006135,S2-720141008,S2-699211222,S3-905085923,S2-386729985,S3-639362461,S2-976971815,S2-646674072
S1-205121863	S2-926261049,S2-732235190,S2-969279656,S2-26974938,S2-37719403,S3-793690381,S2-524888675,S2-794828256,S3-344618075,S2-343593773,S3-51343859,S3-425860481
S1-392176381	S3-462746955,S3-619833932,S2-394915796,S3-278954207,S2-757630972,S3-287336324,S3-591068561,S3-225268774,S3-163961915,S2-130629481,S2-60760885,S2-261532347
S1-818965321	S3-390051889,S2-546462775,S3-446326252,S3-623550544,S3-385310799,S3-61339072,S3-171827287,S3-427798501,S3-578801059,S3-798420130,S3-831708251,S3-840241330
S1-34369720	S2-448761169,S2-772158169,S2-706703280,S2-22754796,S2-859527855,S3-879589393,S2-87811184,S3-136129841,S2-393974295,S3-547037734,S3-855662308,S3-745226221
S1-431641853	S2-500851931,S2-878581912,S3-331813000,S3-240083430,S2-340666609,S2-743600775,S3-928501145,S2-146385944,S3-71662670,S3-342880680,S3-208765604,S3-985170616
S1-647173498	S2-993770048,S3-242267977,S3-528031143,S3-617046291,S3-493424623,S2-565843688,S3-456517895,S3-816896893,S2-297036438,S3-690656762,S3-858376303,S2-605347687
S1-68041950	S3-448058376,S3-108026477,S2-73271294,S3-171718225,S3-345440185,S3-326861674,S3-937659845,S3-654811789,S2-578237770,S3-431533529,S2-804994060,S3-447522859
S1-966022454	S3-111451930,S3-270035314,S2-35424735,S3-112258902,S3-16788398,S3-377940157,S3-412235184,S3-8920735,S2-937563686,S3-996376305,S3-125975251,S2-468408037
S1-665537374	S3-994605563,S2-779134270,S2-368720471,S2-153190132,S2-888887907,S2-799438801,S3-480418807,S2-569054652,S3-813839761,S2-300970301,S3-358240991,S3-668805155
S1-845976850	S3-415214802,S3-348514435,S2-903609897,S2-35771508,S2-764139101,S2-134924804,S3-745371085,S2-571025621,S2-119444877,S3-763860352,S3-770756960,S3-436565381
S1-191563467	S3-487881598,S3-714245668,S2-79538457,S2-2632360,S3-157850181,S3-560978498,S2-708695690,S2-831651026,S2-286644513,S3-412902763,S2-96003645,S3-679601530
S1-518088829	S2-177420311,S2-584581838,S3-286812631,S2-192275799,S2-279270783,S3-615460472,S2-635688445,S3-473068522,S3-762592486,S3-506020279,S2-97235314,S3-784529604
S1-308181228	S3-203053480,S3-796656708,S3-206525290,S3-778696101,S2-233916227,S2-370576644,S3-520179200,S3-418789246,S3-662349695,S3-370924015,S2-995127483,S2-449848791
S1-418694729	S2-20375131,S3-387016994,S2-671474655,S2-847477853,S2-928345425,S3-563518305,S3-571738251,S3-533041392,S3-179286969,S2-415901838,S2-38423643,S2-558383485
S1-164185385	S2-444796503,S2-728865777,S3-512355942,S2-359683863,S2-696676587,S2-990887324,S2-341217211,S3-453513936,S2-583330982,S3-393755821,S3-601610549,S2-434362335
S1-228118969	S3-873117625,S3-422397434,S3-541690233,S3-631619846,S2-727608475,S2-855195514,S2-407739909,S2-158174862,S2-296172172,S3-67157063,S2-371180678,S3-850977700
S1-214914943	S2-227181813,S2-802478508,S2-21948698,S3-977916859,S3-597011602,S2-507397659,S3-704497234,S2-84914612,S2-970224735,S2-487851530,S3-124345987,S3-831533477
S1-135296616	S2-922154608,S3-588458451,S2-304954577,S2-307903400,S3-196400891,S3-380915350,S2-135613783,S3-394712488,S3-835886688,S3-628345178,S3-282763637,S2-626821058
S1-809314802	S3-96935991,S3-909865441,S3-5985416,S3-292320472,S3-44194865,S3-543538803,S3-816423236,S3-905252303,S2-762111268,S2-983715652,S3-196453772,S3-604490852
S1-162676951	S2-383815603,S3-980789871,S2-693359271,S2-237503053,S3-210641988,S3-489516738,S2-50350311,S3-123884362,S2-448817338,S3-962525902,S3-353210442,S2-336853092
S1-599779282	S2-97441876,S3-389427514,S3-249516775,S2-248881361,S2-564001302,S3-539397572,S2-810411491,S2-734236128,S2-124810274,S3-458448764,S2-945450840,S2-777937115
S1-163178706	S2-767380934,S3-632122517,S2-942896723,S2-487036055,S2-393102798,S3-585562539,S3-774134247,S3-781155387,S2-729822163,S3-429149279,S3-714236619,S2-379971631
S1-877712287	S3-858673120,S3-828849968,S2-642551765,S2-165185628,S3-352685368,S2-421794184,S3-847650629,S2-847816348,S3-995067459,S2-757832688,S3-460947123,S3-740024657
S1-111043079	S3-354713261,S2-425948668,S2-919529536,S2-523773078,S3-113971196,S2-567446689,S3-91591079,S3-784943937,S2-273053192,S2-996595483,S3-5985416,S3-604490852
S1-697198353	S2-787864873,S3-599921845,S2-539721601,S2-884206803,S2-992177140,S2-425635274,S2-746089989,S3-951388054,S3-766591985,S3-430305309,S3-956269931,S3-692876807
S1-142950270	S2-168187823,S2-921762620,S3-526401885,S3-258475232,S2-264359438,S2-681125150,S3-987365078,S2-759941427,S2-333056052,S3-920862500,S2-614136323,S3-630220032
S1-329525557	S2-909157096,S3-731432114,S2-474519282,S3-970768193,S2-529903532,S2-622701948,S3-640358183,S2-242303514,S3-442734012,S3-504491319,S2-129831579,S2-14677876
S1-786590121	S2-24215647,S2-201538263,S3-503217862,S2-778262474,S3-489306734,S2-133555569,S3-505186221,S3-884260794,S3-588570718,S2-958192305,S2-645361993,S2-710191746
S1-266542534	S3-926471383,S3-595571782,S2-380066390,S3-632945672,S3-256909290,S3-999131033,S3-182870522,S3-952892011,S3-414970524,S3-240154269,S2-713532346,S3-546969836
S1-377363025	S2-475724012,S2-33373285,S2-659611560,S3-458787957,S3-20254274,S2-305569369,S2-328908927,S3-794515097,S2-162594777,S3-716306739,S2-544093236,S2-17237574
S1-19823695	S2-53607060,S2-138201422,S3-75205856,S2-569418872,S3-26478922,S3-232185380,S3-573111521,S3-863557929,S2-402695745,S2-300743895,S2-949811482,S2-644316279
S1-19778941	S3-49766723,S3-534777387,S3-809353235,S3-124682885,S3-382460708,S2-820715614,S2-337464690,S2-27557851,S3-458309243,S2-891978210,S3-571590760,S2-84627309
S1-496968901	S2-783616194,S3-786978235,S2-1558260,S3-413333886,S3-486834702,S2-897875503,S3-116488690,S2-732750287,S2-552321318,S2-378639471,S3-693913730,S3-62472790
S1-231514377	S2-886641180,S2-45455830,S2-826266601,S3-798838058,S2-605303948,S3-842938275,S2-891852114,S3-787005533,S2-676303893,S2-686434131,S3-98680624,S2-843978347
S1-288845872	S3-606695562,S2-202925990,S2-383002056,S3-266054092,S3-681193337,S3-778547973,S3-710786891,S2-731986631,S3-542466836,S2-422537434,S3-675469481,S2-228014172
S1-446839131	S2-74044302,S2-195807218,S3-731949334,S3-999225103,S2-499354307,S2-29551364,S3-890192301,S3-564963803,S3-931051625,S2-689659010,S2-702222689,S3-406609058
S1-302944369	S3-545608689,S3-905450981,S2-95089216,S2-967477728,S2-120747939,S3-611265805,S3-171249941,S3-203943758,S3-317620170,S2-113874013,S3-15304285,S3-323848634
S1-265121379	S3-29271540,S3-366236996,S2-753258745,S2-800222834,S3-42836745,S3-407403403,S2-642884733,S3-858095250,S3-624259073,S2-26014094,S2-916245443,S3-589724830
S1-373033028	S2-933961330,S2-838761820,S2-199481262,S2-951775604,S3-610014989,S3-319474111,S3-883663823,S3-274510047,S3-148774125,S2-797419925,S3-180258776,S3-572125817
S1-929368053	S2-915241790,S2-685445417,S2-994662182,S2-246452225,S2-599187118,S3-285531156,S3-701905098,S3-309152263,S2-276276968,S3-712077338,S3-450272327,S3-421826862
S1-148753478	S3-591770329,S3-545821515,S2-541282464,S2-954489829,S3-270547589,S3-719871277,S3-155633707,S2-886995128,S2-355906222,S3-249820557,S2-352599238,S3-965768554
S1-108640458	S2-241401631,S2-581594669,S2-403099128,S3-57994592,S3-341294345,S3-737868096,S3-163870808,S3-859130198,S2-450761530,S2-691697434,S3-63887562,S3-329471054
S1-896271081	S2-935563770,S2-462597896,S3-184703972,S3-43579423,S2-454849145,S2-451485222,S3-216252821,S2-54185874,S2-527831760,S2-571059215,S2-236227957,S3-286872958
S1-49234588	S3-465749436,S2-526908100,S3-898013379,S2-683255282,S2-458101310,S3-63314130,S3-101351743,S3-692176564,S3-264368398,S3-555671613,S3-211871800,S2-449758696
S1-810671564	S2-33772376,S2-343912036,S2-852758018,S3-374597288,S3-464479748,S2-324028099,S3-263055366,S2-83835551,S3-444536898,S3-294177902,S3-651315895,S2-85458324
S1-985097031	S3-10406885,S3-481230762,S2-201869966,S3-416922977,S2-652413472,S3-268633081,S3-940193004,S3-330622525,S2-865170024,S3-898531689,S3-358944540,S3-626603475
S1-953600280	S3-998594185,S3-906940640,S3-267850360,S2-724872381,S2-49635164,S3-671879053,S3-267949477,S3-849034502,S2-298428537,S3-7653148,S3-651781758,S2-610571969
S1-182892387	S3-183470161,S2-750407974,S3-630456189,S2-921357889,S3-203688354,S2-445917452,S3-687734343,S3-219414685,S3-83563507,S3-212523453,S2-279074245,S2-379559951
S1-102994647	S3-864263901,S3-785930800,S2-72527368,S3-623767058,S2-741898435,S3-95921031,S3-750189544,S2-195115980,S2-367096564,S3-277030537,S3-888706945,S2-487956044
S1-928034354	S2-614927917,S3-562028405,S2-414117852,S3-41128153,S3-158188511,S2-620421366,S3-239652174,S3-987543555,S2-917156095,S3-203129031,S2-703032384,S3-304427368
S1-61516785	S2-104364533,S2-266366586,S3-550244882,S3-417241210,S3-158888297,S3-854474626,S3-489990009,S3-525360788,S3-159159739,S3-970738055,S2-829265883,S2-516937219
S1-679174723	S2-593967630,S3-960488922,S3-13414930,S2-969654757,S3-83551337,S2-424824583,S2-216537894,S2-970414032,S3-389754665,S3-710243965,S3-316255476,S2-633855441
S1-25102566	S2-888626197,S3-678670761,S3-444535067,S2-274122076,S2-994632283,S3-836761377,S2-901761840,S3-716426554,S2-487911770,S2-853319677,S3-204409517,S3-671736580
S1-970887092	S3-918377235,S2-385426788,S3-165241515,S2-138948246,S3-65196744,S2-703142422,S2-352426703,S2-396242027,S3-214899043,S2-16776714,S3-460810676,S3-626986532
S1-96369658	S2-424057593,S3-542442137,S3-121481713,S2-253147214,S3-645306560,S3-834072455,S3-911171254,S3-583428291,S3-101792470,S2-892024742,S3-699331879,S2-325893610
S1-821548134	S3-229832074,S2-424436921,S2-611597517,S3-630831531,S3-467379740,S3-522430465,S2-759868967,S2-464205415,S3-701130479,S3-842553868,S3-835903862,S3-189565331
S1-839649850	S2-709118827,S2-829284265,S3-296100148,S3-478766262,S2-948834799,S3-405326938,S3-923461072,S3-332728292,S2-651703446,S2-865943386,S2-17035095,S2-225668358
S1-52123969	S3-461976834,S3-347194313,S2-595066136,S3-412573235,S2-496698329,S3-78125656,S3-304907860,S2-32813210,S2-102234472,S3-486282289,S2-801373976,S2-677684998
S1-576826076	S2-393543127,S2-662638257,S2-413134154,S2-32940949,S2-254950207,S3-153329309,S2-411505647,S3-684554480,S2-378861918,S3-807791670,S3-37323424,S3-165705223
S1-474975160	S2-356292394,S3-738210941,S3-525367900,S2-760195369,S3-230215709,S3-536212361,S2-613644098,S2-405867948,S3-307347130,S3-136673452,S2-276552336,S3-96796590
S1-777496180	S2-364168097,S3-439398484,S3-94278015,S3-884557188,S2-859056928,S3-332068807,S3-337266562,S3-348016878,S2-589774386,S2-767031535,S2-666557070,S2-455242167
S1-97172795	S3-589400528,S3-548902843,S2-744746303,S2-975903743,S3-886035207,S2-600306200,S2-727454954,S3-744356104,S2-751662692,S2-443192609,S3-610498049,S2-650333795
S1-532263005	S2-874676669,S2-662866377,S3-133456848,S3-360040568,S2-332429217,S3-706041579,S3-963572405,S2-196759558,S3-613946707,S3-912164418,S3-857080948,S3-806591641
S1-716390845	S2-80696893,S3-503338564,S2-272689327,S2-158049643,S3-384708065,S3-594633153,S2-943391257,S2-775739787,S2-792560838,S2-991120295,S3-439581496,S3-914677493
S1-992743298	S2-139554133,S3-581235277,S2-153718694,S3-281032897,S3-480238302,S3-253380056,S2-556825367,S2-2178982,S2-160915748,S3-581793953,S3-723350060,S3-815964856
S1-778871982	S3-510019481,S2-862203252,S2-754798757,S2-85629331,S3-222176236,S3-428973397,S2-145532294,S3-920729278,S3-510038902,S3-827651846,S3-742098025,S3-493758017
S1-54869107	S2-832513208,S2-853690027,S2-674253307,S3-816863856,S2-51601604,S3-628139772,S3-629154301,S2-341289264,S3-515478312,S2-333550658,S3-65593612,S2-460633000
S1-260606492	S3-109838525,S2-125491300,S3-257933678,S3-65490002,S3-787972192,S2-686403599,S3-233640456,S3-27338947,S2-891430317,S3-634946140,S3-844711288,S3-138934533
S1-753066813	S2-609087630,S3-701571627,S2-183254842,S3-762436104,S2-786152046,S2-372525077,S2-817237133,S2-126632158,S2-542801465,S3-829728519,S2-156505359,S3-391891592
S1-898578286	S2-904991190,S2-893629282,S3-492250379,S3-522633499,S2-616363738,S3-789110145,S2-939874089,S2-408423075,S2-670338349,S2-653724640,S2-671654020,S3-475775680
S1-510397955	S3-967848309,S2-270936949,S2-832052708,S2-153313831,S2-652571936,S2-965018050,S2-406673617,S2-889844005,S2-476680609,S3-479983017,S3-514728012,S3-939648426
S1-84422853	S3-928267410,S3-243612956,S2-658842018,S3-180877526,S3-92039720,S3-362855648,S3-766808411,S3-426265609,S3-266506577,S3-977270830,S2-884032778,S3-435202494
S1-982736698	S2-757559620,S2-679379955,S2-925666827,S3-93731136,S3-786692769,S3-606135852,S3-885713063,S3-174136351,S3-189976854,S3-772707990,S3-804826559,S2-178648756
S1-52976413	S3-543270395,S3-340022065,S2-46911364,S2-770391628,S3-473171329,S3-479242243,S2-55237849,S2-945055709,S3-577318059,S3-75629681,S3-435996112,S3-666573048
S1-563346725	S2-434311392,S3-841573495,S3-480155673,S2-396388832,S2-686271008,S3-431316627,S2-809712156,S2-943669937,S3-69089194,S3-307693584,S3-569111412,S3-943703294
S1-14961313	S2-953966420,S2-153128470,S3-795565807,S2-430173158,S2-958747412,S2-468863645,S2-589794544,S3-99090233,S3-378398293,S2-519990854,S2-382202905,S3-945733852
S1-631641790	S2-569484089,S3-923652726,S3-334866951,S3-171718544,S2-633510309,S2-384967470,S3-448842852,S2-925347162,S2-167465860,S2-252379980,S2-615849557,S2-681989654
S1-263660988	S3-228072480,S2-378508571,S2-680410467,S3-13355236,S3-627661673,S2-424624468,S2-829494697,S3-384356390,S3-507224638,S3-198725002,S2-243457268,S2-693902322
S1-410128012	S2-977321837,S3-252818511,S2-619920380,S3-82212449,S2-927825885,S3-174731688,S2-455156381,S2-137285051,S2-788001013,S2-548278121,S2-721429112,S3-138820971
S1-297414947	S2-760575389,S3-924973631,S2-68060300,S2-844995328,S3-700522154,S3-862557678,S3-308604877,S2-452613610,S2-763070388,S2-105612991,S2-384654134,S2-632214637
S1-840623085	S2-993256550,S2-764923002,S3-264023748,S3-688320004,S2-101941984,S3-339242556,S2-682659566,S2-761646221,S2-783986325,S3-354893728,S3-836702945,S3-775748234
S1-969995739	S3-324639603,S2-310373631,S3-598939052,S3-821137383,S2-46674752,S3-3029935,S3-993197825,S2-288787948,S2-889924168,S2-110965961,S2-123079385,S2-149390753
S1-604720754	S3-572383090,S3-139671405,S3-150246467,S2-821666143,S2-88915136,S2-85165924,S3-894352314,S3-131056811,S2-415622081,S3-945573509,S3-343042408,S3-961669287
S1-369218013	S2-327960145,S3-913614399,S3-313097949,S2-420876266,S2-287022209,S3-243270651,S3-346239083,S2-418071021,S2-140092998,S3-131144289,S2-401255493,S3-496516186
S1-575129395	S2-971454216,S2-853858587,S3-917619040,S3-825343267,S3-889591421,S3-695934179,S2-221654275,S3-987119292,S3-137486961,S3-85981599,S3-687521896,S3-941085569
S1-688292920	S2-803895960,S2-460384553,S3-83045454,S3-947552314,S2-214197832,S2-226413398,S2-508365037,S3-661236358,S2-404781005,S3-699367638,S3-343674153,S2-626002940
S1-170123026	S3-565638867,S3-333709101,S3-416820188,S2-69904957,S3-194456778,S2-27754470,S2-438130567,S3-493020100,S3-748832831,S3-606410371,S3-222268295,S2-459801849
S1-290193824	S2-863730682,S3-146611158,S3-896240470,S2-909000669,S3-638821025,S2-292619921,S3-755865612,S2-515889046,S2-437875036,S3-380416422,S2-248095659,S2-721054906
S1-98916647	S3-986877120,S2-861137647,S2-808509475,S3-36237570,S3-729500936,S3-352588206,S3-483382514,S3-593395076,S2-193704720,S3-100337681,S3-314071724,S3-694282419
S1-659988422	S2-147819014,S2-977714992,S3-863339128,S3-222555985,S3-928410721,S3-86873991,S2-852993475,S3-785470805,S3-495815934,S3-319918225,S3-973730508,S3-19491139
S1-220967847	S2-195276813,S2-266240816,S3-769563671,S3-680999949,S2-755546422,S2-671100056,S2-186052419,S3-204014524,S2-548044474,S2-99283858,S2-835216578,S3-546575817
S1-544904910	S3-862944123,S2-707332105,S2-839282681,S2-168434040,S2-693916191,S2-36608161,S3-506463181,S3-917250715,S3-51609094,S2-750760816,S2-856795080,S3-994242717
S1-734286276	S2-156329975,S2-252298935,S3-751295159,S3-946001244,S2-108553913,S2-189445222,S3-808775483,S3-913401808,S3-448673321,S2-890815416,S2-689735202,S3-997197970
S1-679378800	S2-124776674,S2-306682947,S3-956878046,S2-626504028,S2-775560406,S2-49489975,S3-150694279,S3-94028650,S3-278642994,S3-200612592,S2-955735394,S3-201709540
S1-715782239	S3-643027532,S3-376487742,S2-402116446,S3-731414880,S3-894468022,S3-236104221,S3-736955284,S3-225385906,S3-807335156,S3-639335133,S2-546625846,S3-282957671
S1-306244106	S3-515086462,S2-851687044,S3-290771623,S3-400495577,S3-481217285,S2-551646574,S3-572645648,S2-281152548,S3-817698875,S2-249092001,S3-613573490,S3-346239083
S1-880515262	S2-39907954,S2-445054678,S3-543010080,S2-200363388,S2-479468654,S3-728805179,S3-958385877,S2-612291556,S3-504809195,S3-115091890,S2-791935512,S2-471471337
S1-140336851	S2-112662847,S2-69484735,S3-338321435,S2-720389812,S3-696247994,S3-175406356,S3-494459516,S2-550296594,S3-301236336,S2-780939135,S3-789943751,S2-72129998
S1-318850568	S3-7558740,S2-619517540,S3-51366981,S3-876556290,S3-789708825,S2-70372249,S2-508756057,S2-262425784,S2-582037091,S3-325943105,S3-29871504,S3-892673026
S1-268824066	S2-632227176,S3-336571251,S3-281081990,S3-344231320,S2-605074624,S3-717179930,S3-859167336,S2-970876559,S2-20761595,S3-606530612,S2-804077457,S3-152057439
S1-843537721	S3-681981696,S2-943464520,S3-538448100,S3-295170994,S2-412383194,S3-585839015,S2-295558974,S2-388196792,S2-509128980,S2-380789587,S2-941557532,S2-407334366
S1-746256981	S3-10330394,S2-582888442,S3-485314133,S3-248854410,S2-992532994,S2-939010554,S2-348273587,S2-189980218,S2-600550150,S3-926086576,S3-271768453,S3-589836934
S1-382324942	S3-866888338,S3-350704050,S2-132802396,S2-813271103,S2-928191059,S3-542884219,S3-661763524,S3-309741841,S2-556361342,S2-472330561,S2-454459202,S3-716378924
S1-658606733	S3-437178998,S3-187056081,S2-39319741,S2-89416414,S2-750570878,S2-708379901,S3-275313377,S2-136922026,S3-291538584,S2-223507943,S3-656722503,S3-882565792
S1-973571452	S2-870679860,S3-793441704,S3-406380728,S3-823612494,S2-859697283,S2-529646822,S2-899717660,S3-778809051,S2-914710349,S2-927484460,S3-658304409,S3-14499721
S1-774903134	S2-880177351,S3-133306092,S3-933951721,S2-963706731,S2-786031400,S3-509491510,S2-789203272,S3-276584978,S3-910260699,S2-996448636,S3-650036841,S3-204643628
S1-329778385	S3-115651959,S2-674603576,S2-232690791,S3-623825849,S2-824841598,S3-890713464,S3-308575854,S2-216577660,S2-455903475,S2-48000722,S3-793901649,S3-941257854
S1-631323799	S2-308691219,S3-49007400,S3-193391319,S3-439265710,S3-684665057,S2-284994087,S2-967307988,S3-114106872,S3-979761832,S2-193704720,S2-918165266,S3-728396391
S1-977885592	S3-572974525,S2-428608140,S3-217665029,S3-614258549,S3-199039141,S3-383427282,S3-363737126,S2-798262920,S3-227938260,S3-939795746,S2-67765813,S2-743819652
S1-888164726	S2-441880480,S3-584538503,S2-821685713,S2-719778263,S2-794998071,S3-840969781,S3-944651558,S3-24518106,S2-261879957,S3-122571979,S2-360817966,S3-676790848
S1-584846242	S3-222652437,S3-21241738,S3-227810944,S2-471374502,S2-143809520,S3-314916347,S2-19812033,S3-54171125,S3-53721615,S2-621863194,S3-331995819,S3-17231037
S1-957467392	S3-201123403,S2-197231532,S3-941156685,S3-560757462,S2-490284497,S2-976249988,S3-768271780,S3-871845248,S3-582059343,S2-638780179,S3-9390164,S2-246697067
S1-759281762	S3-344287124,S3-484691574,S3-979333649,S2-224559447,S2-382130283,S2-682895165,S2-152978213,S3-769152860,S3-674829749,S3-905240031,S3-699626511,S3-202972227
S1-456385446	S2-609630619,S2-514998815,S2-497875923,S2-166196768,S3-671879053,S2-298428537,S3-651781758,S3-964904772,S3-267949477,S3-849034502,S2-610571969,S3-7653148
S1-829193003	S2-578797004,S3-338725688,S3-246243896,S3-600517601,S3-233390580,S2-403187944,S2-318851250,S2-659024436,S2-541172244,S2-364332823,S3-102165104,S2-478734391
S1-988417686	S3-578874650,S2-467047172,S2-71527120,S3-202453021,S3-563235543,S3-38456671,S3-361871462,S3-395405879,S3-96179582,S3-158888297,S3-785179627,S3-137024637
S1-281620591	S3-830589523,S3-133409586,S2-366543451,S3-68151095,S2-838514150,S3-263620947,S3-273882403,S3-944391234,S2-409201175,S2-277142123,S2-150640567,S2-241387076
S1-142459713	S3-579467637,S2-957053381,S2-57417348,S3-695043110,S2-262905477,S2-146263737,S2-984724784,S3-104960010,S3-709938805,S3-310867590,S3-228506368,S2-217855148
S1-323720444	S2-283254741,S3-535093385,S3-806070310,S3-122953092,S2-288079954,S3-290392596,S3-339620023,S2-588643919,S3-489526219,S2-977863259,S3-759244084,S3-887884929
S1-889730455	S2-115807542,S2-691146505,S2-753235257,S3-448118023,S3-539717519,S3-951881839,S3-926863022,S3-493805063,S3-473099180,S2-396592554,S2-961987009,S2-360473205
S1-428648259	S3-590475504,S3-591811379,S2-927336592,S2-666468264,S3-676264312,S2-441683902,S2-115071158,S3-273229051,S2-865439095,S3-730153787,S3-946665267,S3-542010199
S1-343914590	S2-309199621,S3-609014560,S3-718254629,S2-770455259,S2-888548886,S3-945041890,S2-324509945,S3-733111707,S3-820222483,S3-849542622,S2-636943383,S2-359387756
S1-991903327	S3-237813115,S2-927637539,S2-908220206,S2-880422689,S3-257453247,S3-262637952,S3-960870590,S3-958118851,S3-439047028,S3-869804995,S3-98705348,S3-240925728
S1-641022850	S3-399310135,S2-533866522,S2-21473562,S2-133178759,S2-433759502,S3-659656798,S3-647217576,S3-438824027,S2-112271669,S2-82320408,S2-420974471,S3-516543795
S1-222300637	S2-354132240,S2-769800563,S3-690953452,S2-219504728,S3-727224772,S3-786060702,S3-828788422,S3-112771771,S2-759733679,S3-144748146,S3-448998989,S3-204981030
S1-123667425	S3-899154943,S3-614789869,S2-38352797,S2-810943795,S3-455895275,S3-112158020,S3-186825353,S3-341874857,S2-860481113,S2-92535039,S2-571696710,S2-19049191
S1-772983186	S3-445414326,S2-42367968,S3-557026330,S2-193704720,S2-645002171,S3-848131160,S2-689186665,S3-897369144,S3-884435569,S3-628479035,S3-746110402,S3-458727490
S1-682865215	S3-142457163,S2-289058225,S3-230345786,S3-335574286,S3-443613256,S2-639817104,S3-607393253,S2-750533199,S3-750350955,S2-804654894,S3-977008140,S3-376867140
S1-220227845	S2-581165028,S2-661996579,S3-865865199,S2-112536584,S3-992449021,S2-29019908,S2-259948611,S3-149988569,S2-30223642,S3-175616792,S3-960787499,S2-794259285
S1-97848238	S2-571454403,S2-821398272,S2-272976912,S3-972723840,S2-524759783,S3-245006588,S2-371620362,S3-41320854,S3-891308687,S3-147145235,S2-937425980,S3-703045090
S1-952478487	S2-149531312,S3-178452263,S2-420050742,S3-341041746,S3-110635558,S2-471382746,S3-728866115,S3-760626835,S2-863549401,S3-909732109,S2-305820566,S3-539575966
S1-433297526	S2-560373840,S2-105804112,S3-329326090,S2-33299896,S2-672325297,S2-317426356,S2-729044799,S3-950149163,S3-903342158,S3-774734976,S3-626149071,S3-533587338
S1-816336757	S3-172212696,S3-37267810,S2-116387937,S2-126332512,S3-926460794,S2-450789342,S3-84956416,S3-959274396,S3-381877113,S3-63879074,S3-362250236,S2-525648830
S1-245423758	S3-166026508,S3-843440259,S2-180913408,S3-326587737,S2-914506074,S3-911750544,S2-532596679,S2-464968021,S2-299902197,S2-16429366,S3-832688128,S3-462433157
S1-70318872	S2-968790428,S3-224559099,S2-412235739,S2-759392709,S3-237241970,S3-928840991,S2-349228616,S3-959376263,S2-403155735,S2-614939248,S3-955866589,S3-608047717
S1-280351384	S3-593359869,S2-28094949,S2-532648443,S3-464214387,S3-620591203,S3-737121478,S3-556856614,S3-34939933,S3-361387769,S3-788595237,S3-567801945,S3-246124898
S1-649038975	S2-443065346,S3-321865842,S2-494189342,S3-368546816,S2-231994836,S3-499444970,S3-590667774,S3-335810797,S3-635314982,S3-259416531,S2-12839668,S3-993240068
S1-738090205	S2-621661947,S2-682448827,S2-375678912,S3-176478396,S3-728507230,S2-993918374,S3-356283209,S2-932910908,S2-794762586,S2-334678659,S2-886138723,S3-692075543
S1-362575266	S3-478455563,S3-689179795,S2-572462433,S2-382116406,S2-375972406,S3-141290026,S3-871646853,S3-175747791,S2-924212392,S2-866863104,S3-250002631,S3-360186112
S1-28610748	S2-851208521,S3-171004874,S2-442702805,S3-856250123,S2-654911527,S3-22369723,S3-323964769,S3-471348440,S2-163172437,S3-52996462,S3-712628009,S3-455074246
S1-658553024	S3-620286133,S3-45164217,S2-705778909,S2-744829371,S3-509722101,S3-428605696,S3-282609057,S3-817107205,S3-199411792,S2-385389428,S2-503271954,S2-639574587
S1-226092411	S3-985828008,S2-540752224,S3-943546487,S3-377148461,S3-826588281,S3-635311922,S3-76181561,S2-892734056,S3-373688775,S2-329978632,S2-222993756,S3-901834842
S1-642293579	S2-366140410,S3-23583750,S3-572481510,S3-862621261,S2-529592874,S2-373872785,S2-193704720,S2-554927455,S3-955225806,S2-803743538,S3-389133840,S3-597250720
S1-612369220	S2-86634861,S3-266362756,S3-145784723,S3-400368347,S2-984553500,S2-17130118,S2-874479426,S3-826753921,S2-443920978,S3-159574501,S2-801753416,S3-87364919
S1-660994803	S3-128472767,S3-296894446,S2-726251458,S3-974774228,S3-525793316,S3-603817402,S2-170060313,S3-811436679,S3-928436412,S2-529869505,S3-665287838,S3-41235707
S1-772678411	S3-859278348,S2-127304147,S2-445178489,S3-458625232,S2-266553857,S3-38785476,S3-519803164,S3-913042515,S3-750259270,S3-278967429,S2-922738106,S3-88096464
S1-929220487	S3-615284543,S2-802118923,S2-739418552,S2-316727293,S2-625788068,S2-54898025,S3-55205713,S3-633281783,S3-217677051,S2-210532351,S3-509556791,S2-289573645
S1-354837287	S2-513328718,S3-420883398,S3-288678668,S3-149489756,S2-683813521,S2-67745669,S3-740126345,S3-879404975,S2-796326064,S2-888887907,S3-480418807,S3-813839761
S1-293397047	S2-756222953,S2-110398073,S2-102894550,S2-537373961,S3-915370634,S2-664812652,S3-971788309,S3-82544521,S3-176121555,S3-223460954,S3-81284025,S3-25422238
S1-637052837	S2-490554050,S2-928427412,S3-935098382,S3-174933371,S3-841717287,S2-684477031,S3-783427927,S3-538151055,S3-841676387,S3-356291057,S3-327227787,S3-128318874
S1-598838112	S2-652681333,S2-344278039,S2-827079827,S3-287492077,S3-745747784,S2-427340974,S3-789810460,S3-764697810,S3-82459594,S2-409643286,S3-38629219,S3-415936778
S1-294875985	S2-598120345,S3-370123391,S3-108335909,S2-836264064,S2-576116565,S3-367084893,S3-563721008,S3-111878455,S3-738455064,S3-333779879,S3-782044032,S3-85630325
S1-948969521	S3-711596956,S2-4754367,S2-686848738,S3-571716905,S2-446694985,S2-104225830,S3-806070310,S3-722832968,S3-186706336,S2-243698149,S3-19364119,S3-599561268
S1-631506217	S2-140527962,S3-265493685,S3-144355721,S3-157141556,S2-699173288,S2-378279794,S2-73154609,S2-160546311,S2-96600520,S3-237544930,S2-610913479,S3-597204144
S1-929054691	S2-197865020,S3-582835304,S3-673191100,S2-653062110,S3-22966563,S2-923710633,S3-310869438,S2-804899672,S2-828504642,S3-932581703,S2-782813705,S3-58293869
S1-947743941	S2-127357318,S3-490623494,S3-805518648,S2-513856290,S3-669881817,S3-699927673,S3-517794732,S2-686376601,S2-442078275,S3-669718564,S2-9661974,S3-440898759
S1-18467148	S2-522201715,S2-200951839,S2-381736983,S3-562526860,S3-279279206,S3-439710135,S2-480904865,S2-839781804,S3-816245098,S3-16573375,S3-965255266,S2-169599107
S1-135662451	S3-182358263,S2-492999162,S2-183796972,S3-271930888,S2-387745729,S2-630388273,S3-999625790,S3-381975548,S2-13129519,S3-952728964,S2-311587360,S2-877902213
S1-418192932	S3-351686705,S3-91628182,S2-695281812,S2-391406463,S3-449105469,S2-6533579,S2-544931539,S3-806664326,S2-430950963,S3-888378560,S2-418571443,S3-509465450
S1-531611840	S3-754036288,S3-61686120,S2-52083157,S2-154221924,S3-828521580,S3-349604932,S2-576124459,S3-928425565,S2-108826542,S2-601403596,S3-869091161,S3-580410824
S1-488957184	S2-329517923,S3-955532589,S2-408243634,S3-964363253,S2-889607034,S3-921310976,S2-761259581,S2-580442260,S3-946949582,S2-540402056,S3-742001086,S3-231514883
S1-828436727	S2-303474676,S3-509143071,S3-80706717,S3-246628189,S2-781784589,S3-581206043,S2-146599466,S3-164599709,S2-867546397,S3-96838496,S2-263860422,S2-326266438
S1-216170284	S2-704543732,S2-4692035,S3-82429902,S3-582324270,S2-954609646,S3-464541003,S2-186951276,S2-844482555,S2-307285713,S2-279589580,S2-588737421,S2-414693826
S1-572676826	S2-663565219,S3-114464581,S2-906266286,S3-845910516,S2-613474395,S3-81834673,S3-871423093,S3-368330683,S2-682132327,S3-911639408,S2-896179328,S2-318333774
S1-717251610	S3-651722130,S2-623567631,S2-311007244,S2-25014259,S3-203267596,S3-199522239,S2-162834199,S2-598731346,S2-59466663,S2-945090155,S3-602842031,S3-834794914
S1-679408568	S3-459651323,S3-970174571,S2-435578202,S3-8402434,S3-593248954,S2-760820414,S3-275712047,S3-593005153,S2-113682559,S3-488612467,S2-718457291,S3-608227059
S1-978519594	S2-731877422,S3-226872337,S2-152821574,S2-908477561,S2-647543024,S3-624211322,S3-539836448,S2-193704720,S3-687900719,S3-31658863,S2-126767220,S3-441690542
S1-538939734	S3-302698411,S3-490642580,S2-551841846,S3-42291717,S2-890001854,S2-86609928,S2-137449382,S3-548674660,S2-860961346,S2-493735309,S3-385794465,S2-844651474
S1-761113485	S2-781544011,S2-681336549,S3-300102672,S2-478949090,S2-317407408,S3-244106628,S2-906043595,S2-988684151,S2-793120440,S3-859962936,S3-949557106,S3-712610003
S1-875788852	S3-176140473,S3-851547731,S2-598711506,S2-813405867,S2-984059285,S2-846520067,S2-523449933,S3-347295417,S2-25978428,S3-642217240,S3-394857487,S3-150388377
S1-651178322	S3-352039442,S2-392841995,S2-502006548,S2-908341117,S3-23509961,S3-894292487,S3-210399970,S2-34681327,S3-508676155,S3-416820188,S2-27754470,S3-343797511
S1-302197131	S3-291427475,S2-288172849,S2-302521602,S3-849498738,S2-702447143,S3-87800883,S2-118693799,S3-402592451,S3-828373855,S2-872100779,S3-951450961,S3-786974774
S1-547866820	S2-366082687,S2-880483268,S2-190803007,S2-102589827,S3-994366465,S2-817035653,S2-208636831,S3-968287641,S2-558135312,S3-759906423,S3-305511009,S3-210010770
S1-75814522	S2-393327995,S2-288466045,S2-631767642,S3-923334728,S3-215557862,S2-719258776,S2-940757623,S2-161979597,S3-830809522,S3-107135996,S3-781754049,S3-303424898
S1-553432108	S3-751588798,S3-205301863,S2-738919222,S3-868295224,S2-639469380,S2-150692314,S3-987250741,S2-340297847,S3-420526009,S3-188464780,S2-278788839,S3-382514479
S1-692993433	S2-694374703,S3-31336194,S2-962495668,S3-218637567,S3-849928356,S3-283481683,S3-752445805,S3-767000875,S2-820707713,S2-1840066,S2-896685558,S2-112622075
S1-888796114	S2-955895379,S3-963673196,S3-794954053,S3-191004657,S2-484116222,S2-273146095,S2-772032169,S2-3866897,S2-772715671,S3-168706411,S2-799303890,S3-721212139
S1-586007332	S3-481639008,S3-603186944,S2-938481447,S2-987528049,S3-527821285,S3-739621421,S2-486209340,S3-337275492,S2-109714105,S2-598174928,S2-132613672,S2-254822531
S1-153994913	S3-716681845,S3-54441394,S2-695507480,S2-125602232,S2-259002487,S2-662439692,S3-266300868,S3-177413353,S2-929362698,S3-977168223,S2-787569810,S3-512285150
S1-759831614	S2-561814272,S3-695135157,S3-767473650,S2-273957031,S2-393445087,S2-861159717,S3-951335528,S2-633760068,S3-723415239,S3-462435717,S3-810300783,S3-34102961
S1-655336192	S3-710721534,S3-369974488,S2-318039669,S2-859377987,S3-548132293,S3-813453073,S2-586040668,S3-700012568,S3-855745785,S3-804619283,S2-688491717,S2-498558241
S1-459763629	S3-31095365,S2-922091117,S2-443502088,S3-898885893,S3-719871277,S2-762530743,S3-962053798,S2-79433983,S3-546220228,S3-440201660,S3-744234991,S3-786373492
S1-643258490	S2-363920159,S3-57485693,S2-55614929,S3-889465114,S2-91508899,S3-460886324,S2-530489289,S3-807025033,S3-876197657,S2-81340887,S2-253682621,S3-955641810
S1-438065831	S3-21776090,S3-640639723,S2-330795496,S2-169422825,S3-829250281,S3-540995375,S2-924661894,S2-105304182,S2-187969604,S2-84261814,S3-466329824,S3-440549876
S1-252661307	S3-985790185,S2-741067088,S2-297526077,S3-869068512,S2-722308714,S3-478313818,S3-17395228,S2-755125119,S2-274221978,S3-801830258,S2-630196150,S2-231518405
S1-607654017	S3-673046241,S3-916046355,S2-756816231,S3-431336556,S2-743988737,S2-941477109,S3-719428113,S2-792232345,S2-374687404,S3-398194376,S2-492579207,S2-46048807
S1-30909010	S2-307881215,S3-188156796,S2-193372242,S3-775749168,S3-339240562,S3-232475120,S3-140479850,S3-308391378,S2-388319774,S2-314687264,S3-694183274,S2-635611823
S1-221333847	S3-186420932,S3-675143234,S2-836094886,S2-296957143,S3-350438691,S3-906836239,S3-504140777,S3-35272989,S3-222115081,S3-323683443,S2-122001998,S3-644662844
S1-107715652	S2-114986739,S3-774378737,S3-620591203,S2-618427618,S3-385355342,S2-168489198,S2-895121670,S3-403708181,S2-871740545,S2-700156046,S3-893443652,S2-682668061
S1-782168738	S2-967743034,S3-181137174,S3-163470821,S3-700114989,S3-861033604,S3-627288259,S3-201721225,S2-898757587,S3-571612037,S3-428080631,S2-396856584,S3-158888297
S1-868165555	S2-936154662,S3-582869635,S3-832704540,S2-658599806,S3-842805991,S2-81639607,S2-779912208,S2-503022118,S2-207255192,S3-189085963,S3-545733550,S3-643191059
S1-126032191	S2-484666172,S2-752123540,S3-806385319,S2-765426601,S2-976085513,S3-763793043,S3-370709278,S3-883935541,S2-372306318,S2-294234383,S3-557531353,S2-222072797
S1-125623285	S3-304684857,S3-224943800,S3-572972091,S2-313214027,S3-690583223,S2-120156835,S3-332130672,S2-270779056,S3-897252251,S2-696994282,S3-290423782,S2-397776583
S1-102111455	S3-479483379,S2-227823968,S2-595251321,S3-42142015,S2-798028683,S3-97100715,S3-234420596,S3-827345112,S2-999592238,S3-469461062,S2-713070501,S3-24514849
S1-577084080	S3-241884933,S2-434103973,S2-478424317,S3-144039850,S2-664417193,S3-627564690,S3-516649726,S2-674204025,S3-659016336,S3-389570695,S2-975330333,S2-931273334
S1-4055591	S3-446307203,S3-430221575,S3-337301959,S3-191401031,S3-7782820,S2-753701452,S2-504636382,S3-130436756,S3-530951457,S3-120746356,S2-382007235,S3-946257699
S1-154464604	S3-847940788,S3-633826172,S2-149890720,S2-31831201,S3-638806530,S3-901533685,S3-115464655,S2-934065624,S3-981209129,S2-988878048,S2-609775750,S2-677807650
S1-815601813	S2-313133254,S3-796792022,S3-374851174,S3-848235732,S3-404085649,S3-849848710,S3-23209092,S2-450855893,S3-548949790,S3-96981069,S2-535786921,S2-3652110
S1-590643676	S3-671519208,S3-522389227,S3-452709955,S2-889978018,S2-74997335,S2-57423182,S3-110462826,S3-390386774,S3-394659309,S3-453775896,S3-753916558,S2-516364299
S1-934507412	S3-641364188,S2-665246414,S3-511312440,S2-980695829,S3-533118003,S3-757318922,S3-543739161,S3-835500363,S2-25179500,S3-998538081,S2-330336344,S2-406294803
S1-982650506	S3-918010864,S3-654725458,S2-379889571,S3-268569895,S3-269091539,S2-944475610,S3-267490722,S2-141436318,S2-295069481,S2-806526923,S2-422324466,S3-256356934
S1-797209202	S2-887407660,S3-909493909,S2-534547841,S3-227089725,S2-622385392,S3-870772740,S2-886182383,S2-125965932,S2-581830250,S2-926178140,S3-521285519,S3-812382089
S1-525856483	S3-451459496,S3-316039014,S2-465171015,S2-547837069,S3-551854787,S3-457598746,S2-401544526,S3-122692366,S3-72664218,S2-518644295,S2-995464582,S3-931687121
S1-121275871	S3-101145251,S3-210514302,S3-701563500,S2-264249838,S2-396387862,S3-562638638,S3-684881501,S2-438172619,S2-679236208,S3-324846142,S3-294924872,S3-702948072
S1-683717641	S3-399450189,S3-566399138,S3-35273341,S3-305867460,S2-513697129,S2-770855476,S3-300747572,S3-428505295,S2-983377125,S2-178427621,S2-188843574,S3-30933549
S1-844455513	S3-76519626,S2-170647851,S3-490634278,S3-142163094,S2-740374135,S2-337325681,S2-821368416,S2-80808408,S2-347750944,S3-804987761,S2-905572155,S3-522628259
S1-491355091	S3-451852663,S2-779321490,S3-662022764,S2-419187538,S3-863818803,S3-385173020,S2-360707163,S3-680059647,S2-235949944,S3-95577949,S3-994845487,S2-409684744
S1-99856041	S3-288618422,S3-685249433,S2-570532668,S3-909217869,S2-929943332,S2-916315844,S3-343392284,S2-519558,S3-562747164,S3-684427672,S3-622230895,S3-518468958
S1-831858658	S3-263995893,S2-437885827,S3-635600790,S3-336024587,S2-36975594,S3-419093198,S3-21485336,S3-868862296,S3-65934554,S3-846319119,S3-834535985,S3-34969607
S1-998938906	S3-688727779,S2-190893406,S2-125120931,S3-489990009,S3-513879520,S3-854474626,S3-712610003,S3-64251137,S3-525360788,S3-864484347,S3-748480694,S2-172485620
S1-960715502	S3-333223864,S2-636607092,S3-661239232,S3-925852290,S2-68188208,S3-809282079,S2-905208411,S3-39073916,S2-985923170,S3-622843178,S3-917658367,S3-185879105
S1-899133727	S2-84472953,S2-282911995,S2-188092473,S3-629535992,S3-466990780,S2-138353456,S2-310040772,S3-350721307,S3-474221254,S2-722954043,S3-14113894,S3-752503910
S1-806934629	S2-796841943,S3-938848497,S3-383899235,S3-305913680,S2-349910889,S2-315777950,S3-785839172,S3-721182862,S3-15996047,S3-13614812,S3-418777890,S3-851309161
S1-948002890	S2-694378528,S2-80430752,S3-152252781,S3-921447831,S2-234611783,S3-991732639,S2-864751036,S3-76028847,S3-332400007,S3-763551489,S3-674381518,S3-293519262
S1-130747224	S2-836861881,S2-433847230,S2-595179774,S3-637675210,S3-917798280,S2-260229290,S2-168433843,S3-977530682,S3-37573940,S2-93202522,S2-117920466,S3-950773799
S1-571272823	S2-481954755,S3-456420308,S3-118774333,S2-79685096,S3-240161343,S3-225265552,S2-498518245,S3-578333796,S3-118278991,S3-11979063,S3-945593811,S2-384754139
S1-115885858	S2-836191674,S3-279457670,S2-590496446,S2-547671195,S2-902648532,S3-872723591,S2-778238488,S3-793898864,S2-782273727,S2-458893090,S2-21369025,S3-326123901
S1-574326409	S2-267751419,S3-10290301,S2-410180336,S3-636211304,S2-478877252,S2-304569981,S3-28795708,S3-712456754,S3-963262316,S2-346254408,S3-120756273,S2-63727447
S1-55554536	S3-288179437,S3-586653733,S2-782985041,S2-618569633,S2-33357525,S3-86848998,S3-761994008,S2-823456220,S2-578090650,S3-240401241,S3-717532517,S3-658205529
S1-692424263	S2-372491091,S3-535689531,S2-456138319,S3-424283137,S2-452383626,S3-230101500,S2-277656166,S2-296818110,S2-376957837,S3-801010275,S2-395681801,S3-244163861
S1-422823667	S2-100915261,S2-782958098,S3-539553121,S3-578799498,S3-568300109,S3-767903716,S2-516408182,S3-863266251,S3-985952003,S2-783241566,S2-531699773,S2-602509697
S1-152832643	S3-123962112,S3-603790749,S2-137011146,S2-177998967,S3-713697307,S3-491944001,S2-215644693,S2-221270880,S3-791991813,S3-402903858,S2-984590575,S2-478720624
S1-72197215	S2-931379455,S3-901689802,S2-856345580,S2-780456987,S3-242835272,S3-236375206,S3-860257899,S2-606294516,S2-731578283,S2-302378797,S3-817992517,S2-575537357
S1-939168950	S2-927795925,S2-726449137,S3-38997735,S3-71032637,S3-625238337,S3-443835286,S3-276693433,S2-415983141,S3-525567002,S2-154153456,S2-214457431,S2-220493570
S1-833412872	S3-203057111,S3-94132324,S3-639903951,S3-56971529,S3-245684206,S3-876988039,S3-55784500,S3-594267585,S2-836301876,S3-572577638,S3-718374358,S3-335574286
S1-476361546	S3-618179860,S2-542564355,S2-109645247,S3-635187198,S2-829848248,S2-774501565,S2-349176045,S3-571928033,S2-324869397,S3-13068341,S2-38884994,S3-23697624
S1-154636396	S2-412646860,S3-461384150,S3-885035395,S3-894012784,S2-95374294,S2-65836039,S3-676882696,S2-265521298,S2-325643596,S2-743814342,S3-219468583,S3-35593086
S1-13454436	S3-694665536,S2-7026409,S2-42044075,S2-496252276,S3-947089829,S2-469009693,S3-500360768,S3-136526804,S2-794244508,S3-731033904,S3-498559322,S2-547195177
S1-559161481	S2-884854124,S2-565129409,S3-579377395,S2-883304018,S3-398871059,S2-712471459,S3-7607861,S2-675575956,S2-293940902,S3-335239993,S3-381004759,S3-694976817
S1-687135529	S2-871975909,S3-975964969,S3-427512123,S2-813448039,S3-83463657,S3-590318935,S3-131760651,S2-421095557,S2-834215643,S2-183916155,S3-477493556,S3-876156139
S1-445607577	S2-526576050,S3-589551215,S3-732771040,S3-356493272,S2-539828745,S2-506409887,S2-761816123,S3-334497321,S3-965261456,S3-263242693,S3-2642704,S3-578620428
S1-594708865	S3-179268074,S3-27318491,S3-710698560,S2-997320743,S2-899400479,S2-48063672,S3-678869429,S3-282957671,S3-386827239,S2-257586934,S3-470329118,S3-132166736
S1-643629852	S3-641709632,S2-177353296,S3-310731351,S2-298314448,S3-894190965,S3-547675667,S2-341763282,S2-324562582,S3-984819399,S2-421906799,S3-625584595,S3-715491440
S1-498296224	S2-309307916,S2-132876917,S2-96785177,S3-919312295,S2-978313029,S3-98371299,S3-648685646,S3-54843509,S2-911087788,S3-431194979,S3-798942206,S3-325233579
S1-447245573	S3-50237598,S2-136162603,S2-246474957,S3-624568995,S3-645944343,S2-481724849,S2-890407730,S3-809234240,S2-484790600,S2-262887606,S3-660158548,S2-884788997
S1-947274590	S2-997761260,S3-74030039,S3-655029692,S3-54059932,S3-417536257,S2-229753896,S2-783730245,S3-874999627,S3-36316937,S2-554317037,S3-763857583,S2-585584086
S1-699645402	S3-321421561,S2-799859014,S3-709771495,S3-841626252,S3-412049747,S2-310328019,S3-14278627,S2-469649451,S3-16553581,S3-78496657,S2-721164390,S2-129624239
S1-624989970	S3-258179674,S2-214084621,S2-89564440,S2-248755641,S2-485628327,S2-819382915,S3-671580807,S2-539532575,S3-5786044,S3-73633596,S3-973009861,S3-524288467
S1-390113910	S2-668132407,S3-554137898,S3-872753148,S2-82147734,S2-990017532,S3-292451840,S3-693400650,S3-477663377,S3-227294147,S3-555077565,S3-921320373,S3-344953880
S1-270420170	S3-579907739,S3-30961775,S3-765093570,S3-260996013,S2-50518516,S2-261260733,S2-384370424,S2-504256804,S2-668032455,S3-324254891,S2-906109915,S2-815925803
S1-161076129	S3-783427934,S3-116277098,S2-441276923,S3-194488865,S3-562336202,S3-304748580,S3-413855320,S3-677700128,S3-97677299,S3-976493519,S3-611660440,S3-775165599
S1-144674915	S3-480427713,S2-702322393,S3-36381454,S3-514249640,S2-554169736,S3-58987076,S3-66819778,S3-72833960,S3-695389987,S3-579936947,S3-699507155,S3-318531381
S1-736833461	S2-999441787,S3-115310522,S3-616018469,S3-653131256,S2-838463000,S3-431500884,S3-934436378,S2-124711010,S2-319168451,S2-343403282,S3-863443425,S2-435093772
S1-905469806	S3-895579264,S2-286255901,S3-982921056,S3-330614510,S3-584436078,S3-375556490,S3-860708392,S2-391023949,S3-945847330,S2-772367711,S2-234134278,S3-77706737
S1-69205908	S3-651563823,S2-496872745,S3-16314784,S2-610203762,S2-682940909,S3-332593561,S3-76513277,S3-469795537,S3-435198380,S3-242155977,S3-527175359,S3-655340620
S1-988484599	S3-735522529,S3-205204537,S2-677525925,S2-897575310,S3-490010543,S3-282157440,S2-870555629,S2-421853203,S3-670554216,S3-148148581,S3-385736880,S2-666097090
S1-623603592	S2-425722690,S2-654848687,S3-406347532,S3-518857835,S2-872569261,S2-823902274,S3-483051594,S2-837038253,S2-206916910,S3-455899436,S2-848212193,S3-936391706
S1-139388421	S3-631943796,S3-678810340,S2-550247491,S2-663133640,S2-880534685,S2-674872776,S3-293171718,S3-923567259,S3-565506729,S3-481362130,S3-715268788,S3-219177097
S1-81761802	S2-927392287,S3-467060103,S3-950159493,S3-23006638,S3-423628859,S2-156361107,S3-907232148,S3-852948514,S3-653952648,S3-236331514,S2-206040506,S2-119518714
S1-632702764	S2-502752669,S2-31943279,S3-840103838,S3-331831017,S2-399560495,S3-8206463,S2-144390715,S2-978544760,S2-704727084,S2-442644716,S3-844347907,S2-225050144
S1-89537501	S2-198931570,S3-834397517,S2-872502100,S3-726232315,S3-498116999,S2-299950897,S2-700600669,S3-367625335,S2-752038408,S3-549030497,S3-53128955,S3-563436011
S1-926611217	S3-713200470,S3-272836374,S2-854472162,S3-113975354,S3-197107828,S3-836101818,S2-597907116,S2-180529071,S3-786507329,S2-47526648,S2-409706632,S3-158232273
S1-907321035	S3-328076627,S3-766903797,S2-773625012,S3-195498547,S3-597250720,S2-193704720,S3-318032940,S2-664256116,S2-554927455,S3-955225806,S3-176734536,S3-754208588
S1-103706011	S2-361430995,S2-859002049,S3-649410647,S3-652991002,S3-831065169,S2-44809673,S3-343876807,S2-601703414,S3-287115284,S3-81967985,S3-261751476,S3-773404165
S1-518100323	S2-980277785,S2-561694776,S2-855145951,S2-897787481,S3-228087756,S3-306818167,S2-14021429,S3-372426034,S3-755062710,S2-336139682,S2-765374578,S3-401898766
S1-418040968	S3-745591466,S2-822498019,S2-48594020,S3-193493925,S2-136710095,S2-54520498,S3-224939820,S3-395405879,S3-158888297,S3-8428030,S3-119679588,S3-823773817
S1-195393959	S2-550617636,S2-868686291,S2-490128219,S3-18919697,S2-396254114,S2-262236334,S3-977996040,S3-364772989,S2-110137049,S2-801653821,S3-449809069,S3-411259286
S1-476387357	S3-543853697,S2-90359793,S3-754651293,S3-437552965,S3-626938390,S3-287402859,S3-92927838,S3-891745028,S2-844566186,S3-332376624,S3-668332164,S2-835115474
S1-631303958	S3-90322954,S3-406419747,S3-612061791,S3-997578570,S2-12573133,S3-639117020,S2-10365607,S2-243158998,S3-831753648,S2-299776247,S3-413195829,S2-110347097
S1-321142680	S3-16983412,S2-824671473,S2-812569217,S3-716422629,S3-508238900,S3-38343612,S2-196111341,S2-417167747,S2-36880661,S3-365319675,S3-1632767,S2-402683569
S1-98344275	S3-630379007,S2-558289754,S2-11099065,S3-281924129,S3-622228389,S3-910278275,S2-299996933,S2-58314767,S3-498007227,S2-342550116,S2-911570750,S3-773516753
S1-205985365	S3-450238898,S3-290048385,S3-82873837,S2-270022474,S3-446698849,S2-598527068,S3-759357669,S3-16110500,S2-227644093,S2-311333252,S2-850412757,S2-30934354
S1-728543001	S3-115710310,S2-128601480,S2-360166300,S2-122085919,S2-222871645,S2-587581850,S2-650447692,S3-831161439,S2-267670979,S3-650958266,S2-559764186,S2-922105776
S1-87312585	S2-684007937,S3-815206337,S2-464723763,S2-299688232,S2-524840077,S2-11848486,S3-655231337,S3-627467225,S3-174098852,S2-260060206,S3-634031650,S2-409610153
S1-449014406	S3-557034019,S3-947325157,S2-836102409,S3-32467207,S3-924873083,S3-620416556,S3-689428971,S3-300143560,S3-707449497,S2-351316602,S2-767493678,S2-775430268
S1-987790458	S2-595911367,S2-853723815,S2-576629831,S3-24470830,S2-694966664,S3-179496599,S3-779000848,S3-315499175,S2-655407628,S3-496684894,S3-410846421,S3-101642019
S1-460117109	S3-603746210,S3-608259983,S3-45171475,S2-54728662,S2-157417390,S3-983186015,S3-275400578,S2-809642006,S3-460406031,S3-722595171,S2-611732043,S3-325539242
S1-840118499	S2-572602779,S3-28976953,S2-659861929,S3-70967882,S3-292320472,S2-575609700,S2-869116694,S3-941188957,S3-296928402,S3-76451866,S3-881248555,S3-549978851
S1-92010556	S2-873544856,S3-896021047,S3-912366442,S3-103694625,S2-323163678,S3-802067150,S2-921561702,S3-633992478,S2-267875696,S3-937406082,S3-216459450,S3-866472869
S1-712704483	S3-433765919,S3-602460147,S2-744275958,S3-150616806,S2-940360505,S2-263007573,S3-713173476,S2-144301647,S2-463084406,S3-611584143,S2-956283207,S3-762431111
S1-899155024	S2-244026010,S2-85178611,S3-466308181,S3-793295755,S3-953142300,S3-222986330,S3-603549334,S3-719871277,S2-869840499,S3-679081090,S2-835239405,S3-488854963
S1-921579013	S2-644813496,S2-712791977,S2-528403657,S3-706496320,S2-903615282,S2-282899069,S2-212869617,S2-730505567,S3-903129801,S3-114533042,S2-859770214,S2-494536314
S1-104738800	S2-834640606,S2-519930481,S3-1479127,S3-66449906,S3-283883372,S2-786181769,S3-886837614,S2-216753114,S3-716045121,S2-663731714,S2-842943274,S2-894819618
S1-960020675	S3-399370294,S2-332225099,S3-178002285,S3-509491510,S2-560493835,S3-650036841,S3-204643628,S2-5364986,S2-44141673,S3-650195989,S3-772262963,S3-465261938
S1-508222612	S2-108585696,S2-240150688,S2-740082129,S3-374474968,S3-58935252,S3-33121372,S2-239926383,S2-862109638,S3-504831669,S2-423805981,S2-922399042,S2-84307048
S1-36871336	S3-982036779,S3-980815228,S3-206200000,S3-133837766,S2-308639906,S3-886079378,S3-237850606,S3-259427140,S3-154004148,S3-28963581,S3-692437535,S2-298579992
S1-473890660	S2-661371712,S2-709873679,S3-906121269,S2-570278426,S2-888702453,S2-26590965,S3-298982751,S3-912933942,S3-318813574,S2-217024563,S2-249265845,S3-91583897
S1-438287638	S3-719286849,S2-165541417,S2-655902866,S3-517609110,S2-198782475,S3-671627166,S3-326043760,S3-22129772,S3-44479552,S3-712117196,S3-116397945,S2-450399403
S1-67697852	S3-802752335,S3-386542684,S3-185053802,S2-913660225,S3-734634258,S3-678157268,S3-245072145,S2-364624119,S2-268008353,S2-353425649,S2-925147909,S3-212500873
S1-79682816	S3-601529977,S2-456628594,S3-520772677,S2-765862232,S3-614390060,S2-313761338,S2-9829062,S2-5225218,S2-183697134,S3-450223590,S3-333343496,S3-362447630
S1-545208031	S2-390745092,S2-578451892,S3-68648449,S2-23758749,S2-464587701,S3-711760949,S2-649932122,S3-580106744,S3-615514765,S2-818984385,S3-837575483,S2-683204221
S1-291512820	S2-166424975,S2-313511071,S3-605739389,S3-273386154,S2-104485692,S2-157754843,S2-544922062,S3-531630989,S3-798566395,S3-552244766,S3-742979090,S2-472203854
S1-132674673	S2-997549586,S3-514269638,S2-447742279,S2-108797723,S3-525997321,S3-775921438,S3-207573896,S2-409121625,S3-498358731,S2-154604859,S3-960720594,S3-242989012
S1-201232884	S3-194471240,S3-959714119,S3-1907260,S2-61675814,S3-482672670,S3-340331632,S2-563016361,S3-881424846,S2-210233645,S3-417920828,S2-843821405,S2-401516084
S1-185621497	S2-921224674,S3-489990009,S3-854474626,S3-525360788,S3-740340656,S3-440006005,S3-38456671,S3-313760860,S3-225538998,S3-644729639,S3-666209074,S3-498334565
S1-739578785	S3-80859618,S2-188680365,S2-872168369,S2-671918427,S3-243789489,S3-480873314,S2-993303228,S3-641382794,S3-9866947,S2-688646113,S2-260185789,S2-174345169
S1-54464183	S2-703989158,S2-233530943,S2-459910399,S2-692712904,S2-224978222,S2-633766746,S3-34029486,S3-242225375,S2-511823550,S3-840106060,S2-830263165,S3-767093690
S1-575710437	S3-502228740,S3-794008365,S2-193704720,S3-798314243,S3-525957756,S3-955225806,S2-554927455,S3-252021642,S3-568407435,S3-660876786,S3-733917458,S3-806300121
S1-298875387	S3-360864563,S3-53052444,S2-419928946,S2-364975446,S2-181375078,S3-821037381,S2-576212404,S2-518625785,S2-319176236,S3-754442672,S3-233462207,S3-28012461
S1-902655206	S2-917564493,S3-272165405,S2-878077172,S2-711300843,S3-225895760,S2-30247369,S2-326662577,S3-951609476,S3-142246732,S3-957922978,S2-418871209,S3-796747682
S1-430591168	S3-212702334,S3-921156682,S3-784460943,S2-586110624,S3-75093437,S3-240016231,S3-117178666,S2-811927698,S2-427721361,S3-816946904,S3-580855503,S3-646493689
S1-984552295	S2-603578344,S2-38362661,S3-337904240,S2-853169302,S2-215178415,S3-888063453,S3-852404339,S3-497371831,S2-557857152,S3-798745712,S2-675405621,S3-133618566
S1-968739877	S3-618250833,S3-63514460,S3-779779882,S2-913913653,S3-113464810,S3-666251802,S3-546024945,S3-737307801,S2-430335191,S2-551790694,S2-692032722,S2-287895400
S1-943701517	S3-422958922,S2-181502751,S2-320507894,S3-502764322,S3-976237213,S2-394366042,S3-666502939,S3-19246483,S3-637487358,S2-513623225,S2-103901974,S3-472836186
S1-422628911	S2-731688233,S2-549751280,S3-803678908,S3-527397773,S3-529957997,S3-122176911,S2-382547634,S3-261780791,S2-959263279,S3-14839370,S2-203691249,S2-954697461
S1-909143458	S2-647414015,S3-572973605,S3-155535582,S2-670256394,S2-598473303,S3-710820365,S3-712699618,S3-863289894,S3-871643001,S2-488026195,S3-251132645,S3-51343859
S1-322760691	S3-161159213,S3-381567866,S2-69577574,S3-376487742,S3-835903862,S3-728173605,S3-26803447,S3-970532016,S3-647792024,S3-826623977,S3-842553868,S3-253865524
S1-968329492	S2-269547856,S3-798189718,S3-911032783,S2-281505671,S2-988274088,S3-494233465,S3-919391110,S3-639279167,S2-332197224,S3-685776457,S2-199802856,S2-478653184
S1-788955536	S2-860295028,S2-998300406,S3-218219611,S2-775155722,S2-644336805,S2-199473884,S2-320528873,S3-20490448,S3-672970092,S2-318892502,S2-921098491,S2-803799178
S1-809710133	S3-79123400,S2-286793652,S2-847259596,S2-669548457,S3-763437965,S2-540469254,S2-264417321,S2-764139562,S2-82432181,S3-929671098,S2-670169325,S2-101618649
S1-77394474	S3-337505733,S2-398427445,S2-253570818,S3-503312311,S2-48827535,S2-146655839,S2-726780514,S3-722760964,S3-522153444,S2-938103449,S2-913367596,S2-482845274
S1-430781126	S2-554400975,S2-824264682,S3-855171253,S3-375778748,S3-258016776,S2-776538276,S2-858224857,S3-868881482,S2-440030772,S3-900719026,S2-517823817,S3-830798162
S1-314051237	S3-197966979,S3-73904542,S2-175515118,S3-348972407,S2-489377901,S3-799482026,S2-33821807,S3-785650724,S2-716850929,S3-932764100,S3-561101127,S3-310657585
S1-471137462	S3-138070747,S3-390671499,S2-681328777,S2-326734948,S2-333200083,S2-17119527,S3-342261194,S2-165844170,S2-190827360,S2-385115003,S2-669923372,S2-463905721
S1-653512986	S3-983900252,S2-843613895,S3-765784606,S3-179424650,S2-914711695,S2-114039561,S3-684935082,S3-206538801,S3-25585065,S3-971910191,S3-98109248,S2-662612933
S1-777136779	S3-368926890,S2-202627572,S3-459643975,S3-250386112,S2-208240175,S2-816295709,S3-579233180,S2-9693226,S2-158670213,S2-9154550,S2-101623758,S2-568383
S1-55975658	S3-317961216,S2-404664111,S2-829181311,S2-668592356,S2-84940443,S3-517348795,S2-363006048,S3-341326013,S3-40466818,S2-854875219,S3-837210505,S2-526092562
S1-690420510	S2-15281840,S2-874057894,S3-936817468,S3-937276187,S2-230959314,S2-520639035,S2-393303003,S2-605811286,S2-628741583,S3-872602171,S3-4181278,S2-853636587
S1-640416043	S2-340354449,S2-693375697,S2-171938818,S3-334029637,S2-224096438,S2-370634753,S2-666917282,S3-543656102,S3-899392785,S3-32795406,S2-826824763,S3-70281974
S1-440963048	S2-616440773,S3-887100711,S2-398526110,S2-320773884,S2-548386655,S2-734145138,S3-104627526,S3-55230062,S3-800489027,S3-361385801,S2-41862151,S2-132219482
S1-547961154	S3-31858,S2-139949187,S2-437959368,S2-375747431,S3-848006678,S3-637462512,S2-142138639,S3-570443277,S2-167837642,S3-338185173,S2-668034591,S3-482378883
S1-27837146	S3-914491461,S2-479858322,S2-528118408,S2-650207154,S3-724313136,S3-551095704,S3-963783821,S2-196668384,S2-822077279,S3-580754126,S2-802105480,S2-793641572
S1-250061606	S3-270772439,S3-304194042,S3-423855106,S3-408323695,S2-24908291,S2-5790021,S2-843454874,S3-475211152,S3-936959000,S3-837464811,S2-381693556,S2-37089358
S1-801415066	S3-966288321,S2-405565677,S2-129234661,S3-488059734,S3-765784606,S3-179424650,S2-114039561,S2-914711695,S3-98109248,S3-206538801,S3-25585065,S3-971910191
S1-367544083	S2-60404880,S2-600543738,S3-933346769,S3-693825893,S2-392543769,S2-833024060,S3-770674232,S2-189648660,S3-736376581,S2-471406393,S2-481786136,S3-175525237
S1-131421481	S2-718110494,S3-672664021,S2-582468657,S2-453376221,S3-467135465,S2-944378849,S3-305288382,S3-279672119,S3-741714886,S2-390880308,S2-794034815,S3-242739033
S1-231222622	S2-51991412,S3-167054528,S2-817563529,S2-350937803,S2-138551828,S3-216464483,S2-857303881,S3-45962138,S2-411508522,S2-657431608,S3-709235,S3-877489265
S1-306901587	S2-78661998,S3-925378850,S2-903264926,S3-776477822,S2-217199497,S2-590784597,S3-341237085,S2-450800583,S2-553085290,S3-782046429,S2-83082868,S3-969946375
S1-921490156	S3-22209492,S2-600798110,S3-185971595,S3-44723417,S3-520396645,S2-551831188,S3-287661074,S2-181255466,S3-909205824,S3-965563846,S3-305231301,S3-384044649
S1-644770716	S3-768559191,S3-30544937,S2-606712551,S3-471330485,S3-740872129,S2-302786680,S3-243814055,S3-180259295,S3-904507812,S2-836317060,S3-518650396,S2-125427876
S1-872682860	S3-162907687,S2-770652014,S3-666611504,S2-884603284,S2-926145775,S3-221022178,S2-63431881,S3-361102168,S2-139970387,S2-572273251,S3-1907260,S3-959714119
S1-715968943	S2-911464004,S3-615519029,S2-720330011,S2-381310865,S3-536441475,S3-433890251,S2-305217340,S2-367187069,S2-42950232,S3-864065894,S2-58769420,S3-735098010
S1-357370182	S3-720390403,S3-427586684,S3-217882834,S3-847591014,S2-772757606,S3-865297048,S3-752279517,S3-122764855,S3-774791333,S2-66993204,S3-994366465,S2-368869209
S1-722307224	S3-941707734,S2-831479626,S2-483902650,S3-181723656,S3-430500618,S3-481649817,S2-915632644,S3-739365133,S2-489167768,S3-779850645,S2-286619452,S3-895392506
S1-572586464	S2-257741093,S3-676451438,S2-748485705,S3-156964306,S3-399986308,S3-171560152,S2-860427952,S3-676871578,S3-323976091,S2-401048973,S3-896315795,S2-779032410
S1-207390239	S3-988082226,S3-612389644,S3-819148861,S3-402225098,S2-752011358,S2-550534202,S3-288774806,S3-799776390,S3-880050348,S3-93127445,S2-868087493,S2-700492481
S1-461136934	S3-675845236,S3-916314668,S2-429888618,S2-155842854,S3-42080580,S2-600197830,S3-96981069,S2-621375880,S2-867474507,S2-348893603,S3-121057056,S3-752561361
S1-724922746	S2-477995766,S2-545103334,S2-508482484,S3-927316327,S3-614405445,S2-410297289,S3-554052817,S2-213709423,S3-429477431,S2-153795817,S2-106589851,S2-271308697
S1-637811161	S2-58274076,S3-649966130,S3-400003169,S3-746307630,S3-451389109,S2-730923652,S2-216049894,S2-780869593,S2-988022320,S3-433028487,S3-652432691,S3-167538450
S1-404725135	S2-363365953,S3-54482504,S2-760926482,S3-688303486,S2-626375560,S3-249079967,S2-893501959,S2-189207114,S3-983337738,S3-817768082,S3-835683943,S3-248058887
S1-882877527	S2-385561999,S3-719442411,S2-979870620,S2-717715830,S3-429367458,S3-858679856,S2-566763126,S3-438493997,S3-396648006,S3-309201129,S2-362378593,S3-678241223
S1-531648870	S2-867691665,S2-878278357,S2-920278677,S2-296126007,S3-713571545,S3-71894156,S3-233792355,S2-569708858,S3-778748354,S3-663226571,S2-799420667,S3-746666816
S1-228306430	S3-949597519,S2-230727342,S2-916973404,S3-760111749,S2-544173236,S2-82912639,S2-560477641,S3-93562107,S2-549485084,S3-37952559,S3-541620329,S3-724300446
S1-50897949	S2-561644501,S3-249287349,S2-904609361,S3-101160277,S3-734405679,S3-392985932,S3-768020477,S3-190487822,S3-245326655,S2-909728893,S2-743991659,S2-500377097
S1-145311497	S3-336083439,S2-873875754,S2-456596983,S3-579294017,S3-389133840,S2-193704720,S3-652174712,S3-868587327,S3-776452770,S3-338832582,S2-595554874,S2-374773445
S1-120036257	S3-785227093,S3-921204439,S3-873198349,S2-23507365,S2-549647732,S3-814629203,S2-757048284,S2-94492581,S3-271194443,S3-204052143,S3-233640456,S2-910480365
S1-63643505	S2-197925801,S3-527959984,S3-386246204,S3-351171221,S3-375282434,S3-989465352,S3-246109248,S3-820199922,S2-647276766,S3-837907227,S3-173469254,S3-51389002
S1-460404648	S2-880736323,S2-922308087,S2-84782370,S2-232914509,S3-450520320,S3-592413197,S3-681065817,S2-364422917,S2-18255219,S3-311864422,S2-883119886,S3-850184767
S1-461308988	S2-717139939,S2-702995843,S3-496828507,S3-431934468,S3-95492087,S3-716045121,S3-66449906,S2-222116723,S2-410316633,S2-216753114,S3-886837614,S2-786181769
S1-453283634	S2-327503331,S2-103090961,S2-876245791,S3-43427645,S2-170119272,S2-717736070,S2-9188947,S2-745611558,S3-250559817,S3-559783233,S3-543052875,S3-457341213
S1-323351825	S3-264505379,S2-802840973,S3-374859767,S3-800598719,S2-534233821,S2-74889000,S3-242585604,S3-584405919,S3-112641811,S2-120079850,S3-194122023,S2-463809939
S1-7159153	S3-39421574,S3-212938203,S3-788023143,S2-800700118,S3-23246527,S3-131850935,S3-6250339,S3-779390477,S3-983627034,S3-504178767,S2-881870969,S3-644952247
S1-349220827	S3-814522559,S2-189739102,S2-870906728,S2-922169475,S3-833577315,S3-641850503,S2-564904777,S3-513635989,S2-745729502,S2-354370464,S2-706195459,S2-547905255
S1-8111647	S2-500192058,S3-644973281,S3-151186628,S2-428312891,S3-211556642,S2-472707870,S3-399351384,S2-734514388,S2-906894630,S2-602596078,S2-198664118,S3-528430682
S1-709739042	S3-735795755,S2-521218242,S2-683291355,S3-75594938,S3-308659530,S3-210077493,S3-654892123,S3-332776298,S3-751882084,S3-330385668,S3-231741075,S3-82528436
S1-887424530	S3-222016581,S3-482715068,S2-847016450,S3-985034566,S3-662321721,S2-223661096,S3-598109219,S3-735921417,S2-390677917,S2-625019139,S3-127069452,S2-254388930
S1-292705274	S3-345761703,S3-816135118,S2-477342330,S2-982325951,S2-795157344,S2-648219065,S2-417795905,S2-216633914,S3-268857604,S3-409623169,S2-763571875,S3-638492508
S1-10626835	S2-476619826,S2-947846387,S3-934014631,S3-53979786,S3-597250720,S2-193704720,S3-490576692,S3-868587327,S3-776452770,S3-318032940,S3-338832582,S2-304215396
S1-575729935	S3-614030073,S3-492566902,S3-46551682,S3-812936677,S3-749283249,S2-305194698,S2-173889988,S2-889512347,S3-762129570,S2-719543667,S2-594461706,S3-472423373
S1-821655965	S2-968161665,S2-806025680,S2-487493131,S3-450212173,S2-45078624,S2-220404664,S2-412802784,S3-552518186,S2-81489048,S3-402774493,S2-496901731,S2-908897007
S1-884886849	S3-162316622,S2-670049120,S3-188477899,S3-351530231,S2-20062493,S3-408814313,S3-621298138,S3-309906277,S2-654223794,S3-924407454,S3-225326481,S3-205366174
S1-331409561	S2-441850372,S3-39902598,S3-567945427,S3-841780399,S3-156290905,S3-908991088,S3-906506899,S2-833484179,S2-987272022,S3-350164008,S2-134733805,S3-684849602
S1-380226084	S2-836012800,S3-139303083,S3-371524187,S3-296949729,S3-162699275,S3-740429901,S2-951925284,S2-706946171,S3-956725263,S2-842498116,S2-81130668,S2-317286786
S1-714914571	S2-326048200,S3-774397483,S2-34155685,S3-513059242,S2-638263407,S3-927316327,S3-614405445,S3-554052817,S2-409706777,S3-495471796,S3-429477431,S2-883051500
S1-28347314	S2-808560830,S3-527449906,S2-941807208,S3-815798604,S3-228833175,S2-316644351,S3-365052181,S3-300644546,S3-543892127,S2-894860443,S2-345933957,S3-470693066
S1-727122870	S3-783255475,S2-164559151,S3-950365951,S2-889315202,S3-628444742,S2-413084263,S3-239982417,S2-17724635,S3-786672722,S2-521381905,S2-393143690,S2-248633526
S1-780547539	S3-456748203,S2-463105639,S2-477140716,S3-400663710,S2-421095557,S3-389662511,S3-830035370,S3-367602668,S3-22704711,S3-135222414,S3-386326469,S3-447137640
S1-166280641	S2-521740157,S3-109242899,S2-117364684,S3-492636690,S3-651912075,S2-628614451,S3-613876166,S3-623571451,S3-854100628,S2-822435886,S3-571469380,S2-785667619
S1-100097160	S3-409947470,S2-831336264,S3-792381340,S3-116057957,S2-383776496,S2-20026828,S3-797033106,S3-551918429,S3-780239342,S2-132422356,S3-179945529,S2-150281973
S1-428699602	S3-541629237,S3-794331398,S3-844476345,S3-849209812,S3-558273029,S2-327655528,S3-22924970,S3-623788524,S3-366918605,S2-67700466,S2-288251697,S2-186194976
S1-63160245	S3-409936458,S3-241281464,S3-532157207,S3-400389565,S3-599427085,S2-447221703,S2-816341185,S2-396233982,S2-452030367,S2-243824017,S2-258348859,S3-251396553
S1-671183648	S3-804786709,S3-955819978,S2-397052449,S3-512124311,S2-831634078,S2-32230175,S2-209610219,S3-449331757,S2-705018009,S2-178068910,S2-868345546,S2-679310355
S1-872662229	S2-31103437,S2-717927103,S3-249100276,S3-461099336,S3-798548730,S3-530700548,S3-254500580,S3-325583545,S2-475065679,S3-185068485,S2-535554082,S3-537749879
S1-785384834	S2-759817181,S3-684835293,S3-229464828,S3-579936947,S2-111009818,S2-898245853,S3-580130150,S3-58987076,S2-522903472,S3-352424910,S2-973689628,S3-915739721
S1-236145941	S2-117310834,S2-530652194,S3-906243168,S3-389163264,S2-461442870,S3-847039689,S3-805860293,S2-746840854,S3-512116282,S2-397515025,S3-603030591,S2-939031595
S1-857030148	S2-233023318,S3-990028826,S3-814570749,S3-440469801,S3-708659959,S3-822086800,S3-535133073,S3-419591903,S3-476138486,S3-520967852,S2-763655180,S2-860681893
S1-275778357	S3-630580434,S2-653696319,S3-936501765,S2-651357138,S2-287140866,S2-998284074,S3-186555191,S3-701170531,S3-445814085,S3-49450920,S2-428460223,S3-348807965
S1-552953821	S2-64359973,S3-94326135,S3-858661605,S2-925775432,S2-679293924,S3-469000835,S2-581805099,S2-692360429,S3-339490330,S3-580388588,S2-649585179,S3-558190345
S1-289058075	S3-427996737,S2-43489709,S2-78669634,S3-600864023,S2-877363738,S2-37109361,S3-492588146,S2-14310801,S3-481465792,S3-852672558,S3-224912791,S2-762556509
S1-91112920	S3-10155057,S2-338271508,S3-853454649,S3-842105681,S3-74100285,S2-960892234,S2-604692906,S3-964811295,S3-277112159,S2-846033456,S2-521864025,S3-760112159
S1-323590473	S3-700546710,S3-103031184,S2-587200617,S2-815981011,S3-806669772,S3-489163999,S2-869346274,S3-543305101,S3-131317251,S2-64236745,S3-46519627,S2-441897355
S1-872494225	S2-749328084,S3-95374916,S3-777537287,S2-632688942,S3-206798123,S2-18345688,S3-590683988,S2-284104143,S3-480418807,S3-813839761,S2-569054652,S2-888887907
S1-443701700	S3-577447303,S2-758914693,S2-459707300,S3-355023814,S3-660554740,S3-429477431,S3-645342222,S2-935833553,S2-373821925,S2-468883003,S2-923599319,S3-802801637
S1-333734234	S3-259625209,S3-393168269,S2-286499259,S3-661461006,S3-344898999,S3-840807967,S3-318849857,S3-354102734,S3-653699344,S3-243713507,S3-516839951,S3-98811359
S1-535123946	S2-700853314,S2-295275499,S3-185294662,S3-265106488,S2-826407551,S2-46494487,S2-78174299,S2-621890225,S2-666847164,S3-764478237,S3-254352032,S2-686950941
S1-910747945	S3-339890961,S3-58771697,S2-183093502,S3-65595522,S3-484230823,S2-775833453,S3-540759719,S2-969900209,S2-328478244,S2-373904269,S2-146039512,S3-564619834
S1-613089997	S3-764437447,S3-407614525,S2-21632583,S3-593325583,S2-578782499,S3-644137691,S3-293185328,S3-489990009,S3-794610558,S3-854474626,S3-525360788,S3-323127263
S1-683049543	S3-61902923,S2-685758645,S2-525333207,S2-219542884,S3-522334504,S2-927095385,S3-699062323,S3-905910692,S2-468570867,S3-691209461,S2-178039445,S2-525122890
S1-336300303	S2-153432054,S2-817279111,S2-58474532,S3-886091309,S2-739810112,S3-460814444,S2-977889449,S3-558656165,S2-841513030,S3-838327014,S2-420535544,S3-633281783
S1-799003346	S2-79177069,S3-438836738,S3-179142757,S2-734117306,S3-573164314,S3-817507691,S2-306055399,S2-693659090,S2-960050371,S2-750113488,S2-31943279,S3-19130127
S1-815730755	S2-850361704,S3-242077368,S3-482915178,S3-258630586,S3-983782055,S2-461285283,S2-759345503,S2-646077474,S3-3954223,S3-850774772,S3-313147055,S3-283481683
S1-973320675	S3-308924894,S3-144309318,S3-55043465,S2-437455712,S3-526878786,S3-898735120,S2-528322470,S3-293553636,S3-210662027,S2-238727631,S3-926728619,S3-111617281
S1-745181502	S3-534777387,S3-574288888,S3-382460708,S2-640548069,S3-614581797,S3-498065074,S3-224979384,S3-536039214,S3-425939894,S3-672203773,S2-910488257,S2-732067741
S1-585436260	S3-890876200,S3-322142972,S3-508872546,S2-514874029,S3-184871189,S2-316343790,S3-738933292,S2-865528052,S2-607521951,S2-911508392,S2-557605882,S2-467101918
S1-327764402	S2-145415301,S3-939686767,S3-323628955,S2-595175503,S2-920772555,S3-761053987,S2-975611099,S2-990847061,S2-425120662,S3-992955687,S3-204671981,S3-140999088
S1-498795006	S2-394359784,S2-775655445,S2-206709795,S3-276453108,S3-331438328,S3-941133757,S3-2913956,S3-940713514,S3-374730690,S3-478148061,S3-769877511,S2-838084097
S1-532683773	S3-646428121,S2-196469768,S2-21691519,S2-248830147,S3-965735823,S2-359643603,S3-224879631,S3-787002167,S3-738707061,S3-565698506,S3-76010194,S2-642854736
S1-369404536	S2-440762793,S3-799160712,S3-520762056,S3-647305957,S3-626050676,S3-976507005,S3-975641925,S3-923409363,S3-326399182,S2-203289997,S3-376867140,S3-977008140
S1-455804773	S3-762368218,S3-144517784,S2-378449473,S2-772100303,S3-833864565,S3-235606015,S2-507274102,S3-716462697,S3-844166976,S2-3932981,S3-534702575,S2-629232582
S1-781113477	S2-664684263,S3-751121318,S3-628853592,S2-832025860,S2-252450183,S3-663469261,S2-902800202,S3-827816606,S3-250676094,S3-673529685,S3-347974723,S3-469901185
S1-786725149	S3-814676157,S2-279086717,S3-662835691,S2-881930848,S3-328027301,S2-675634121,S2-369475390,S3-670952835,S3-518852050,S2-600737494,S3-104046802,S3-454802767
S1-812138277	S2-174813892,S3-142670407,S3-256960745,S2-591988519,S2-820349263,S3-866657505,S3-918196616,S2-467859852,S2-183592000,S2-160446932,S3-479850485,S3-894260247
S1-315261272	S3-974283403,S3-200351455,S2-546636532,S3-52243563,S3-65629866,S3-338704964,S3-471840538,S3-310443501,S2-380831223,S3-951934242,S3-132321586,S2-500927840
S1-254592401	S3-203167738,S3-909566569,S3-950002512,S3-594877218,S3-101235069,S2-120687797,S3-831708251,S3-529946580,S3-298874496,S3-523005014,S2-733422091,S3-290132704
S1-438530334	S2-518521175,S2-922069977,S2-535592194,S2-723705481,S2-358319618,S3-988937918,S3-463908970,S3-21294609,S2-279119302,S3-996896639,S2-979845185,S3-717833862
S1-863093170	S2-560373500,S2-168220958,S2-506425291,S2-8440963,S3-61339072,S3-623550544,S3-385310799,S3-451654351,S3-769433883,S3-840241330,S3-831708251,S3-427798501
S1-731477130	S2-369255847,S2-700766587,S3-412940903,S3-244787785,S2-809839527,S3-171824369,S3-602776981,S3-487539137,S3-778938123,S3-260560328,S3-960643210,S3-513199977
S1-233535808	S3-361229563,S2-894768005,S3-171225482,S2-141197876,S3-35605428,S2-145314817,S3-407488430,S3-835003585,S3-478749745,S3-604653803,S3-351547424,S3-413122654
S1-271692063	S2-713207113,S3-924621066,S3-679951518,S2-117520755,S3-789634247,S2-723804836,S2-557647791,S3-737699667,S2-666505061,S2-271783697,S2-48171374,S2-796249317
S1-255019889	S2-600219141,S3-632132256,S2-212270104,S3-582068151,S3-122499103,S2-290351059,S3-389133840,S3-848166634,S3-601714002,S3-955225806,S2-25356752,S2-705669287
S1-401904030	S3-558246935,S2-880863090,S3-790737303,S3-281606374,S2-121322541,S3-704451432,S2-227606008,S3-377538238,S2-802537602,S3-149107588,S3-806059787,S2-265189600
S1-132349940	S3-916805781,S2-285714651,S3-642808834,S2-769100276,S3-345764225,S3-122555041,S2-691698465,S2-146208420,S2-394344347,S3-642096136,S2-320584270,S2-696536120
S1-935467742	S2-596041115,S3-381259684,S3-524288893,S2-451893491,S3-558343801,S2-324735245,S3-542991140,S2-18158010,S3-700100848,S3-553253536,S3-129828718,S3-808563641
S1-850221477	S2-265788668,S3-534786221,S3-946705906,S2-222310642,S3-219932131,S2-363066078,S2-135019599,S3-461036390,S3-630381327,S3-428562811,S3-883544313,S3-424996555
S1-789737840	S3-559325078,S2-308703536,S3-847808897,S2-922531069,S3-464272807,S3-505304210,S3-67728158,S2-869742420,S3-488986013,S3-461403624,S3-61619974,S3-822156536
S1-29526636	S2-225082806,S2-946333752,S3-238032725,S2-37287770,S3-462069221,S3-539006264,S3-171677743,S2-51447805,S3-904694674,S2-351766156,S2-678781829,S2-973612954
S1-882923334	S3-873291322,S3-691974803,S2-831025547,S3-772749363,S3-961245096,S2-533280193,S3-947219303,S3-44284168,S2-643273463,S3-948000949,S2-70163054,S2-894065306
S1-970521828	S3-41279981,S2-183646040,S2-434236852,S3-356115923,S2-270385842,S2-927634393,S2-549129518,S3-716223680,S2-313640377,S3-265529408,S2-611362124,S3-251263241
S1-12959749	S3-270828418,S3-667556220,S3-682497036,S2-218345852,S2-520716634,S3-177980074,S2-813122971,S2-655192631,S2-540735469,S3-559986606,S2-498188863,S2-764098440
S1-530721009	S3-373575539,S3-666209074,S3-526408436,S3-392753303,S2-147834406,S3-429919587,S2-153170425,S3-132893370,S3-259697389,S3-766998183,S2-769609167,S3-111994484
S1-625924104	S3-459656562,S3-701521395,S2-542142819,S2-172327406,S2-68116604,S2-485538436,S3-597452200,S3-785985986,S3-775207958,S3-748873403,S3-515322199,S3-312839592
S1-934493113	S2-951330075,S2-310405357,S2-39718939,S2-776127764,S3-175045957,S2-497598678,S3-293034862,S3-316209562,S3-581293431,S3-319518420,S2-325527953,S2-396633424
S1-478509086	S3-94540688,S2-19459482,S3-691274498,S2-480366759,S2-977382582,S2-450011701,S3-174164515,S2-243710705,S3-730171993,S3-359777675,S3-961691112,S2-543911179
S1-670949000	S2-267027462,S2-973461869,S2-756904979,S3-792288065,S3-230547695,S3-668161169,S3-605060527,S3-252495717,S3-164474452,S3-88192956,S3-282287635,S3-624880382
S1-487300190	S2-387703730,S2-884702093,S2-791079807,S3-279837083,S3-67936131,S3-865317173,S3-761009623,S2-762361611,S3-824185992,S3-759833009,S3-49381507,S2-949871643
S1-364637562	S3-431609034,S3-938296323,S2-618224659,S2-741459336,S2-429275719,S3-585922034,S2-925896998,S3-130291078,S3-212333252,S2-304629481,S2-715445990,S2-114866420
S1-710917189	S2-822638313,S3-645244569,S3-904111765,S3-564703748,S3-672799395,S3-163888802,S3-818563737,S2-553007869,S3-63270553,S2-196626812,S3-495147783,S2-666079293
S1-488120035	S2-744341522,S3-99240273,S3-679355870,S2-912441115,S3-722818216,S3-211775256,S3-567622961,S3-676300573,S2-798815814,S3-15744554,S3-117579859,S3-914894514
S1-567771401	S3-95062718,S3-391494689,S2-212719161,S2-54778323,S3-403097896,S3-931308310,S2-939771299,S2-518850634,S2-299225370,S3-3195297,S2-379395617,S2-173808063
S1-716162487	S2-822375985,S2-815582368,S3-353990519,S2-803338212,S2-450298530,S2-502241506,S3-149894272,S3-802263920,S3-290132704,S2-390023724,S3-771097122,S3-95786290
S1-973624986	S3-28888306,S2-721063202,S3-539532551,S3-369564531,S3-770852858,S2-40938124,S3-391486668,S2-930702677,S2-858295394,S2-83815728,S2-883308117,S3-863884320
S1-906231523	S3-939790449,S2-13930006,S3-75594890,S2-902283561,S2-857667868,S3-644765122,S2-521208257,S3-325846186,S3-515612297,S2-97866015,S3-468492038,S3-452995600
S1-63653500	S3-146310573,S2-123603402,S3-780093112,S2-152037718,S3-194711304,S2-874408801,S3-430955167,S3-335972879,S2-580060028,S2-291370405,S3-610092624,S3-133884821
S1-975892571	S3-952803307,S3-858975374,S2-179930649,S2-936058923,S3-902786325,S3-837974,S3-841919144,S3-591916386,S2-711729132,S2-125584140,S2-204377767,S3-935165921
S1-588916160	S3-627800989,S3-863864835,S3-861917307,S3-686887630,S3-35044253,S2-768941758,S3-298047597,S2-659963151,S3-889405065,S2-192953021,S3-596277588,S3-168098437
S1-726746849	S2-305407552,S2-892728766,S3-199453631,S2-388565575,S3-566827283,S3-182584317,S3-117389788,S3-985561093,S3-884023717,S2-978865010,S2-298347379,S2-209429207
S1-385298252	S3-456305603,S2-721978869,S3-730807743,S2-248150619,S2-519292378,S3-604490852,S3-149622657,S3-828740108,S2-398748225,S3-924218986,S3-56864372,S3-53297647
S1-905530301	S3-404252440,S3-289465032,S2-367882224,S2-773024797,S3-963905411,S3-695720248,S3-131022072,S3-737121478,S3-650689052,S2-433990006,S2-203860311,S2-743144886
S1-229417551	S3-557586510,S3-207931099,S2-338567916,S2-681699072,S3-366756978,S3-84256105,S2-706846164,S3-597250720,S2-193704720,S2-857029774,S3-318032940,S3-53979786
S1-541291246	S3-713457218,S3-669959313,S2-598969958,S3-857445860,S3-398186132,S2-250001079,S3-751026178,S2-567850224,S3-733263624,S2-890772451,S2-876448509,S3-401943865
S1-60451250	S2-684995359,S3-762706530,S2-730498434,S2-827511573,S2-387544478,S3-803124746,S3-115526758,S3-95700601,S2-455962907,S3-459898034,S3-130997659,S3-431342550
S1-259585466	S3-179059383,S2-178505463,S2-891783597,S3-309273387,S2-390211840,S2-44006771,S2-304061713,S3-495440293,S2-961987009,S2-452261010,S2-31830465,S2-300823803
S1-184625544	S3-297243142,S2-64651575,S3-415224216,S3-574288888,S3-534777387,S3-382460708,S3-53810319,S3-623652519,S2-936863823,S2-296810323,S3-137709347,S3-757050828
S1-113165641	S3-478189587,S2-417928373,S2-466959235,S3-750573714,S2-626668670,S2-347938595,S2-628965272,S3-361441799,S2-955411824,S3-261053582,S3-969339180,S3-798505799
S1-431165864	S3-141185135,S2-137497209,S3-742202681,S3-572098366,S3-284609839,S2-686759635,S3-992451108,S3-508243658,S3-798763951,S3-248839165,S2-237113366,S3-646759078
S1-789517167	S2-719490522,S3-679988060,S2-329270101,S3-736758190,S2-894285747,S2-346461530,S2-761667472,S2-767170882,S3-370325821,S2-321282154,S3-336421819,S3-308123161
S1-912472806	S2-324598424,S3-997614899,S3-205054559,S3-668617396,S2-165504624,S3-70838359,S3-304989503,S2-427253525,S3-136722307,S2-926946232,S2-177249083,S3-621554680
S1-170230490	S2-279836879,S2-162497903,S2-538840977,S3-34756193,S2-331064485,S3-959776381,S2-579605002,S3-37816894,S3-743547641,S2-136415220,S2-784992497,S3-779343975
S1-200445964	S2-486284797,S3-897489174,S2-236913228,S3-818085286,S3-265084834,S3-680319574,S3-626186368,S3-610024840,S2-338425025,S3-304909394,S2-929505686,S2-663326482
S1-106178228	S2-636903848,S2-132980543,S3-563863853,S2-134218230,S2-210334203,S3-119854487,S3-489950629,S3-425860481,S2-575471089,S3-357008494,S2-217988557,S3-113267190
S1-904543367	S3-64590644,S3-289081318,S3-482883745,S3-221959435,S3-92667587,S2-3368127,S2-534359872,S2-519978763,S2-268510212,S3-93167948,S2-996537016,S3-469861074
S1-560597986	S3-298603032,S3-681787414,S3-652087450,S2-913018826,S3-693762858,S2-459679834,S2-371281243,S2-873612842,S2-778494074,S3-847261400,S3-768520682,S3-84971971
S1-108715214	S2-892735934,S2-503234651,S2-151638087,S2-342209376,S2-584633683,S3-512469326,S3-871534308,S2-624987033,S2-646496543,S3-835092069,S3-869399478,S3-655620134
S1-14446478	S2-882587814,S3-933969287,S3-907998082,S3-899915674,S3-369398139,S3-140881370,S3-590563344,S2-322616758,S2-610020926,S3-107862526,S3-70605427,S3-866021851
S1-462659730	S2-314073052,S3-976333763,S3-709387913,S3-552995555,S3-992666471,S3-534659548,S2-863281562,S3-294773665,S2-90566264,S3-381547149,S2-823475279,S2-624520511
S1-221484924	S2-368049457,S3-663329539,S2-691022435,S3-944830733,S2-287553406,S2-799895321,S3-959016170,S2-199409812,S2-959666096,S2-906758381,S2-343258868,S2-823063494
S1-887339121	S2-819340481,S3-165195515,S2-927294429,S2-525024920,S2-487950132,S2-886160874,S3-469304237,S2-415720234,S2-526954268,S2-706220774,S2-969367816,S2-174850659
S1-174122342	S2-496569901,S2-287252044,S3-183891562,S3-958489946,S2-352414295,S3-949682221,S3-164895,S3-727838550,S2-153133380,S2-957307744,S3-260026603,S2-482793989
S1-464092864	S2-495932027,S2-519954598,S3-399631469,S3-834698210,S2-246131168,S3-612100718,S3-220017868,S3-991250410,S3-952791451,S2-466601082,S3-739367426,S3-195990277
S1-126443963	S2-292009493,S2-298982767,S3-51215876,S3-902919783,S3-116703624,S3-811807831,S2-423000170,S3-459445022,S2-420501381,S3-558566724,S3-77433925,S3-992922080
S1-335506849	S2-149244226,S2-322808629,S3-27643770,S2-321956568,S2-636508392,S3-205928806,S3-665939054,S2-720067022,S2-989074291,S3-414155435,S2-933645134,S3-461955247
S1-684302640	S3-240959061,S2-78646496,S3-893165620,S2-923222025,S3-928552197,S3-904653638,S3-346108834,S3-757281473,S3-560711768,S3-337186313,S3-75280644,S3-104876286
S1-518320698	S3-623782514,S2-468913928,S3-945448061,S3-449779268,S2-699319991,S2-266029706,S2-31966791,S3-65441105,S2-588767727,S3-281825022,S3-181363467,S3-968696952
S1-479853241	S3-245820377,S2-62125007,S2-581511585,S3-813644690,S3-218348581,S2-719456627,S2-95491763,S3-323741750,S2-346639373,S3-432228323,S2-396789794,S2-296119767
S1-992499581	S2-207359942,S2-725594518,S3-361820433,S3-947388348,S3-637213591,S3-761479353,S3-959460816,S2-71099282,S2-70745999,S2-518368575,S3-645492842,S3-302613745
S1-702876950	S3-178273690,S3-3481074,S2-53910799,S3-382876007,S3-735017006,S3-514249640,S3-537228992,S3-230593795,S3-593116658,S2-626492710,S3-31591740,S2-591425043
S1-862134169	S3-536713911,S2-204912105,S2-659161920,S3-807045038,S3-89499461,S3-671857872,S2-656053155,S3-833168939,S3-947751067,S2-201955677,S2-568315771,S3-660024341
S1-617172733	S2-3808085,S2-82215894,S3-891066986,S3-924065713,S2-97434585,S2-345296955,S3-544242005,S3-602143158,S2-834462251,S2-528789000,S2-362727339,S3-665012882
S1-747758895	S2-136810469,S3-850436829,S2-414049328,S2-335191278,S3-250927062,S2-175048851,S3-499023828,S3-711424506,S3-712314974,S3-991406824,S3-767574390,S3-492291320
S1-831415089	S3-944266677,S2-482323058,S3-479840841,S2-742238392,S2-737331369,S3-330300619,S2-355016966,S3-655067791,S3-336564024,S2-266345941,S2-445057058,S3-251179071
S1-846433042	S2-83055309,S3-397187333,S3-404941578,S3-857871743,S3-628351431,S3-502125229,S2-266914729,S2-92235747,S2-702081970,S2-108626989,S2-92451762,S2-450406470
S1-196547766	S3-716505666,S3-173828211,S2-372474586,S3-575317301,S2-669432215,S3-187287274,S2-559874214,S3-100399625,S2-524121663,S3-571669622,S3-304201733,S3-510596325
S1-453516108	S2-994889977,S2-486001464,S2-177943934,S3-127266313,S2-47075962,S3-961538047,S3-533130162,S2-463316202,S2-519954752,S2-65838883,S3-601173368,S3-459109357
S1-259099539	S3-73936848,S2-272352769,S3-649368863,S2-234809596,S3-996775824,S2-873931455,S3-673749992,S2-732603248,S3-682839232,S3-691206788,S3-319918225,S3-184348600
S1-454681811	S2-580783818,S3-174311534,S3-345844796,S2-626492426,S2-506217594,S2-41755432,S3-881561807,S2-339798063,S3-662464535,S3-175278276,S2-514674611,S2-204445776
S1-829044389	S3-87131780,S2-207705059,S3-913909991,S3-443852971,S3-469333751,S3-341950995,S2-875926131,S3-796945703,S2-486770513,S3-879650096,S3-835189915,S3-316330719
S1-732981167	S2-160710591,S3-653903979,S3-401554575,S2-699786356,S2-976685575,S3-86205818,S2-186518502,S3-104046802,S3-454802767,S3-706340194,S3-738782686,S2-256503341
S1-171554269	S3-83233035,S3-953679017,S2-213183351,S2-902601116,S3-731870277,S3-817632943,S3-989846341,S2-919987912,S2-593260644,S2-930068206,S2-405031366,S3-914392674
S1-248395911	S2-482674471,S2-239156611,S2-423889566,S2-539833538,S3-683189696,S2-605740519,S2-735110493,S3-360858909,S3-549001273,S2-71770923,S3-805953849,S2-916121222
S1-815607943	S2-509060055,S2-856611853,S2-638382522,S2-163044829,S2-899757878,S3-442464046,S3-304743929,S3-996437179,S3-217101728,S2-836123252,S2-89149757,S3-581473541
S1-860432375	S2-236546010,S2-948230074,S3-919795882,S3-405983322,S3-364639266,S3-409341839,S3-249948505,S3-49122932,S3-168008654,S3-415347343,S2-208612704,S2-128292426
S1-462516598	S2-273443191,S3-644377989,S2-779278111,S3-335351483,S2-685040523,S3-902336689,S2-228086493,S2-87335566,S3-119768363,S3-713502662,S3-371030086,S2-531002232
S1-859481943	S3-545315610,S3-169903100,S3-625810083,S2-512639901,S3-492646976,S3-314248124,S2-356363897,S3-689384974,S2-174336468,S3-730781860,S3-773380163,S2-335542983
S1-499643492	S2-538610819,S2-580100411,S2-651470494,S2-169446060,S3-639657611,S2-586505377,S3-156469182,S2-945665649,S2-673039691,S3-369469541,S3-843346626,S3-219754974
S1-993638607	S3-816181047,S3-497897323,S3-702209143,S3-45743637,S3-927404577,S2-764101993,S2-695546272,S3-485394817,S2-960254333,S2-900881727,S3-605644482,S3-603217588
S1-40241774	S3-214426827,S3-823392605,S3-617481984,S3-499675102,S3-103958299,S3-903518823,S2-465214123,S3-729825582,S3-648670868,S3-736036074,S2-957268421,S3-514249640
S1-396852852	S2-80541521,S3-683782394,S2-624725190,S2-40578443,S2-176636092,S2-723675791,S3-820151063,S3-565727968,S2-66620998,S3-143630887,S2-353510674,S2-861741835
S1-832020751	S2-689160568,S2-822043989,S2-146351546,S3-314429541,S3-798046210,S2-532410116,S3-336157232,S2-349704032,S2-373983286,S3-374330981,S2-672205014,S2-468540131
S1-390159980	S3-828908056,S3-342533380,S3-917332915,S2-801804443,S2-110197213,S3-504059113,S3-207010951,S3-69078135,S3-808139308,S2-289379883,S2-960793744,S3-315561643
S1-66300624	S3-378576409,S3-649336919,S2-81173303,S2-875266499,S2-550136282,S3-730893738,S3-53513601,S2-289459628,S2-878047067,S3-912117680,S2-743550900,S3-80368217
S1-252641367	S3-294693153,S3-638460527,S3-755698211,S3-643246331,S3-239057261,S2-400792530,S2-424449565,S2-951281345,S2-927469967,S3-108320465,S2-2307201,S2-222907920
S1-956180713	S2-434317552,S3-170213239,S3-408281107,S2-810773977,S2-371270106,S3-449829815,S3-57892795,S2-176968565,S2-620119833,S2-144001529,S3-763035833,S3-471789781
S1-207253311	S3-194047798,S3-3146070,S2-704437947,S3-630582529,S2-344646046,S2-851822331,S3-800319037,S3-847817790,S3-820692885,S2-11330117,S2-949681470,S3-201711820
S1-601829318	S3-737425285,S2-355390248,S2-820480420,S2-514488360,S3-40411,S2-647051829,S3-298751937,S2-95189363,S2-567719417,S3-147943262,S3-335750158,S2-199117120
S1-479904821	S2-977640682,S3-487090,S3-444680507,S2-855562973,S3-309083946,S2-405232879,S2-586021052,S2-808123148,S2-234998674,S2-942271699,S3-892379653,S2-882517956
S1-952962246	S2-375108102,S2-531391647,S2-936310611,S2-8687209,S2-160111609,S3-220423982,S2-2561019,S3-722608066,S2-271400129,S2-432423471,S3-86843275,S3-367090436
S1-31415318	S3-243368777,S2-756262998,S2-892343613,S2-643218881,S2-209343624,S2-89402162,S2-616479327,S2-204225547,S3-683455042,S3-653262036,S3-211529663,S3-357051179
S1-225629726	S3-667113485,S2-134780727,S3-609012664,S2-452553800,S2-265674281,S3-381844211,S2-468334544,S3-813609727,S2-273712531,S3-95786290,S3-561160206,S3-439552195
S1-872818125	S3-259429059,S3-341734665,S2-55354275,S3-676319637,S3-191527684,S2-586794738,S2-54399552,S2-510607126,S3-792105371,S3-63041714,S3-906092491,S3-342662381
S1-637438485	S2-642300816,S2-995862398,S3-424727480,S3-257057047,S3-634478712,S3-294252837,S3-893676514,S3-795398779,S2-457125500,S3-669905223,S2-93462236,S3-89661086
S1-799167817	S3-570349896,S3-891589600,S2-687869602,S3-62267721,S2-779047196,S3-751352823,S2-633889251,S2-617762967,S3-18439693,S2-540718949,S3-500716265,S3-470646219
S1-537003982	S3-834697937,S2-722591304,S2-112054345,S3-883747017,S3-265001834,S3-985352719,S3-569483332,S3-487793433,S2-537715629,S3-630053106,S3-6870660,S3-969485671
S1-836382762	S3-767687924,S2-763979129,S3-249400050,S3-293460671,S3-924935861,S3-974243291,S3-874082368,S3-903378237,S2-570998811,S3-388464022,S2-92444565,S2-846212783
S1-512545011	S3-126997203,S2-570037309,S2-725005142,S3-350913039,S3-764499891,S3-479901776,S2-602997866,S2-712378223,S3-418387418,S2-841917095,S3-766825045,S2-306530559
S1-811044132	S2-498751743,S3-42284812,S2-133816490,S2-663423543,S3-383390567,S3-440570642,S3-676249175,S2-881583270,S3-432715500,S3-859668591,S3-137781867,S3-6167163
S1-335351006	S3-233338461,S2-558766190,S3-715247045,S3-770052362,S2-744990773,S2-659071850,S3-829759505,S3-453250165,S3-954541290,S3-421333242,S3-548830358,S2-787831453
S1-304278365	S2-480388433,S3-600695912,S2-304627664,S2-43161433,S3-37448304,S2-859192425,S2-794014867,S3-244690890,S2-264193590,S2-344645929,S3-648915518,S2-369139420
S1-23434440	S3-221203814,S3-545847982,S3-522201943,S2-643951270,S2-965302608,S2-923144932,S2-520571897,S3-68002565,S2-907372553,S2-56113049,S2-53129244,S2-672919914
S1-437753793	S3-726693817,S3-14367704,S2-919620655,S2-755827180,S3-996297362,S3-747371333,S2-611231457,S3-233111286,S2-24345274,S2-773971300,S2-845459985,S3-271563138
S1-30042872	S3-262607098,S2-258286747,S3-83578223,S2-733588794,S2-4236786,S3-760210482,S2-13078855,S2-163369228,S3-769877511,S3-385845261,S3-898218909,S3-271759112
S1-746576775	S2-512225206,S3-47442782,S2-921316474,S3-175778486,S3-758231653,S2-403410395,S3-856107851,S3-289799581,S2-496084576,S2-555290311,S2-39388796,S3-948336973
S1-621313614	S2-526339212,S2-535803969,S3-668379051,S2-11643211,S3-812659101,S3-546582144,S3-293093693,S3-992425275,S2-530508949,S2-144678101,S3-44298049,S3-462061936
S1-205252091	S2-732064775,S3-941382933,S2-361501663,S2-899419442,S3-936782112,S2-639821755,S3-909078966,S2-693531841,S3-474174869,S2-822169839,S2-842127494,S3-101585441
S1-865369475	S2-514627687,S3-226720295,S3-63663186,S3-981269163,S3-605980159,S3-878705837,S2-251220293,S2-230961119,S2-305602831,S2-162474143,S2-682638121,S2-191522697
S1-886693746	S3-714681320,S3-380314293,S3-671879053,S3-832936704,S3-181218172,S2-684560739,S3-813299294,S3-950998577,S3-489990009,S2-138873499,S3-854474626,S3-552009080
S1-604110376	S3-354948926,S2-900251167,S2-407548473,S3-42926450,S3-24017061,S3-960838759,S3-524489158,S3-566400543,S3-26214287,S3-762283232,S3-427709492,S3-10689497
S1-577343	S3-502750851,S2-63249747,S2-778356099,S3-137878055,S3-809920163,S3-865683162,S3-439290807,S2-413823082,S2-327950528,S3-763670710,S3-669479149,S3-279841037
S1-690181278	S2-857403849,S3-478466984,S3-679470181,S2-592979840,S2-499718251,S2-290146737,S3-29212760,S2-68516128,S2-566919861,S3-165029802,S2-654811714,S3-461792118
S1-710160350	S2-842501309,S2-242942856,S3-902137291,S2-915961644,S2-49869785,S2-615962693,S2-235685598,S3-491925821,S3-514549419,S3-782505445,S2-968557887,S3-146597730
S1-216732746	S2-900312009,S3-269963052,S2-566585730,S2-281157204,S2-657408502,S2-787834237,S3-555947692,S3-824813912,S3-897982207,S3-432083396,S2-37164547,S3-35659434
S1-601360698	S3-538563549,S3-197497286,S2-16943696,S3-642639434,S3-202230367,S2-645869842,S2-455651186,S2-73923857,S2-11684428,S2-453583067,S2-173595529,S3-381102115
S1-579805471	S2-944371751,S2-313051154,S3-260313041,S3-513135831,S2-598742729,S2-258560608,S3-31292119,S3-567396249,S2-255235380,S2-581647835,S2-555197405,S2-704702813
S1-936544996	S2-586105145,S2-799080847,S2-622689667,S2-544855868,S2-869659858,S2-171069990,S3-567080663,S3-969395771,S2-498295018,S3-556270882,S3-549597889,S3-962128057
S1-264922258	S2-618892942,S2-949752354,S3-903760858,S3-438700688,S2-807681092,S3-710611032,S3-745366657,S2-474668574,S3-371739469,S3-949982331,S3-206429855,S2-883233269
S1-939669332	S2-125842530,S3-2103047,S2-419627675,S2-686174496,S2-467056456,S2-218078586,S3-584539711,S3-576708274,S3-907037511,S3-841023112,S3-24212665,S3-838204180
S1-515716864	S3-734321366,S3-820513792,S3-237809915,S3-599745712,S2-84949885,S3-258113842,S3-794730299,S2-185923458,S3-883004865,S3-582445303,S2-90338778,S3-392642158
S1-392342984	S3-893251665,S3-599735195,S2-744085438,S3-166577669,S2-740198619,S2-913286597,S3-59832237,S3-254380050,S3-568031162,S3-346513094,S3-702091685,S3-321631920
S1-725229684	S2-551866405,S3-861773889,S2-43861103,S3-58186465,S2-583807072,S2-285677193,S3-930216777,S2-22511375,S3-138818809,S3-627331377,S3-489830298,S3-334840708
S1-631682140	S3-822165437,S3-288441829,S2-818810104,S3-337474471,S2-649523910,S2-715202561,S2-585760083,S3-482586582,S2-111343184,S3-273756568,S2-983044428,S3-81524555
S1-200990590	S2-247314686,S3-314402,S3-189353816,S2-836288326,S3-628022301,S2-156595726,S3-470502044,S3-938916822,S2-268323638,S3-934728513,S3-699719847,S3-778054656
S1-928523091	S3-256909290,S2-323272264,S3-140713868,S3-610136721,S3-400782435,S2-393204640,S2-713022408,S2-220204422,S3-583387616,S3-599681026,S3-529463074,S3-238605267
S1-422941813	S3-64244900,S3-967522007,S3-22947615,S2-303393213,S3-800316747,S3-465261938,S2-675868496,S2-517580993,S3-177872357,S3-168365280,S3-709775243,S2-675999464
S1-422055646	S3-563083258,S2-276944689,S3-495475821,S2-534257436,S3-676017140,S3-63733607,S2-483328626,S2-726526379,S2-265798407,S3-128812439,S2-128933110,S3-584127739
S1-345972596	S2-632180432,S2-61140117,S3-235553917,S2-797958399,S3-612061791,S3-90322954,S3-406419747,S3-121857097,S2-12573133,S3-997578570,S2-10365607,S3-639117020
S1-75175978	S3-824003884,S2-696266361,S2-518660798,S2-831871841,S2-417386598,S3-999108751,S2-24234753,S3-491509932,S2-599421787,S3-4222209,S3-562599243,S3-434767974
S1-270393416	S2-5252780,S2-630552740,S2-982002217,S2-352043793,S3-482865504,S2-998272495,S2-353233734,S3-238615773,S2-499619847,S2-325532055,S3-420682062,S3-745780997
S1-629090665	S3-398278392,S2-433817916,S3-701546953,S3-946426187,S2-485592228,S2-96977431,S3-416922977,S2-684553990,S3-10406885,S2-412987922,S3-190558293,S2-400151124
S1-600269406	S3-647537596,S2-447958106,S2-450748355,S2-664787466,S2-370540823,S3-862136196,S3-778995895,S3-345447496,S3-709586547,S2-150168367,S2-154296722,S2-593775177
S1-208574700	S3-277092591,S3-399478325,S3-602671639,S3-213305283,S3-245232711,S2-31935157,S3-467002094,S3-989200568,S2-874565014,S3-995625523,S2-458849513,S3-682621554
S1-288386115	S3-82674633,S2-696126401,S3-683374767,S3-719899325,S3-293130409,S3-492404159,S3-435086041,S2-509668794,S3-973048788,S3-169377094,S3-232332723,S3-106045623
S1-7440588	S2-278515259,S3-823922372,S3-822052465,S2-43349128,S2-831631430,S3-587506024,S2-255144375,S2-377119836,S2-664364967,S3-804475432,S2-510109150,S3-630465746
S1-994535461	S3-306068272,S2-28826671,S2-651849323,S2-694950204,S3-759328994,S2-825375608,S2-465214123,S3-255428018,S3-235521706,S3-967465283,S2-164455713,S3-893811164
S1-801507351	S2-885849271,S3-892557553,S3-364745329,S3-812621469,S3-612264320,S3-959724423,S3-238602514,S3-970947927,S3-805667323,S2-376491056,S2-961987009,S3-423972620
S1-565457191	S3-269816598,S3-882049244,S2-175589120,S2-993501514,S2-632774097,S3-117890493,S2-410799378,S2-696419278,S3-993943372,S3-337197489,S3-123196685,S2-929967502
S1-151229123	S3-231367876,S2-572414108,S2-970442148,S3-631772456,S2-435515156,S3-337744231,S2-835829267,S3-361972707,S2-212089522,S3-143357034,S2-85381827,S3-484894381
S1-59556114	S3-673387515,S3-696677624,S2-156890667,S3-880524471,S2-376352697,S2-425047761,S3-165163661,S3-331992307,S2-57580841,S3-944037734,S2-158166493,S3-817339650
S1-115012381	S3-61700459,S2-1287615,S2-766165364,S2-29874211,S2-703336521,S2-473136099,S3-693189644,S2-745355475,S3-622187377,S3-587623615,S3-441550316,S3-461425087
S1-660533003	S2-751214102,S2-778398931,S2-518228744,S2-755486052,S2-602808830,S2-389545230,S3-373761687,S2-327799555,S3-96318235,S3-937613338,S3-953873221,S3-727459793
S1-815484612	S3-671468257,S3-385357502,S3-931627357,S2-367584797,S2-369560845,S3-622441603,S3-415388595,S3-454823500,S2-14677876,S2-51642095,S3-674015843,S3-969598728
S1-489927891	S3-283437853,S3-425679444,S3-691126005,S2-429735027,S2-8855347,S3-559412884,S3-364257746,S3-72247176,S3-109823123,S3-190281582,S3-803334530,S3-915084725
S1-709142293	S3-579469252,S2-929749700,S2-590295018,S2-677957695,S3-955998578,S3-131760651,S2-421095557,S3-637943257,S3-16872289,S3-389662511,S3-477493556,S3-657900181
S1-882278739	S2-443370466,S3-799448751,S2-322676501,S3-490928823,S2-869796373,S3-474190660,S3-381845236,S3-492009323,S3-716045121,S3-66449906,S2-286510104,S3-870617558
S1-438023011	S2-979248586,S2-100936825,S3-167225996,S3-970270729,S2-237663031,S3-222809112,S3-45665393,S3-291206964,S3-49312780,S3-188911568,S2-933213417,S2-236164416
S1-894996149	S2-320594729,S2-826610213,S2-568315771,S3-826388620,S3-660024341,S3-494082397,S2-882639976,S2-536091409,S3-125346439,S3-937466573,S3-917644692,S2-968883122
S1-472561378	S3-885646209,S2-286223305,S3-123463070,S2-273273430,S2-666189238,S2-887494216,S3-127134242,S3-100420368,S3-418444636,S3-783607195,S3-864467500,S3-127985413
S1-216330940	S3-980328196,S3-308033809,S2-850291972,S3-318573687,S2-471461344,S3-450577356,S2-76704509,S3-374604247,S3-595076565,S3-420246927,S3-34761947,S3-521815443
S1-679177541	S2-403498470,S3-950345354,S3-656598543,S3-41634724,S3-21955742,S2-347228188,S2-55896608,S3-860900749,S2-153623006,S3-470646219,S3-989723891,S3-148306837
S1-843083249	S2-982896373,S3-436049382,S2-248882366,S3-69460515,S3-892982930,S3-349785049,S3-795833904,S3-516017114,S3-40010711,S3-766797944,S3-307562506,S2-243401927
S1-902570392	S2-154810524,S2-116681072,S2-442883352,S3-66706968,S2-952253126,S3-776958624,S2-315470632,S3-739263580,S2-194309478,S3-900514381,S2-233609539,S2-956705700
S1-170108944	S3-834070122,S3-231121053,S2-392545901,S3-8246721,S2-169011135,S2-268878779,S2-228496691,S3-406729197,S3-621883197,S2-413834366,S3-786807714,S3-909543647
S1-760123344	S2-996779299,S2-539677806,S2-946291929,S3-289797454,S3-997932065,S2-49667637,S2-613067884,S3-67859462,S2-475012565,S2-241388425,S2-808408979,S2-361939394
S1-38981232	S2-566755101,S3-41502467,S2-964014564,S2-370759976,S3-38793967,S2-497656842,S2-920691743,S2-282094959,S3-825518800,S3-871893205,S3-854119212,S3-618369404
S1-685258313	S2-653642401,S2-446387001,S3-484816426,S2-237048800,S2-360516942,S2-374623116,S3-126772091,S3-846850533,S3-126705795,S2-519879517,S2-490815848,S2-895434309
S1-105065460	S3-442891598,S2-831275042,S3-354251255,S3-331191230,S2-469281476,S2-424548968,S3-815167997,S3-476751632,S2-968478168,S2-878189190,S3-785448950,S3-509722661
S1-473288265	S2-40218880,S2-205190227,S3-277812167,S2-826497145,S3-751300828,S3-945325541,S3-391863313,S3-952840742,S2-948223595,S3-471432841,S3-111674780,S3-217567646
S1-970675864	S3-815514839,S2-743267549,S2-30520139,S2-889467863,S3-540333372,S2-520586999,S2-125058001,S3-799858414,S2-227606008,S3-902647752,S2-416765052,S3-807124933
S1-280682242	S3-93898270,S2-97640958,S2-592954879,S3-503974481,S2-435975234,S2-691026716,S3-153019568,S3-325976682,S2-588226449,S2-149455488,S2-44212771,S3-66388629
S1-275562630	S2-57813556,S2-496640996,S2-761221743,S2-746690424,S3-335331852,S3-419995501,S2-203924521,S3-918076521,S2-778113981,S3-287507957,S3-298655761,S3-784137537
S1-275571553	S3-249775410,S2-586998749,S3-166396479,S2-262372548,S2-399860542,S2-677984957,S3-163983080,S2-482714926,S2-92432744,S3-793355706,S3-522034981,S3-247884630
S1-892201155	S2-374691819,S2-936122218,S3-418906862,S3-62099091,S2-138999779,S2-656890249,S2-972973488,S2-811999926,S3-542003181,S2-583594029,S3-706505079,S2-518592549
S1-41009949	S3-242876670,S3-23538280,S2-206738963,S2-70344277,S2-759852416,S2-40845475,S2-499357791,S3-887765357,S2-68268507,S2-656744975,S2-953559292,S3-870927282
S1-865975814	S3-680891777,S3-236787167,S3-260012047,S2-54606450,S2-623184973,S3-104451937,S2-208601400,S3-837991396,S3-930766939,S2-141814932,S3-595765535,S3-181583476
S1-397509921	S3-87654458,S2-825086615,S3-217945801,S3-909476731,S2-188155289,S2-146105456,S3-264468219,S3-612047677,S3-18784655,S3-439956138,S3-30274328,S3-529016845
S1-891722903	S2-988538114,S3-66396021,S2-967537340,S3-740999136,S3-195841483,S3-361189541,S2-760300505,S3-960572723,S2-119635279,S2-790842649,S3-916710978,S3-766955179
S1-505509438	S2-678675688,S2-260340534,S3-886276882,S2-461215757,S3-633945221,S3-935598478,S3-957113927,S3-865897959,S3-732711187,S2-871092264,S3-182486907,S3-833442188
S1-577449029	S2-939222540,S2-290533509,S3-44034036,S3-552756397,S3-888561873,S2-255205179,S2-10341618,S2-272550852,S2-639498727,S3-456261630,S2-834103486,S3-749049376
S1-870059563	S3-471529754,S2-683635598,S3-397076918,S2-332613564,S3-498705374,S2-471693850,S2-613740089,S2-909906768,S3-884741013,S3-977206054,S2-306535169,S2-11516801
S1-706314106	S3-286391107,S3-204552614,S3-953609891,S3-901098264,S3-235605131,S3-669458121,S2-341156943,S2-876576591,S2-519748758,S2-600046509,S3-647445954,S2-132681745
S1-359234063	S3-187401466,S2-181072004,S2-39625843,S3-194711304,S3-430955167,S3-51318124,S3-124851952,S3-442188518,S3-844795122,S3-133884821,S3-931688525,S3-19682602
S1-320583244	S3-156549293,S3-413795956,S2-529025694,S2-305026456,S3-905553304,S2-938012218,S2-572504932,S3-355936439,S3-767313454,S3-59683690,S3-687908631,S2-444059607
S1-834540035	S2-853329496,S2-845520617,S3-601661720,S2-860008442,S2-249467462,S3-325005278,S2-144393120,S2-961304059,S2-60896848,S3-842853482,S3-90969380,S2-754147435
S1-117847784	S3-117684979,S2-289058225,S3-750350955,S2-804654894,S3-977008140,S3-563528710,S3-376867140,S3-892084653,S3-913825049,S3-608505063,S3-230345786,S3-850173781
S1-779324695	S3-289091530,S2-355728218,S3-852688189,S3-168787641,S3-617591870,S3-412641807,S2-239623739,S2-616463996,S2-990473234,S2-466111123,S2-337761592,S2-566794506
S1-590111609	S3-23313230,S3-376874124,S2-907691491,S3-780186537,S2-129099623,S2-85512862,S3-657556480,S3-737974044,S2-285425226,S3-475170780,S2-301253754,S2-981532956
S1-852599932	S3-366048672,S2-159600779,S3-562986636,S3-307433438,S3-892250105,S2-58757494,S2-636143148,S3-330229442,S3-757341793,S2-458114382,S2-114626004,S2-711291212
S1-523435013	S2-90224823,S3-631378103,S3-515967539,S3-935661564,S2-550733966,S3-722309224,S2-916096349,S3-953253526,S2-193704720,S3-894382078,S3-26183197,S3-279658982
S1-337690650	S2-89342864,S3-713442213,S2-965307573,S2-264425088,S3-887801033,S3-71643022,S3-573190839,S2-962634003,S2-866427489,S3-416174305,S2-598708870,S3-644926573
S1-238850599	S2-406518917,S3-904819564,S2-197162068,S3-875916900,S2-918053619,S2-10648152,S3-832293454,S2-275780923,S2-704091850,S3-885890242,S3-912430448,S3-970580738
S1-617505478	S2-823022953,S2-439221240,S2-929497109,S3-776984470,S3-207872582,S2-742369388,S2-419773730,S2-311937268,S2-621688977,S3-963485846,S3-840286849,S3-990661993
S1-805346707	S2-403399178,S2-159067774,S3-255421924,S3-114185076,S2-453970050,S3-142353868,S2-147490567,S2-318303567,S3-636605192,S2-443539817,S3-627153523,S3-700016192
S1-782532872	S2-695310745,S2-653978971,S3-626902026,S3-733903990,S3-267915217,S3-510750798,S3-160648071,S3-578131334,S3-229903853,S3-795358090,S3-976004319,S3-773510068
S1-909186750	S3-28194944,S3-133541411,S2-954132049,S3-378822712,S2-467189668,S2-351874223,S2-575500280,S2-186551779,S3-23614532,S2-562573759,S2-338265577,S3-724385230
S1-522177821	S3-138016630,S2-486846401,S3-85144647,S3-304998543,S2-55813618,S3-134331673,S2-120726571,S2-926477458,S2-745822911,S3-526474300,S3-743442089,S3-817961773
S1-478879192	S3-581286062,S3-64384326,S2-136239617,S2-496929068,S3-349911138,S2-118670939,S2-151492266,S3-633034502,S3-447836691,S2-185861559,S3-412950586,S2-297867959
S1-112581763	S3-309051810,S2-117373752,S3-804517027,S3-104261748,S2-794608125,S2-906515567,S2-263042126,S3-412135018,S3-276982286,S3-612714182,S2-258604843,S2-47539049
S1-168146129	S3-291643300,S3-883624438,S3-881599140,S2-116460723,S2-463459233,S2-897494561,S3-177199838,S3-27338947,S3-720613172,S3-233640456,S3-468736458,S3-267855358
S1-475018757	S3-982332592,S3-218459398,S2-561420110,S2-517569916,S3-383068071,S2-588512569,S3-643315237,S3-605663309,S3-135130983,S2-223513748,S2-556673184,S3-115787506
S1-67181368	S3-828025065,S3-997305007,S2-438848095,S3-688261377,S2-75529733,S3-577289602,S2-888534566,S2-525166047,S2-471102455,S2-919235546,S2-27754470,S3-27187563
S1-88349633	S3-41881027,S2-420028798,S2-655124652,S3-633281783,S3-569687506,S3-283760875,S3-754363422,S3-387887626,S3-814282012,S3-886091309,S3-159993263,S3-898631444
S1-316137003	S3-392615424,S3-941480079,S2-59099865,S3-771314752,S2-330783289,S3-551498224,S2-799189671,S3-198233735,S3-720906171,S2-758386315,S2-127229026,S2-362806659
S1-823804425	S2-557296299,S3-638414436,S2-397603745,S3-404099605,S3-230654601,S3-593313369,S2-125736123,S3-322625725,S2-984771523,S2-842667647,S3-690181534,S2-194880023
S1-485809191	S3-814144050,S3-987553831,S3-429622790,S3-774242809,S2-82434478,S3-285476293,S2-348395984,S3-124361789,S3-82171324,S2-268932411,S3-970164738,S3-710578372
S1-746360084	S3-756594881,S2-150466312,S3-124964193,S3-251686563,S2-444938386,S3-891657434,S3-458760926,S3-864065894,S2-186745772,S3-407500443,S3-560482254,S3-583725974
S1-149082169	S2-199428844,S3-332552171,S2-419320933,S3-618698965,S3-912411159,S3-754107180,S3-552605632,S3-348622030,S3-774048793,S3-532863214,S2-893015396,S3-432083396
S1-465120934	S3-155639719,S3-156766119,S3-13745969,S2-764083788,S3-652701306,S3-798698447,S2-58936627,S3-873630757,S3-941347945,S3-406724479,S2-206799620,S3-256413914
S1-973041899	S3-848521447,S3-32904311,S3-318852319,S2-818906895,S2-703221270,S2-612556796,S3-102894777,S3-118764077,S3-634579052,S2-650600721,S3-19842872,S3-661566922
S1-196385453	S3-297902858,S3-516485740,S3-372642809,S2-352978374,S2-498196392,S3-377053492,S3-912166085,S2-88024740,S2-157625016,S3-364495095,S3-613317137,S3-388436014
S1-371618409	S2-139471269,S3-712149798,S3-202125620,S2-302600507,S2-179097294,S2-321225074,S2-751520297,S2-298147587,S3-672036716,S3-701477583,S2-345248994,S3-594284257
S1-122341045	S2-414099355,S3-66522118,S2-31554698,S2-337092507,S3-430369348,S2-642685349,S3-118652229,S2-77485261,S2-891247246,S2-993503026,S3-992335799,S3-780831027
S1-997657982	S2-882822212,S2-860089605,S3-345066578,S3-173259196,S2-446537987,S3-496983346,S2-190705593,S3-485793714,S2-554962808,S2-613274155,S3-857495326,S3-398306229
S1-523457770	S3-923017156,S3-464710278,S2-797818035,S2-937873992,S2-675184858,S3-306710818,S3-798375819,S2-420377610,S2-813055684,S2-382710595,S3-402134546,S3-995424272
S1-427928018	S2-291889682,S3-509207692,S2-950263148,S2-769076301,S3-69792585,S2-453854978,S3-297027751,S2-547102837,S3-827180813,S3-663741660,S2-630196150,S2-625985891
S1-437577365	S3-571822382,S2-191126182,S2-906142267,S2-348798282,S2-607869602,S3-678103231,S2-94837827,S3-617471093,S3-283654935,S2-387742624,S3-392045920,S2-862920231
S1-157000748	S3-909614622,S2-115987652,S3-991011908,S3-947012387,S2-437349354,S3-26825460,S3-678454227,S3-697244236,S3-261326460,S2-561031935,S2-415528061,S2-155869571
S1-325947075	S2-37240866,S3-869861372,S2-945383538,S3-779601538,S2-934926971,S2-350903096,S2-681651705,S2-450537371,S3-459698012,S2-790189435,S2-393755492,S2-532873251
S1-537228033	S3-239011527,S3-390317468,S3-271369851,S3-170129717,S2-330899663,S3-795563241,S3-373919609,S2-439310749,S2-256985042,S2-721093193,S2-745036272,S2-425635274
S1-251515553	S3-709437942,S3-332746059,S2-949621564,S2-119112553,S3-787554825,S3-440689368,S3-11185709,S3-558493073,S3-939730177,S3-923690272,S3-372899666,S3-705971427
S1-645774514	S2-963411502,S2-117744344,S2-352339938,S3-366227449,S3-713993136,S3-677841686,S2-575908687,S2-858597842,S3-537237344,S3-399193809,S3-742971412,S2-983254720
S1-688758864	S2-324575348,S2-128696577,S3-575395859,S3-724565065,S3-900449083,S2-527132759,S3-937466573,S3-703045090,S2-923107796,S2-568315771,S3-470371282,S3-660024341
S1-325517467	S3-158327684,S3-508388773,S2-319346663,S2-168729715,S2-181306131,S2-636255811,S3-686652067,S2-78284730,S3-31220918,S2-282166343,S3-524630240,S3-175051959
S1-947731568	S2-920042701,S2-190759650,S2-58101254,S3-346437168,S2-259734668,S3-369465414,S2-7039719,S3-777681650,S2-682875490,S3-165867090,S2-658275291,S3-792883644
S1-716112933	S2-524270936,S3-101733264,S2-330163746,S3-788082966,S2-294840827,S3-195824003,S2-548235723,S2-947108611,S3-669671884,S2-273594367,S3-14566669,S3-430641928
S1-778290949	S2-912592726,S3-747051908,S2-774902736,S3-758565719,S3-389545470,S3-53211212,S3-371262771,S3-690266563,S2-628691789,S3-873032847,S2-62801394,S2-960725906
S1-80159615	S2-864034624,S3-103928184,S3-439830121,S3-544097722,S2-978466029,S2-288288081,S2-834381722,S3-287421432,S3-533394583,S2-512596480,S3-638854795,S2-513555055
S1-5154773	S3-339116653,S2-79153229,S2-541613151,S3-342994233,S3-419196199,S2-454629372,S2-674701006,S3-618498900,S3-469121708,S2-355415471,S3-677993926,S3-418106378
S1-522889226	S2-749741105,S3-703423140,S2-374002336,S2-808795860,S2-554359069,S3-444411059,S3-510739432,S2-112035471,S2-819686524,S2-205967684,S2-232597081,S3-808621810
S1-978618043	S2-706579655,S2-73103882,S3-183157159,S2-358303879,S3-415038912,S3-378447255,S3-365335503,S3-693629939,S3-653954350,S3-135880189,S2-444554099,S3-65650028
S1-515997867	S2-316822392,S3-425944995,S3-909292686,S3-312902368,S2-930318806,S3-242260898,S2-927855202,S3-995747294,S3-569403608,S3-478839649,S3-969100285,S3-832112617
S1-122122623	S2-384537238,S3-381109412,S3-647492174,S2-494126709,S2-364284337,S3-226126599,S3-411117964,S3-446228479,S3-205392834,S2-635412608,S3-66644020,S3-532230429
S1-353718986	S3-205506680,S2-397625730,S3-534109181,S2-352508789,S2-689557820,S3-159147337,S3-607803529,S3-783865578,S2-790166750,S2-948002679,S2-280412319,S3-97356255
S1-343434389	S2-267163415,S2-586242159,S2-804106886,S2-308381964,S3-165722382,S3-458760926,S3-178733531,S3-423511250,S2-556201065,S2-659707855,S3-24123956,S3-319992441
S1-254448904	S3-660143737,S2-837900777,S2-437378262,S3-434963228,S3-636771206,S2-271872605,S3-395347154,S2-977980072,S3-188209251,S3-191686833,S3-818009230,S2-90220662
S1-571630757	S3-112328044,S3-171754507,S2-679299016,S3-867420479,S3-210243636,S2-898317382,S2-448974559,S2-866871763,S3-348365007,S3-845221212,S3-345249112,S3-28527223
S1-562656505	S3-553794526,S3-406835929,S2-788056103,S3-585613007,S2-12529103,S3-40279317,S3-172348504,S3-413165126,S3-802188309,S2-435704851,S2-530295210,S3-580370717
S1-678691131	S2-702447518,S3-987866526,S3-784322819,S2-752061152,S3-241394069,S2-229344531,S3-580424805,S2-695157618,S2-860687884,S3-82106134,S3-886088044,S3-545363245
S1-593657532	S3-790250224,S2-199329308,S2-451251890,S3-717845163,S2-998539088,S3-124146563,S2-595397422,S3-428113305,S3-986995979,S2-125606513,S2-602945989,S2-821840550
S1-633878078	S2-669847754,S3-922665237,S2-333542534,S2-356610086,S3-594214207,S2-605224653,S2-135296921,S3-866406222,S2-891699691,S2-417634324,S2-112370977,S2-965323593
S1-565886280	S3-545283392,S3-804479913,S2-961844598,S2-517247196,S2-749253818,S2-716151356,S2-362592481,S3-132986747,S3-164093868,S3-49496618,S3-315864383,S3-443680067
S1-543449380	S3-644519371,S2-323077587,S3-455706698,S3-240804942,S2-340587347,S3-113699440,S3-427282617,S3-392165607,S3-315773131,S3-306139886,S3-370667513,S3-88655472
S1-709970347	S3-184609622,S3-546969836,S2-125976218,S3-441550316,S3-611168414,S3-632945672,S3-30535652,S3-256909290,S3-248877823,S2-762278968,S2-668667206,S3-999131033
S1-111575785	S3-216935628,S2-381837306,S2-635669012,S2-372685855,S3-175407592,S3-491038110,S3-313258912,S2-266693328,S3-646057174,S3-30007279,S2-960160101,S3-221760469
S1-690271619	S3-921736466,S2-409618569,S3-17886038,S3-653836004,S3-36797313,S2-713993203,S3-512072148,S3-121810783,S2-615247741,S3-375023597,S2-599740691,S3-28769600
S1-482526831	S3-388434859,S3-552355680,S2-754851887,S2-103759228,S3-324070814,S3-807437831,S3-814807688,S2-694747647,S3-832142517,S3-59101871,S3-562545355,S3-751749254
S1-721013285	S3-591669823,S3-353877369,S2-957800221,S2-94318931,S3-10605639,S3-619685732,S3-444747126,S3-833153094,S3-45138823,S2-120713863,S3-434502636,S2-984873930
S1-446426470	S3-911287510,S2-465010783,S2-621873405,S3-290744406,S3-214427835,S2-753635629,S2-108511477,S2-754851887,S3-509797899,S2-187302312,S3-863052495,S3-233111286
S1-547611976	S3-96225653,S2-66190148,S2-62316840,S3-565837395,S3-168998145,S3-15898898,S3-43134704,S3-655037895,S3-898574137,S2-698483910,S3-266943693,S2-234331226
S1-231001018	S2-685079682,S3-539000294,S3-355100563,S3-712787975,S3-65993806,S2-351062508,S3-215262048,S3-847163837,S3-55449487,S3-156773724,S2-571659580,S3-25991904
S1-132530445	S2-790374481,S2-512686801,S3-444956650,S2-928813576,S3-10496463,S2-138423587,S2-341543864,S3-720142427,S2-448693599,S3-832192196,S3-254394413,S3-306136720
S1-617160474	S2-501733775,S2-485435743,S2-735634910,S2-351281781,S3-339677712,S3-226119362,S3-143468752,S2-597733490,S3-874493455,S3-29623842,S3-791686243,S3-193799099
S1-788668459	S3-552424484,S2-572252983,S3-208551571,S3-284602331,S2-375720961,S3-268864584,S2-656768927,S2-505212519,S2-727626196,S2-20924769,S2-631415210,S3-382601597
S1-975810185	S3-760581052,S2-237791826,S2-178483866,S2-918526390,S3-439618002,S2-477825184,S2-848678655,S2-228466369,S3-837879899,S3-256638449,S3-678340818,S3-910051421
S1-467375498	S2-106165149,S3-694822517,S3-446145656,S3-161851332,S2-921009115,S3-942856881,S2-487911210,S2-859916888,S3-597361564,S3-126772091,S3-638460636,S3-367113001
S1-745054701	S2-491167623,S3-808564001,S3-268851224,S2-621590821,S2-199477698,S3-954674415,S3-362133383,S3-924545424,S3-532989125,S2-321676201,S2-540383701,S3-957017980
S1-566956614	S3-21732143,S3-733408652,S3-717546053,S2-911319251,S3-755989003,S3-241560006,S2-238890638,S2-135470954,S2-457086018,S2-37959587,S3-230916599,S2-923079632
S1-684563233	S3-616784341,S3-534999250,S2-377309540,S2-569920358,S2-542793905,S2-171834855,S2-536657760,S3-505563444,S3-529109584,S3-863052495,S2-816974376,S2-191782537
S1-706363724	S3-975215701,S2-426948569,S3-792955138,S2-969793868,S3-78263378,S3-362776916,S3-988938662,S3-420724551,S2-356273165,S3-522083075,S3-450543713,S2-173690499
S1-322203849	S2-80959687,S3-242249330,S3-468807380,S2-152828416,S2-69343002,S3-12307450,S3-400521663,S2-478394592,S2-925951665,S2-590501321,S3-807437831,S3-287049809
S1-965482190	S3-633064257,S2-111898468,S2-167829767,S3-825399072,S3-230969950,S3-9560481,S2-575500280,S2-18513941,S3-319593850,S3-635515697,S3-840287783,S3-428215581
S1-995387092	S2-370443275,S2-968347221,S3-609224941,S3-831602733,S2-936421025,S3-442653940,S3-536517180,S3-127955796,S3-390860971,S3-4454228,S3-535646397,S3-717575816
S1-880608330	S3-474885698,S3-438855900,S2-835860604,S2-115552887,S2-813725767,S3-214469516,S2-396757893,S3-23511238,S2-431178043,S3-769886474,S2-970019669,S3-552543158
S1-510822825	S2-671089831,S3-714462272,S3-252971929,S3-126380929,S3-997562649,S2-841602566,S2-970732996,S2-260347382,S3-76485078,S2-67558186,S3-885016509,S2-657936086
S1-875049673	S2-429998378,S2-22576037,S2-296034758,S2-542801770,S2-865853660,S3-287846052,S3-836867258,S3-942104751,S3-174003735,S3-323320965,S2-972238716,S3-233939615
S1-404479688	S3-471315159,S3-541320612,S2-144691847,S3-984476861,S2-346649756,S2-197968902,S3-879282516,S3-454586899,S3-736377817,S3-744399775,S3-353595172,S3-983696901
S1-564599776	S2-746825223,S3-759476717,S3-234821526,S3-400520678,S3-302096055,S3-546922709,S3-293729765,S3-985995843,S3-131679167,S2-490669038,S3-578854097,S3-349296502
S1-419781949	S2-704861724,S2-434081902,S2-801014858,S2-421404890,S3-756938537,S2-850252570,S2-472304651,S3-975793848,S2-167141315,S2-691416042,S3-325943105,S3-29871504
S1-906725014	S2-799066646,S3-289889741,S3-70967882,S3-429515671,S3-564650078,S2-712882243,S3-292320472,S3-72518575,S3-249507286,S2-593527851,S2-274291821,S2-588047503
S1-795875520	S3-982146654,S3-26139335,S2-153511333,S3-331193771,S3-230174093,S2-220537974,S2-235841833,S3-832134845,S3-696460666,S3-223838291,S3-651602274,S2-843825315
S1-893150557	S2-39125765,S3-770292378,S3-34801103,S2-232111187,S2-845229931,S2-241387076,S2-510556649,S3-953734579,S3-305488185,S3-35227436,S3-323618334,S3-477577752
S1-540798669	S2-836575327,S2-741792184,S2-752745250,S3-37172581,S2-588041482,S3-127644855,S3-80086407,S2-834630522,S3-720670571,S2-716850185,S2-518913225,S3-305791350
S1-669141263	S2-366134754,S2-266366342,S2-717618111,S2-115553044,S2-870699532,S2-255801161,S3-351768774,S2-152797639,S3-983689388,S3-647180686,S3-572645648,S3-40339780
S1-246763858	S3-60300572,S3-755448123,S3-215038217,S3-257140415,S2-678581498,S3-73489743,S3-673165954,S3-917612559,S2-590984302,S2-871785984,S2-278789747,S3-606858934
S1-332293042	S2-296832916,S2-719565724,S3-281000741,S3-735047669,S3-157290489,S2-797728943,S2-178383802,S2-78885676,S3-298758192,S3-620325595,S3-313419207,S3-476627895
S1-418955289	S3-8359329,S3-715586407,S2-421095557,S3-115286327,S3-964382155,S3-933867710,S2-364343818,S3-988007969,S3-679973815,S3-459623130,S2-599616740,S3-304053155
S1-502746566	S2-8023326,S2-731894402,S2-677171473,S3-545288067,S3-926257397,S2-230496704,S2-667679696,S3-63415818,S3-414321192,S3-680960345,S2-29326717,S2-699826602
S1-561148298	S2-228519960,S3-666643038,S3-64689804,S3-185089796,S3-39532496,S2-214118239,S3-329013594,S3-322042326,S2-351731540,S3-164486427,S3-497041678,S2-5352460
S1-862861987	S2-496478352,S3-13050035,S3-915420363,S2-940174451,S3-98673660,S3-182719655,S3-688229449,S3-824073796,S3-380103040,S3-845935809,S3-384028685,S3-782442049
S1-840840585	S3-500124481,S2-117096107,S2-432711902,S2-388507976,S3-800234192,S2-24656894,S3-978268587,S2-688647710,S2-480575889,S2-597272544,S3-54538715,S3-542038343
S1-863147456	S2-715444095,S2-700472766,S3-256431552,S2-754631324,S2-454629372,S3-246168683,S3-485915564,S3-418106378,S3-677993926,S2-423450640,S3-419196199,S3-339116653
S1-483486167	S2-61871377,S3-883171137,S3-800576923,S2-766378529,S2-581528767,S2-972965340,S3-98238507,S3-954745038,S2-448903294,S2-528606318,S2-399218435,S3-365232605
S1-660005184	S2-952360777,S3-125067224,S2-784150108,S3-304789937,S2-199292415,S3-949090403,S2-722123421,S3-415836087,S3-516657509,S2-659953458,S3-75150493,S3-596756996
S1-797966130	S3-892698166,S2-55850035,S2-149709373,S3-319223409,S2-424979708,S2-456738327,S3-982975259,S2-785726612,S3-592236574,S3-352453875,S3-425507898,S2-722099799
S1-296000542	S3-362192180,S2-568353639,S3-190980283,S3-157428102,S2-970267999,S3-549498715,S3-267770381,S3-700655142,S3-575737215,S2-889124868,S3-819790976,S3-698162207
S1-469076530	S2-93109244,S2-886562353,S3-393389375,S3-242951041,S2-967857801,S3-367450363,S2-916167940,S3-495611475,S3-108167493,S2-116772362,S3-824136061,S3-380989502
S1-819916083	S3-664773629,S2-537951517,S2-366351680,S3-315658079,S3-432910227,S3-849577757,S3-148150184,S3-69287906,S2-960145108,S3-898499450,S3-450836585,S3-126084769
S1-360194736	S3-227103007,S2-931351492,S3-639052108,S2-744377153,S2-88222995,S3-442131085,S3-369219943,S2-637811448,S2-312476346,S2-584863193,S2-17512699,S3-201984974
S1-698579846	S2-53524039,S2-39773015,S2-466210093,S3-853486241,S3-724439526,S3-102686824,S2-677682689,S2-949227781,S2-437796758,S3-257807803,S2-807726533,S2-74601676
S1-508196606	S3-252497110,S3-813920886,S2-267984607,S3-65414875,S3-327082977,S3-300610969,S3-99321982,S3-844057651,S2-758340478,S2-717677493,S3-813846744,S3-249716491
S1-147588834	S3-569351002,S3-922723089,S3-673331029,S2-103424517,S2-385195965,S2-804360089,S3-684644840,S3-732464527,S3-447011799,S2-471839724,S2-842293956,S3-428851600
S1-582074630	S3-133040274,S2-94829895,S3-186518502,S2-158635358,S3-574597900,S2-522987598,S3-527801491,S3-293769823,S3-173638046,S3-261509810,S3-309542803,S2-447071309
S1-752130715	S3-872544845,S2-410219457,S2-460271079,S2-523075057,S3-774625143,S2-187028525,S3-589794680,S2-249856189,S2-953656935,S3-964813077,S3-565940486,S3-205132294
S1-711092247	S3-166999036,S3-415687233,S3-105340457,S3-834617204,S3-898185278,S3-289342611,S2-570226758,S3-588378025,S2-359484292,S2-431337038,S2-914419699,S2-395201584
S1-141615448	S3-442559518,S3-960293650,S3-697796648,S2-163343412,S3-656961440,S3-935621835,S3-899068443,S3-757175571,S2-158892588,S3-810237592,S2-70049795,S3-606800661
S1-465463687	S3-688818742,S2-299256053,S2-624584933,S3-428262500,S2-690019660,S3-382255942,S3-427581158,S2-11329255,S3-73607986,S3-918777761,S2-425635274,S3-830336631
S1-644772008	S3-873015155,S3-637813648,S2-654593247,S2-404708323,S3-160320520,S3-605923629,S2-797041535,S2-430004564,S3-718835050,S3-970687156,S3-849592641,S2-804468214
S1-338616525	S2-178620075,S3-914894690,S2-541129619,S3-43568447,S2-33458026,S2-393961943,S3-215513862,S3-519435190,S2-231048829,S2-919623880,S2-883886347,S3-604690263
S1-187439357	S3-256034502,S2-303047298,S2-840760905,S3-239745906,S2-685733917,S2-471115021,S2-673039691,S3-176218290,S2-123526308,S3-37588967,S3-158206246,S2-179475009
S1-315731192	S2-51004854,S2-209700138,S3-535890289,S2-546350715,S3-204969020,S2-590986220,S3-53399142,S3-979609436,S3-539089651,S3-840361568,S2-815931993,S2-412619896
S1-624904097	S3-225480580,S2-385556769,S3-492641273,S3-665252626,S3-736235493,S2-641348396,S3-339885410,S3-673833972,S2-888443332,S2-177755643,S3-565921745,S3-330444904
S1-148952917	S2-49450331,S2-415490257,S2-167872854,S3-401501426,S2-405207939,S2-561085584,S3-417080452,S2-894962735,S3-21733070,S2-520968784,S2-351436823,S2-341094459
S1-804015323	S2-935653589,S3-114991104,S2-444341766,S2-605310415,S3-818484210,S2-837251394,S2-362375405,S3-55106149,S2-737481873,S3-685847887,S3-841131820,S3-874673236
S1-820721889	S2-197751554,S3-359626025,S3-215408974,S3-827531387,S2-277396171,S2-140641304,S3-250018898,S2-735800809,S3-100877160,S2-858268025,S3-809456801,S3-792358023
S1-714477891	S3-252713244,S3-43328431,S2-616932568,S2-393707866,S2-122002816,S2-933218908,S3-243503103,S2-566519591,S2-21765357,S2-115887716,S3-464930800,S3-966263945
S1-833806861	S2-311263449,S2-696777094,S3-218885201,S3-597890108,S2-362860034,S2-244043610,S3-913967185,S3-635375276,S3-425277893,S3-711729662,S2-206065863,S3-443469858
S1-309035753	S3-593303813,S3-615758704,S2-403354305,S2-686600545,S3-857982785,S3-927401859,S3-681948305,S2-894059607,S2-22627162,S2-752864930,S2-729401171,S3-24883807
S1-512356577	S2-823303104,S3-868005176,S3-478015127,S2-703384152,S2-198766495,S3-295033731,S3-49048686,S3-192509017,S3-380412769,S3-801482615,S2-856812896,S2-188401674
S1-316498676	S3-332498623,S2-881474281,S3-853924624,S3-220645078,S3-13637182,S3-949557106,S3-859962936,S3-712610003,S3-853344039,S2-783869242,S2-530738768,S3-946831776
S1-56643455	S2-742533635,S3-531499398,S2-911351636,S3-229405839,S2-905685041,S3-983644314,S2-84974476,S2-573351483,S2-862263206,S2-941225686,S3-380698416,S3-212289763
S1-891024785	S3-938400780,S3-156924153,S2-736782061,S2-158803616,S3-628595959,S3-772746387,S2-639997832,S2-911395948,S3-736422721,S2-304433188,S2-754851887,S3-53598526
S1-304950813	S2-293579566,S3-200643940,S3-683297074,S2-904086612,S2-817633361,S2-71490138,S3-777002764,S3-712895348,S3-617324498,S2-876356068,S3-546614997,S3-428568433
S1-4828074	S3-431261251,S2-39981338,S2-83848964,S3-572342721,S3-320944598,S3-656327624,S3-520443992,S2-862846101,S2-221761773,S2-868727867,S2-467729507,S3-918684557
S1-608372074	S3-226695344,S2-283083519,S3-685180160,S3-754465330,S2-14677876,S3-454823500,S2-708916404,S3-32248742,S3-106929518,S3-899117690,S3-969598728,S3-542759343
S1-721413990	S2-875446286,S2-424384535,S2-163990688,S3-454342605,S2-639342943,S2-442955861,S2-402266849,S3-276566166,S3-440419598,S2-44008080,S3-236899,S2-249029138
S1-582670276	S2-631726127,S3-524868796,S2-981798757,S3-854104998,S3-171538488,S3-905833046,S3-63904532,S3-53495007,S2-165720018,S3-603817747,S3-137853970,S2-101730193
S1-472564070	S2-322304642,S3-546287536,S2-187205040,S3-821539370,S3-459179673,S3-582264213,S3-609722516,S3-738008087,S3-98766619,S3-343689189,S2-886612502,S3-766225281
S1-576034680	S3-587278929,S2-447937995,S3-582847417,S3-150198091,S3-729738440,S3-522608921,S2-68530715,S2-442606243,S2-219804379,S2-56607868,S2-739635085,S3-309495849
S1-440824511	S2-979966137,S2-646842232,S2-837178718,S3-709726769,S3-187752630,S3-906357090,S3-914119353,S3-848327269,S2-561673206,S3-488134155,S3-697378929,S3-923334728
S1-214523553	S2-526348325,S2-489875221,S2-945995043,S3-185239365,S2-156740519,S3-416139846,S2-771455752,S3-208017524,S3-67646565,S2-786444549,S2-97501844,S3-791069161
S1-142887694	S2-677693598,S3-693969820,S2-154742874,S3-80234817,S3-58670853,S2-805274528,S2-344394583,S3-470373527,S3-53244058,S2-231557959,S2-827827769,S3-117183995
S1-400455899	S3-592478308,S2-17959519,S2-747398074,S2-772386466,S2-754765337,S2-899189308,S2-566915205,S3-784027618,S2-600985464,S3-595341809,S3-488930222,S2-692631385
S1-633326485	S3-252420754,S3-908100055,S2-258858189,S2-57983138,S2-71675508,S2-769219608,S2-962901575,S2-816762634,S3-221760469,S2-303117184,S2-491248256,S3-266357044
S1-394388053	S3-58633317,S2-564338531,S2-696073797,S3-740194382,S2-99986500,S3-923542724,S2-938584772,S3-482583939,S3-68327318,S2-76707173,S2-700789416,S2-96066082
S1-105213911	S3-91573358,S2-745459583,S3-871887364,S3-768565865,S3-894205539,S2-207814679,S3-997902469,S3-32263161,S2-299549960,S2-993840633,S3-912243695,S3-331409340
S1-805619556	S2-309841363,S2-614601295,S3-371307124,S3-865212438,S3-777072837,S3-406344376,S2-332418904,S2-275183496,S2-18513941,S2-378271277,S2-870740887,S3-993271926
S1-556324886	S3-294435216,S2-952517590,S3-467722298,S2-680233055,S3-861488250,S2-95166728,S2-352273397,S2-277466585,S3-865779149,S2-292325522,S3-977837845,S2-123307559
S1-953836573	S3-292084966,S2-732581911,S2-146573657,S3-236844875,S3-282458378,S3-531795128,S3-524628854,S3-921039206,S2-279284665,S3-997457005,S3-240339796,S3-643730395
S1-564810041	S2-839568562,S3-977215989,S3-812884088,S3-837277567,S2-184754401,S2-753318193,S2-800104798,S3-458678824,S3-768722386,S3-36941498,S2-3228429,S2-862085719
S1-645545083	S2-454309137,S2-757242068,S2-710782732,S2-187232560,S3-314832949,S3-318984906,S3-547930480,S3-709297123,S2-150978561,S2-325319466,S3-114462586,S2-6435399
S1-395584117	S2-989748627,S2-983416050,S3-624558966,S2-503199019,S3-830429604,S3-28474314,S2-476657975,S3-552078607,S2-345025910,S3-69619851,S3-616949835,S2-170562783
S1-525480355	S3-200612592,S2-871013604,S2-710071650,S3-960071585,S3-391821108,S3-446194553,S3-677524039,S3-502429303,S2-445689057,S3-92743834,S2-124776674,S2-306682947
S1-892672742	S2-662148439,S2-200671038,S3-560262279,S2-987551898,S2-923616048,S2-904207731,S3-743354223,S2-659196884,S2-123909726,S2-258350740,S3-747524663,S2-238651683
S1-101086801	S2-814207374,S2-969308115,S3-883458558,S3-710799833,S2-807071779,S2-563673891,S2-156702764,S3-76623418,S3-124880529,S3-429085731,S3-543090005,S2-942571749
S1-534640204	S2-937720297,S3-628624969,S3-959541361,S2-415518456,S2-521407272,S3-886290072,S3-436854644,S2-120273144,S3-481657954,S3-132112006,S2-825033963,S3-234555749
S1-45754231	S3-943890866,S3-46103937,S3-246150815,S3-368976874,S2-493923710,S3-833220463,S2-116364664,S2-888524954,S2-218051561,S3-327551783,S3-203879277,S3-353261264
S1-946855893	S2-698848922,S3-99268648,S2-783466021,S3-205251662,S2-522388230,S2-611208860,S3-692255247,S3-691841072,S2-384593689,S2-962649960,S2-574193610,S3-554548008
S1-77608132	S2-807964626,S3-373781335,S2-366793945,S3-173491301,S3-557799727,S2-380135232,S3-15757361,S2-429349314,S3-605951662,S2-724663999,S2-220666599,S2-314112220
S1-523932198	S2-414077380,S3-162515892,S2-682415907,S3-621370105,S2-907751875,S3-2409651,S3-233006713,S3-998872268,S2-988808562,S3-114466075,S3-41924912,S2-219662693
S1-386780612	S2-584642307,S3-413705134,S3-476888910,S3-859226093,S2-561692509,S2-6666756,S2-524097940,S3-526979867,S3-95690474,S2-476910416,S2-708359993,S2-249656944
S1-564808825	S3-622391926,S2-973424885,S2-535592194,S2-922069977,S2-518521175,S3-21294609,S3-145085158,S3-360512829,S3-123878936,S2-314837382,S2-723705481,S2-358319618
S1-486003830	S3-182198918,S2-116865921,S3-420118678,S3-935276182,S3-652197205,S3-532847365,S3-123391576,S3-239173760,S3-558803167,S3-199900422,S2-431125861,S3-245764209
S1-247402131	S3-210747773,S3-460166336,S3-119568061,S2-242634991,S3-583962844,S3-869167148,S3-631982636,S2-548753246,S2-978452416,S3-130813732,S3-91616104,S3-42356665
S1-870388911	S2-670140098,S3-831962624,S2-277602629,S2-979398137,S2-569946919,S2-275796343,S3-321660152,S2-807587506,S2-871998924,S2-518550383,S3-613909845,S3-460069542
S1-833158811	S3-787506501,S3-708244679,S2-821020633,S3-790948019,S2-486294154,S2-847668071,S3-662044476,S2-417279658,S3-768575389,S3-158730950,S3-489990009,S3-854474626
S1-417516667	S3-860155540,S3-660876966,S2-791257661,S3-732968341,S2-296246841,S3-807368984,S3-625139504,S3-169806087,S2-260001991,S2-484938412,S2-195522849,S3-800946086
S1-826745936	S3-915197753,S2-675480802,S3-249123234,S2-265343956,S3-238158863,S3-923067530,S3-25816186,S2-706929164,S3-632726823,S3-89461092,S2-746973035,S3-452381030
S1-576131275	S2-822389813,S2-168947520,S2-853780032,S3-502072475,S2-20256600,S2-509498721,S3-705076537,S2-504447425,S2-273871849,S2-187052215,S3-695188413,S3-175249346
S1-151512332	S2-301410151,S3-138171344,S3-421416974,S2-137775861,S3-534681240,S3-214973777,S2-440059916,S3-207110593,S3-370096054,S2-334311602,S2-145988191,S2-933978820
S1-794611876	S3-639031403,S3-485058396,S3-524940533,S3-591916295,S2-247730534,S3-173241136,S2-962394538,S3-982500088,S3-735812500,S2-506734938,S2-595686064,S2-840696821
S1-263336622	S2-274159582,S3-985350320,S2-288850475,S2-166331489,S2-237611937,S2-719627125,S3-518990809,S3-312187039,S2-518578540,S2-677478096,S2-543249134,S2-25179500
S1-193166783	S3-117663490,S3-855396828,S3-131834682,S3-913825049,S2-976775137,S2-740159615,S2-519336419,S3-644773784,S2-149471938,S3-910567497,S2-143340344,S3-664374932
S1-917752229	S2-100693253,S3-647485993,S3-923257473,S2-714903549,S3-523695610,S2-778732194,S2-404407599,S2-874866389,S3-394682068,S2-595440568,S3-669205579,S3-358264537
S1-418252660	S3-490386647,S3-230411880,S3-125525358,S2-194632573,S2-420755454,S2-191601488,S2-318664001,S3-77043853,S2-159010751,S3-102070787,S2-136034,S3-229205346
S1-931876793	S3-364038211,S2-41155952,S2-856073573,S2-501765879,S2-270371555,S3-490686534,S2-972961660,S3-409262760,S3-564181961,S3-469097738,S3-584495729,S2-836799898
S1-148681029	S2-406975516,S2-131078921,S3-900082410,S3-624069432,S3-308441248,S2-229521147,S2-596075447,S3-951883282,S3-614832204,S2-448687047,S3-25049796,S2-275723361
S1-270120384	S2-732062979,S3-370277109,S3-815470138,S3-73576087,S3-707142997,S2-65919978,S2-272902026,S2-641604467,S2-441192057,S3-477819383,S2-456060277,S3-418087506
S1-39013848	S3-733118205,S3-126854423,S3-120985265,S2-563991745,S3-797306778,S3-698926066,S2-53148724,S3-47828479,S2-559227301,S2-727640037,S2-962035550,S3-724923081
S1-218426158	S2-246409675,S2-231552062,S3-132134308,S3-574187382,S3-759350742,S2-750315955,S3-645683209,S3-487187718,S3-665273255,S3-682735924,S3-576784908,S3-358895031
S1-838767070	S2-542737768,S2-584600300,S3-114415823,S3-888095764,S3-49623872,S2-102173913,S2-628217255,S3-188293323,S2-298906963,S2-739621564,S2-778114899,S3-81924517
S1-822590513	S3-768424246,S3-82122793,S2-41987576,S2-662037773,S2-303596000,S2-185041974,S3-313874800,S2-678153969,S3-825686613,S2-144437273,S2-17037270,S2-247738094
S1-383099386	S3-188421163,S2-525916947,S3-902433706,S2-139640369,S2-963561532,S2-100837700,S2-608329771,S3-122412654,S2-680332441,S2-754570642,S2-403906629,S2-877264602
S1-157112332	S2-350637963,S2-531660902,S3-436647557,S3-173852877,S3-935270558,S3-503610096,S3-486473630,S2-401229160,S2-639661946,S2-54620522,S2-289829237,S2-953927590
S1-452581683	S3-427033299,S3-209848969,S2-403607600,S3-440006005,S2-21120534,S3-277938964,S3-444758189,S2-41866861,S3-918462892,S3-896296179,S3-388310138,S3-458527708
S1-109751578	S2-808084837,S2-667804327,S2-778366017,S3-538168968,S2-679639102,S2-995268886,S2-317573128,S3-661456532,S3-391153807,S3-308420902,S3-838977598,S3-408640447
S1-562178434	S3-988742863,S2-35312934,S2-46856451,S3-547695466,S2-335589441,S3-799566841,S2-446051125,S2-997768520,S3-616147363,S2-914797586,S2-73393938,S3-318886341
S1-116258838	S2-352546941,S2-978959007,S3-154704016,S2-600460446,S3-393721302,S2-452589797,S2-345109320,S3-928498938,S2-586277416,S3-343716443,S3-423638000,S2-176816435
S1-819749887	S2-321366496,S3-65120373,S2-733009771,S3-486058377,S2-872120618,S3-838030125,S2-311190352,S2-440382600,S2-653769451,S3-579003580,S3-146326599,S2-514899323
S1-705159346	S2-144710171,S3-417898235,S3-540878498,S2-838015607,S3-830255483,S3-35967003,S3-77332426,S2-728242731,S3-332150105,S2-194998620,S3-457547681,S3-489990009
S1-205959556	S3-760113580,S3-336942897,S2-443578986,S3-995257001,S3-773027844,S2-240827182,S3-155887742,S2-730165090,S2-248778404,S2-606421678,S3-426064261,S3-581669738
S1-330749552	S3-176354086,S2-148586124,S3-122450339,S2-408596884,S2-596689195,S3-573621739,S3-641634540,S2-322453333,S2-843436640,S3-792102112,S2-150447561,S3-750458297
S1-328158035	S3-333926170,S2-546957761,S3-454030304,S2-317717565,S2-685482518,S3-775711783,S3-329447878,S3-910550864,S2-600494179,S3-853851802,S2-309322838,S3-190422956
S1-545414715	S2-333679945,S2-911658283,S2-329311722,S3-115433976,S2-960953329,S3-211744364,S3-873838009,S2-749378562,S3-567908518,S2-517519845,S3-629838008,S2-242836328
S1-692990298	S2-969024168,S3-318700082,S2-798544343,S2-300822518,S3-463998814,S3-639122391,S3-965722469,S2-904502806,S3-299579425,S3-618860650,S2-928827229,S3-28397650
S1-196615081	S2-842687942,S3-139030290,S3-372508761,S3-275353617,S3-384243001,S3-777362434,S2-511539315,S3-711220050,S3-259296684,S3-954525021,S2-282406411,S3-991436070
S1-257708007	S3-801900759,S3-973232929,S2-617751124,S3-544894957,S2-524776748,S2-715097256,S2-184656602,S3-545919231,S3-376569985,S3-326586939,S3-701279122,S3-487890095
S1-693452825	S2-80416732,S3-25839617,S2-169166801,S3-804075815,S3-433647900,S2-166301159,S2-407019191,S3-42617760,S3-397679521,S2-712947955,S3-204498316,S2-444268387
S1-555920352	S3-812091332,S2-156774131,S2-172164874,S2-43679298,S3-726524020,S2-970389498,S3-793888886,S2-412532448,S3-339424002,S3-248706528,S3-356450492,S3-826448360
S1-482779936	S2-430069161,S2-305139870,S3-744650896,S2-926897754,S2-673731358,S3-732502645,S3-50046347,S3-276617362,S2-349512691,S3-832558871,S3-992270206,S2-322467052
S1-659293753	S3-474080633,S3-232726431,S3-402055252,S2-923174482,S2-940257775,S2-567113137,S2-41111887,S2-488151618,S3-313180558,S3-771446898,S3-675859894,S3-321233539
S1-792783612	S2-164530406,S3-443707906,S3-675406384,S3-915219007,S2-638382023,S2-49174225,S2-828694898,S3-798293880,S2-156764353,S2-536697986,S3-604123951,S3-561252392
S1-993268785	S2-286004564,S2-269717848,S2-585099394,S3-298536487,S2-912522564,S3-687615763,S2-511759030,S2-978732669,S3-455950545,S3-90115602,S2-634740552,S3-208211634
S1-484006648	S3-693650518,S3-860211172,S2-999526144,S2-443000630,S3-966380116,S2-711185791,S2-548597556,S2-242665174,S3-668200284,S3-366179446,S3-927316327,S3-614405445
S1-518826205	S3-169924284,S3-369937709,S2-978582375,S2-975143591,S3-548390078,S2-273269633,S2-681836267,S2-655097901,S3-783364703,S3-549070565,S3-144796750,S2-653020287
S1-485749026	S3-192138003,S3-366839783,S2-595194302,S3-597863129,S2-235287147,S2-724319996,S2-565709033,S3-177555151,S3-848013495,S2-768811096,S2-740386487,S3-405516213
S1-899834170	S3-316459203,S3-964488095,S3-36927165,S3-699983886,S3-762388729,S2-348754520,S3-364886598,S2-737362781,S3-811876233,S3-274695673,S2-870473445,S3-455914818
S1-585520056	S3-935819348,S3-900656636,S2-233824174,S3-926955678,S3-217578582,S2-849441608,S2-269264325,S3-539362384,S2-376420795,S3-268550124,S3-173076626,S2-7789279
S1-781887356	S3-500194622,S3-89838875,S2-160779617,S3-213359800,S3-268396871,S2-601778313,S2-150968457,S2-411701659,S2-751358837,S3-981148704,S2-849503458,S2-804031883
S1-12798898	S2-332173551,S2-151681293,S3-342010511,S3-111678910,S3-338476192,S3-907634387,S3-623996176,S3-471244956,S2-173274498,S2-981903850,S2-273807793,S2-569078232
S1-612831545	S2-345031319,S3-64789320,S3-101107628,S3-910505588,S2-980267210,S2-766423707,S3-333160390,S3-9172395,S2-707503240,S3-158505251,S2-259770873,S2-710368419
S1-146577833	S2-953656386,S2-477704448,S3-786703571,S3-975150344,S2-933508918,S2-743354251,S3-849773226,S3-894773184,S2-382929944,S3-565585815,S3-421185091,S3-64774008
S1-301385548	S3-364605282,S3-678810171,S3-65498695,S2-30952914,S2-966034476,S3-501461387,S3-157193777,S2-90116571,S3-559601813,S3-332692572,S2-631461969,S3-769592091
S1-280074232	S3-102318742,S2-995644993,S2-569889784,S2-241270957,S3-578675138,S2-603355362,S3-165711047,S3-775240934,S2-840706526,S2-800492215,S3-93196175,S2-983661618
S1-779562225	S3-681158779,S3-938945792,S3-342696488,S2-706035283,S2-82693931,S3-895402346,S2-966566515,S3-876942875,S2-370350874,S3-380651826,S3-760148655,S3-149699354
S1-28548013	S3-800302941,S2-239692170,S2-393080478,S2-688789422,S2-517785083,S3-833442188,S3-569195013,S2-582860621,S3-612331074,S2-186932589,S3-144641453,S3-732711187
S1-678645747	S3-337322966,S3-509294858,S3-26308504,S3-921320373,S3-620591203,S3-668717756,S3-61093870,S3-808621810,S3-325501626,S2-542276325,S3-138809050,S3-804987761
S1-951654499	S2-699785803,S3-908078243,S2-218115778,S3-35152809,S3-538677418,S3-791845920,S2-858886859,S3-388441248,S3-121374890,S2-850265731,S3-160772632,S2-811899686
S1-657843898	S3-382342675,S2-353053846,S3-247466377,S3-153225610,S3-734406836,S3-582841019,S2-363921002,S2-837464694,S3-459345211,S2-812368090,S3-415388595,S3-460520537
S1-832592276	S3-191199345,S2-783837377,S2-358883548,S2-557631006,S3-775444110,S2-973865341,S3-247712759,S2-175874845,S3-274645891,S2-678701924,S3-666385320,S2-42362373
S1-861390210	S3-643845808,S2-853046236,S3-180726215,S2-569604166,S2-6226271,S3-319027169,S3-156528107,S3-233383434,S2-611481342,S3-548540049,S2-125684131,S2-37551437
S1-161986876	S2-505516382,S2-71064102,S2-259307998,S2-296605662,S3-23518063,S3-700531620,S3-685829358,S2-471498925,S3-773482854,S3-866144241,S3-180668533,S3-408430535
S1-766557965	S3-286753005,S2-672840171,S3-851528927,S3-644729639,S3-740340656,S2-842943274,S2-663731714,S2-30076392,S3-130512701,S3-283481683,S2-491330202,S2-637659022
S1-776439628	S2-693322219,S2-336566991,S2-614512643,S3-71690130,S3-80876294,S2-113596596,S2-865285469,S3-713904844,S3-16409628,S2-747630192,S2-677507812,S2-188104876
S1-904262546	S3-154070402,S3-222504378,S3-53607458,S2-877189701,S2-922658325,S2-778369432,S3-78430930,S3-476697696,S2-899491141,S2-109907720,S2-3207952,S2-722133796
S1-621946202	S2-766520956,S3-468419124,S3-518968091,S3-951585513,S2-487358591,S3-677908715,S3-506443726,S3-995776098,S2-943650889,S3-677624364,S3-211975715,S3-591762907
S1-493441144	S2-8858364,S3-640854635,S2-850547580,S2-906818895,S3-687749275,S2-575208923,S3-313846796,S3-392085274,S2-399192938,S3-361236794,S2-788453382,S3-638035135
S1-18586573	S3-542935908,S3-970586976,S2-839913807,S2-874621415,S2-168837105,S3-315066640,S2-319047015,S3-361151258,S3-6401079,S3-4454228,S3-600946824,S3-791858011
S1-269809674	S2-816333660,S3-41220786,S2-699623070,S3-638577208,S2-250480265,S3-80982671,S3-112927713,S2-500802998,S3-311693970,S3-297629070,S3-91406941,S3-637009249
S1-319549609	S3-136744919,S2-700694200,S3-825160460,S3-307136885,S3-863485681,S3-927444798,S3-390384431,S3-819593923,S2-104345130,S3-911340202,S3-419553624,S2-564076651
S1-87136952	S2-553167827,S2-730064189,S3-824538180,S3-443136181,S2-532220992,S2-68710517,S2-120043853,S3-851997844,S2-880151429,S2-873883369,S2-313891451,S2-369559012
S1-419589721	S2-97266975,S3-689065433,S2-789338178,S2-342474811,S3-256847868,S3-28275572,S2-635721788,S3-550355459,S2-425493597,S2-427130396,S2-354679021,S3-769210814
S1-898284754	S3-481452327,S2-447494201,S2-967137543,S2-793168653,S3-489950629,S2-570354767,S3-863761834,S3-323459238,S3-113267190,S2-303830350,S2-762313525,S3-706041579
S1-641268086	S3-227823539,S3-800154417,S3-519144221,S2-515979654,S3-728219087,S2-501934772,S3-371956492,S2-48758072,S2-572504932,S3-355936439,S3-767313454,S2-938012218
S1-302682734	S3-650271250,S2-998581552,S2-742382196,S2-44961764,S3-207273640,S2-115918863,S2-719640170,S2-319050933,S3-358327961,S3-69106394,S3-119958191,S3-775028907
S1-813779151	S2-984850970,S2-321380282,S3-352179252,S2-164788517,S2-509261701,S3-163236189,S2-438889690,S3-580613371,S2-822019164,S2-39349387,S2-24753158,S2-273695203
S1-294332398	S3-905896861,S3-367981226,S2-345239401,S3-94987063,S3-504090133,S3-730681596,S2-785732657,S3-990019267,S3-370386087,S2-552907680,S3-370515571,S3-38906500
S1-273820246	S2-400462965,S3-694072703,S2-69587778,S3-998140013,S3-144177527,S3-693991067,S3-687346904,S2-985368231,S3-286431062,S2-492634710,S3-207343427,S2-262702795
S1-625984149	S3-400977914,S2-800753502,S3-306889981,S2-797957047,S2-215735948,S3-592370364,S2-732069634,S2-869882813,S2-626495739,S3-912932297,S3-308407254,S2-715873719
S1-965014178	S2-862578833,S3-6788361,S2-47882299,S2-298813670,S3-24685148,S3-792803133,S3-910106468,S2-706587024,S2-872819075,S3-754864917,S2-534575987,S2-348426819
S1-899372618	S2-214176453,S2-845988580,S3-720362767,S3-523833268,S3-863190590,S3-797019230,S2-130470394,S3-224596122,S3-327207206,S2-655332519,S3-538301709,S3-442734012
S1-328171589	S2-835886558,S3-626293831,S3-156928579,S3-986862206,S2-152812868,S2-762534501,S3-611265805,S3-110363071,S3-251577843,S3-208542455,S3-674084116,S2-808570650
S1-587083781	S3-128910229,S2-922064082,S2-158363591,S3-992567788,S2-329766531,S3-223864668,S3-127034207,S3-759211971,S3-331451575,S2-231185078,S2-285733289,S3-454801438
S1-692401577	S2-540049747,S2-685774863,S3-707930246,S2-504788687,S2-688375621,S2-538470190,S3-40665429,S2-496458962,S3-890292562,S3-442909136,S2-305221475,S3-840956273
S1-204900087	S3-810837153,S2-823983326,S2-634564988,S3-120346260,S3-663432454,S3-552727987,S3-87692871,S3-633023757,S2-215937121,S2-134857113,S2-860121521,S2-895194118
S1-493146491	S2-802077309,S2-191965194,S2-302022441,S3-150618736,S2-978262265,S2-530594968,S2-405139584,S2-436704117,S2-554767152,S2-603766612,S2-500015466,S3-105320240
S1-628847473	S2-540276963,S2-93112240,S3-331905302,S3-50763594,S2-10399889,S3-791731032,S2-873883369,S2-685969140,S3-939634897,S2-865714401,S3-663265928,S2-329445481
S1-407530654	S3-145047132,S3-261988037,S3-769016502,S2-405110834,S3-245516921,S3-220898706,S2-579118446,S3-51486488,S3-481383833,S3-328614179,S3-998842218,S3-303272607
S1-515915015	S3-840146264,S3-790386208,S3-536517180,S3-791858011,S3-413192729,S3-310970796,S3-675925515,S3-771879503,S3-977173870,S3-902539005,S3-185621628,S3-765628468
S1-488263905	S2-509517181,S3-591172888,S3-411972579,S2-8184416,S3-618204321,S3-598644354,S2-821004540,S2-572504932,S3-59683690,S2-938012218,S3-767313454,S3-355936439
S1-61628664	S3-584713577,S3-660703244,S2-396512964,S2-121444099,S2-324852196,S3-734115475,S2-752200265,S3-955662245,S2-882820247,S3-323131582,S3-919730892,S3-3522760
S1-598765611	S2-325665078,S2-990750405,S2-225500013,S3-383945237,S2-774788650,S2-506433677,S2-5020822,S3-782299928,S3-629443774,S3-313258912,S2-533091415,S3-369634505
S1-263528264	S2-126025826,S3-471454735,S3-471271440,S2-695243329,S3-473312774,S3-187467684,S2-329277637,S2-888853475,S3-266068600,S2-981862138,S3-939957839,S3-719204008
S1-750680029	S3-186051368,S2-119976382,S3-568049611,S3-887585869,S3-704811379,S3-875124315,S2-255183783,S3-278084966,S3-104622633,S2-3935423,S2-482788876,S2-131607182
S1-672844567	S2-48468620,S2-327254757,S2-575845580,S2-387574362,S3-493946528,S2-418772176,S3-115349115,S3-943491252,S2-163524237,S3-129697555,S3-343154677,S3-982138402
S1-175196363	S3-269860955,S2-552713624,S2-724700602,S2-133601891,S3-470487910,S3-232768003,S2-804567632,S2-146026173,S3-657291985,S2-681339307,S3-308993383,S3-442645594
S1-890404377	S3-255764317,S3-231971307,S3-839577893,S2-854076060,S3-995933084,S3-869260634,S3-383990052,S3-534546224,S2-918678757,S3-399979863,S2-604565867,S3-238144745
S1-212991739	S3-980707488,S3-658649550,S2-422466973,S2-708686893,S3-906859611,S2-234737318,S2-114660857,S2-886188347,S3-734386173,S3-924228624,S3-290993204,S3-774511926
S1-201587931	S3-695336058,S3-244716550,S3-951076302,S3-155434267,S2-990039631,S2-168446455,S3-861170964,S2-527504961,S3-689464012,S3-1775308,S3-953544626,S3-173439240
S1-357811843	S2-634465015,S3-664539477,S2-30602350,S3-536681434,S2-937615133,S2-743765051,S3-807932251,S3-178188813,S2-53688134,S3-442910897,S2-418131178,S3-468779868
S1-478148950	S3-216188202,S3-698933670,S2-358315079,S3-124668283,S2-634758873,S2-758765137,S3-232339767,S3-199769319,S3-875095943,S3-570924649,S2-511058150,S3-273469029
S1-483374867	S3-153124257,S3-76125272,S3-107701658,S3-701044010,S3-125662217,S2-809321387,S3-485798204,S2-741323175,S3-963727100,S2-818232836,S3-2056925,S3-352256715
S1-887051645	S2-438491623,S3-4843617,S3-812489873,S3-73633596,S3-875410584,S3-524288467,S3-167342475,S2-468720366,S3-986713202,S2-838190146,S2-437881393,S3-277856206
S1-491678227	S2-193232779,S2-338237432,S3-644206148,S3-377062127,S3-804810077,S2-196399586,S3-652292989,S3-413174814,S3-598149546,S3-172840669,S3-384368033,S2-163668038
S1-20030899	S3-855411810,S2-998965992,S2-100019790,S3-74362323,S3-252416717,S3-884435768,S2-409127710,S3-921547006,S2-616205275,S3-356302116,S2-222124932,S3-235265337
S1-123962940	S2-414086963,S2-396235325,S3-707644447,S3-425544103,S3-838410732,S3-105353071,S3-822170482,S3-121823281,S2-884864959,S2-224528474,S3-627714557,S3-883297425
S1-557269687	S2-706082216,S2-622742252,S2-745457505,S3-233792542,S2-500321125,S2-429700726,S2-523056978,S3-806378436,S3-375892559,S2-357570851,S2-401197472,S3-524512004
S1-35598191	S3-942320446,S3-401765048,S2-279848526,S2-771530999,S3-853351629,S2-848416359,S3-261018690,S3-606061031,S2-65187742,S2-491968490,S2-942653357,S3-395399314
S1-580487704	S2-38136700,S3-543869273,S3-505101393,S2-330810533,S3-64083986,S2-469730897,S2-387810390,S3-460809947,S2-632042218,S3-1888341,S2-945652073,S3-658019039
S1-99723978	S2-529624339,S2-108555426,S3-637684363,S2-665762716,S3-605131283,S3-677342967,S3-792269371,S2-155037492,S2-158783690,S2-920456781,S2-51999662,S3-968962827
S1-413718196	S2-184588558,S3-379877454,S3-630609730,S3-626603475,S3-358944540,S3-622602747,S3-375023597,S2-756409822,S3-335365286,S3-943953211,S3-988851396,S3-675448916
S1-935021596	S3-961857323,S2-783654268,S2-489581569,S2-741581962,S2-538631849,S2-881583467,S3-169729325,S2-467322481,S2-156292735,S3-459343993,S2-17753958,S2-405340182
S1-330947699	S3-122957224,S2-876309997,S3-220558908,S3-777316945,S3-23125332,S3-493202109,S3-635970236,S3-655692333,S2-926030059,S3-370390036,S2-81781530,S2-507058976
S1-413927629	S2-993926877,S3-557550536,S2-62456938,S2-479709601,S3-846270406,S2-43731308,S2-5948813,S2-17098498,S3-177079646,S2-612366322,S3-85767509,S3-633920742
S1-617147137	S2-712429647,S3-218795842,S3-1621153,S3-244358627,S2-391446498,S2-657764412,S3-492856095,S2-958612764,S2-837942305,S2-411617398,S3-341619508,S3-572262609
S1-885629122	S3-937606042,S3-730200313,S3-895115632,S3-561714703,S3-965829340,S3-153968149,S3-844888170,S2-415115142,S3-647786414,S3-303302264,S3-896198450,S2-482990074
S1-947951152	S3-28378083,S2-38956986,S2-996478559,S2-377421364,S3-539791170,S3-507773931,S3-811453789,S3-162510691,S2-303695471,S2-349336568,S2-154652743,S2-481752322
S1-81261762	S3-130346643,S3-268294109,S2-179637008,S3-566460365,S2-411296587,S2-54889471,S2-725638145,S2-363660983,S2-47509948,S2-475434554,S2-937240243,S3-885419725
S1-6539939	S2-522534159,S2-267774815,S2-225109550,S2-921436814,S3-704416211,S2-338974125,S3-926803631,S2-504492007,S3-869123557,S2-658702603,S3-254737199,S2-316636870
S1-389556785	S3-255210258,S3-381599389,S3-158241940,S2-472265824,S3-626705149,S2-668927937,S2-601469883,S3-891844379,S3-294704594,S3-381467851,S3-97460530,S3-473641902
S1-465391943	S3-672180583,S3-898386725,S2-672332302,S3-990225084,S3-758149575,S3-155747761,S3-419626405,S2-902036638,S3-181171504,S3-129504750,S3-690349631,S3-894420287
S1-510203064	S2-63345447,S3-772319541,S2-160779296,S2-34155914,S3-542350844,S3-684417122,S2-162404883,S3-194585828,S3-337139765,S3-488156171,S3-823763452,S3-646392259
S1-123222080	S3-695343144,S2-604369305,S2-781084897,S3-666171722,S3-469494701,S3-911411624,S2-236377248,S3-504511872,S2-73477633,S3-998093120,S3-688650037,S3-120060008
S1-877959437	S3-250110462,S2-875510344,S2-939644306,S3-771382537,S3-942693068,S2-645151538,S3-90393075,S3-130915138,S3-715983892,S3-996262429,S3-805589012,S3-862536992
S1-540286813	S3-71390196,S3-506815849,S2-546967445,S2-938187921,S3-592663709,S2-365987614,S2-683780301,S2-303195667,S3-809661436,S3-5901252,S3-550013340,S3-108151265
S1-154647012	S2-234601554,S2-731219385,S3-844634393,S2-947369042,S3-578780660,S2-937453259,S3-837278903,S2-797237030,S2-935589349,S3-825177497,S2-310099901,S2-685077739
S1-76148256	S2-605437938,S3-853282702,S2-610716626,S2-707759574,S3-134172632,S2-997787805,S3-565009203,S3-572873464,S3-336415128,S2-21455216,S2-635881512,S3-941683379
S1-837028250	S3-783555351,S2-8515109,S3-801511072,S2-816050594,S3-699534445,S2-608737586,S2-331777608,S3-839407460,S3-894210836,S3-625549348,S3-276086900,S2-173555141
S1-56504175	S3-326123901,S2-164444005,S3-602361026,S2-756084522,S3-860896195,S2-542229595,S2-35647405,S2-197063991,S2-245044798,S3-886184160,S2-944731757,S3-586402969
S1-826593695	S3-325405619,S3-598707351,S2-128289283,S2-909914194,S3-9351611,S2-809508872,S3-721094736,S3-234863112,S3-824857076,S2-339136990,S3-1907260,S3-959714119
S1-653567823	S2-774726984,S2-855763827,S3-156105305,S2-38950154,S3-555671613,S2-847946935,S3-120114819,S3-888843646,S3-626603475,S3-358944540,S2-168142873,S2-347467169
S1-10705954	S3-196913748,S2-780239062,S3-280502840,S3-696261887,S3-939946379,S3-498965234,S3-3559253,S2-279372572,S2-369923317,S3-304886331,S2-554457866,S3-442039173
S1-221869362	S2-703022829,S2-933876826,S2-946607635,S2-270246989,S3-639335764,S3-196730372,S3-785538855,S3-454823500,S2-14677876,S3-969598728,S3-542759343,S2-16032916
S1-944388526	S3-788537345,S2-551927161,S2-365062250,S3-577462392,S3-666999354,S2-175137054,S3-747292919,S3-628114575,S3-875981547,S3-794727789,S2-318112949,S2-740807615
S1-578244070	S2-514899323,S3-146326599,S3-742913033,S2-149689074,S3-863770215,S3-511372363,S3-65414875,S2-63629088,S3-322344592,S3-718242773,S3-702534421,S3-824765823
S1-858366792	S3-72264282,S2-780110623,S3-115427688,S2-826884849,S3-39407561,S3-273205955,S2-771356249,S3-548830166,S2-597556903,S3-265501445,S3-585747447,S2-32387030
S1-682751121	S3-910663417,S2-665916306,S2-57567108,S2-139286788,S3-197533412,S2-344704171,S2-143861451,S3-638738257,S3-240886135,S3-907237517,S3-381304809,S3-725299040
S1-45361425	S2-529732352,S3-191592135,S2-586189192,S3-66599130,S3-891810483,S3-567442137,S2-830668957,S3-741241997,S3-107693930,S2-752700014,S2-298538151,S2-53972732
S1-671869373	S3-232365470,S3-505747533,S2-786832156,S3-952346278,S3-509662272,S3-518688551,S2-481307522,S3-905034474,S3-701056419,S3-597250720,S2-986078898,S2-309428536
S1-126322394	S3-653058045,S2-390197549,S3-504452384,S3-438116120,S2-15484769,S3-360196005,S3-450577356,S3-979836952,S3-420246927,S3-574595269,S3-466974509,S3-691722532
S1-863532201	S3-473122157,S2-585762281,S3-307526085,S3-755219669,S2-880297488,S2-876903990,S3-811666890,S2-15872431,S2-144023942,S3-797562048,S2-438315650,S3-430962430
S1-877644504	S2-353144838,S2-826221926,S3-100689337,S2-739106272,S2-5215236,S2-36088084,S3-479703779,S2-519345437,S3-14687422,S3-563062607,S3-356194491,S2-165065625
S1-536902250	S3-708466527,S2-545147995,S2-359405288,S3-333745453,S3-527425407,S2-698902656,S2-904197177,S2-998995338,S3-185815185,S3-183974046,S3-354476820,S3-954452924
S1-600999131	S3-648804681,S2-606597223,S2-538600834,S3-401815152,S2-479765780,S3-313799618,S3-855724617,S3-432795851,S2-37944581,S3-606904336,S3-665887309,S2-506506966
S1-890347689	S2-928460282,S3-131805069,S2-849229679,S3-787367222,S3-320808113,S2-111437620,S3-84291793,S3-731697261,S3-349341401,S3-54039954,S2-26399647,S3-801912189
S1-272553088	S2-228265525,S2-443652571,S2-908980916,S2-166275824,S2-746835430,S2-781930284,S2-701092818,S3-24028470,S3-756984376,S2-564487578,S3-416290591,S2-953413085
S1-732569705	S3-657678732,S2-688764774,S3-859124586,S3-703983053,S3-95286046,S2-818889755,S3-996506869,S2-687438028,S2-343577110,S2-275047053,S3-530479306,S3-289253559
S1-225941516	S3-344629287,S2-332675349,S3-470084384,S2-595543454,S2-775866445,S2-724807639,S3-623356902,S3-159056679,S3-791845920,S3-543993606,S2-809091312,S2-696754913
S1-514062684	S3-749946280,S3-800740955,S3-384859954,S3-917674499,S2-325949542,S3-177853117,S3-491086705,S2-708076336,S2-180482473,S2-398480657,S2-839005216,S2-959051596
S1-151959633	S2-463930604,S2-436971244,S2-680577952,S3-995833488,S2-145339310,S3-610756273,S3-835704658,S3-480253956,S2-201062942,S2-688196124,S2-835309089,S2-288691104
S1-94413504	S2-8285882,S3-46474727,S3-178991694,S2-970775314,S2-414165999,S3-636026158,S3-441382548,S2-822038374,S3-851882023,S3-699445490,S3-280580625,S3-354138462
S1-443468704	S2-363658024,S3-931676603,S3-228513408,S3-696322205,S3-413665877,S3-510750798,S3-267915217,S3-160648071,S3-609903695,S2-909147281,S3-773510068,S3-532568662
S1-673754581	S3-930504177,S3-733658614,S3-348472737,S2-75390746,S3-561839301,S2-279383604,S2-416537152,S2-783776294,S2-898567177,S2-101058101,S2-351364628,S2-70608528
S1-406098025	S2-889372876,S3-588244274,S3-165286995,S2-411386764,S3-993005401,S2-201002758,S3-306390707,S3-792734592,S3-868130841,S2-704927779,S3-288101554,S3-947219134
S1-612400040	S2-95630745,S3-160878516,S3-33489816,S3-296741442,S3-276716285,S2-580727575,S3-685401129,S2-541702815,S2-414550117,S3-651973597,S2-488748116,S3-79354893
S1-263617581	S3-470157988,S3-50700810,S3-702114517,S3-964248802,S3-38456671,S3-529595646,S3-3954223,S3-735143975,S3-817183344,S3-530315599,S3-307148448,S3-92210234
S1-973400888	S2-539262228,S3-13051129,S2-832698977,S3-811470753,S2-127888439,S3-436869122,S2-78233546,S2-298195153,S3-875661985,S2-219187291,S2-699554810,S3-742014084
S1-385053951	S2-21545080,S2-39513221,S3-685395265,S3-62391942,S2-908395336,S3-784194173,S3-440104239,S2-247290524,S2-756149321,S2-864646095,S2-57908783,S2-679834147
S1-350682460	S3-955335712,S2-228238683,S2-674758931,S2-583825233,S2-357297180,S3-585753103,S2-201769190,S3-123116053,S3-796443223,S2-351909550,S2-135431098,S3-563144571
S1-840771268	S2-146886882,S3-338043736,S2-45148817,S2-527825602,S3-205340401,S2-5126226,S3-233671291,S3-705123888,S3-569634962,S2-272150779,S3-936264020,S3-317164910
S1-145032202	S2-264792193,S3-89751108,S3-155252607,S2-922303748,S2-332873241,S3-856838046,S3-911987050,S2-982622259,S2-576863807,S3-500104062,S3-472277603,S3-946239436
S1-649363139	S3-860341855,S2-334864519,S3-498606596,S2-535761245,S2-131750565,S2-200216082,S2-133299469,S3-806013468,S2-135817012,S3-942989805,S3-737062342,S3-554979892
S1-905017973	S2-999519210,S3-34022240,S2-769754287,S3-374967406,S2-671976685,S3-291863805,S2-643240396,S3-955784780,S2-583998849,S2-67847397,S2-749978569,S3-932476542
S1-259325015	S2-326215181,S3-391898836,S3-370826891,S2-648745488,S3-268885776,S2-739306011,S3-15131476,S3-244875224,S2-364773391,S2-808521,S3-60224668,S3-268479160
S1-228891719	S3-490449157,S2-996715724,S2-487392557,S2-977545891,S3-357955235,S3-803731410,S2-191163123,S3-901136194,S3-668227933,S3-375016561,S3-980075753,S2-105311667
S1-78894372	S2-986926837,S2-830642924,S3-232737988,S3-889507482,S3-100488652,S3-337418309,S2-685760658,S2-284353850,S2-155975627,S3-1754086,S3-408537990,S2-970358100
S1-372137529	S2-809581923,S2-680192163,S3-503986247,S3-933102242,S3-728441021,S2-755581330,S3-169500330,S2-42320661,S3-377494122,S3-669221008,S3-124330657,S3-167824428
S1-295449558	S2-784081259,S3-887095881,S3-139560575,S3-893989395,S2-892197586,S3-371609474,S3-988851396,S3-29197049,S3-847163837,S3-675448916,S3-785139458,S3-379877454
S1-157396753	S3-118660744,S3-214600734,S3-952936609,S3-701170531,S2-429156899,S3-348807965,S3-787214295,S3-939932661,S3-150457031,S2-323570391,S2-665806486,S2-720456042
S1-439988341	S3-451346967,S3-53952441,S3-607249706,S2-998763223,S3-981767072,S2-357124433,S2-595833798,S3-880950400,S2-461713115,S3-808990107,S3-834505091,S3-361398366
S1-55304651	S3-230696886,S3-18568600,S3-110600828,S3-882446452,S3-347097437,S3-175768575,S3-428077722,S2-301079306,S3-877578325,S3-72393084,S2-582740619,S3-675592112
S1-83617813	S3-258157360,S3-445740384,S3-405102993,S3-229422720,S2-897757626,S2-780917960,S2-208611639,S3-722825081,S3-122324901,S2-34580612,S3-846671297,S2-169903851
S1-198781876	S2-670336404,S2-117133732,S2-748113837,S3-626218421,S2-822794766,S3-681010257,S2-330146349,S2-271985485,S2-710633441,S2-385153792,S3-440309470,S3-778190170
S1-693338958	S3-593574940,S2-886530684,S2-567577224,S3-552847213,S2-42101152,S2-322066657,S3-546469348,S2-878953155,S3-439521937,S3-654775389,S2-134207446,S3-439406088
S1-280221824	S3-73211524,S3-689139073,S2-367461729,S2-92603167,S3-646057080,S3-693940798,S3-402204138,S2-900216621,S2-833754936,S3-891160035,S2-307391022,S3-692649931
S1-501069829	S3-492557790,S2-951116556,S3-203370717,S3-8545022,S3-299607479,S2-500892503,S2-490400417,S3-618558744,S3-936362753,S2-602687763,S3-401223623,S2-325223602
S1-616804830	S2-3974875,S2-832419597,S2-295573159,S2-155715814,S3-563372959,S2-677454917,S3-627355616,S2-27232436,S3-793288863,S2-789795959,S3-536946805,S2-866254989
S1-328439916	S2-438465378,S3-170895435,S3-213851427,S2-513822851,S2-194126095,S3-503877559,S3-253102572,S2-523728875,S2-313640377,S2-524253919,S3-870720,S3-198583748
S1-484839101	S2-67419760,S3-132775408,S3-408317250,S3-298269822,S2-612362220,S2-216815932,S2-159385508,S2-422890732,S2-519686859,S3-1519064,S2-599994339,S3-74655872
S1-289727909	S2-307386401,S2-163790582,S3-768670165,S3-385679296,S2-251039296,S3-800155401,S3-540028756,S3-112863790,S2-896027945,S2-740483214,S2-83541299,S3-435971492
S1-782443901	S3-577167418,S3-749763342,S3-939667439,S3-401501531,S3-638551138,S3-556062062,S2-674713777,S2-677407613,S3-667711769,S3-298975852,S2-419973055,S2-475821355
S1-831033588	S3-993901801,S3-917260263,S2-470490076,S2-217589494,S2-657343046,S3-547256966,S3-90243172,S3-393253549,S3-216140904,S2-114296405,S3-125743662,S2-816084472
S1-983538228	S3-849513840,S3-372354861,S2-858795495,S3-601213985,S3-990582408,S2-706554394,S3-23947480,S3-224477993,S3-458810908,S2-838540451,S2-875289132,S3-327632396
S1-584166223	S2-29987129,S3-58868008,S3-973088310,S3-583371145,S3-700512550,S2-521664151,S3-757281473,S3-969332427,S3-804673655,S2-874555660,S2-232328864,S3-844813736
S1-961118651	S3-816191097,S2-94311195,S3-897439552,S2-226327921,S2-304668774,S3-527715560,S3-255143541,S3-478741015,S3-708586374,S2-732919392,S2-565024405,S2-882508867
S1-530639532	S3-245736798,S3-113380576,S3-358792918,S3-843067623,S2-525762236,S2-41560685,S2-285520881,S2-52268119,S2-527182864,S2-193704720,S3-895796310,S3-527310347
S1-202770528	S3-767020075,S2-776622221,S3-25819093,S3-644662834,S2-652357990,S3-682675114,S2-135227838,S3-630461619,S3-184841081,S2-637653970,S2-208854461,S2-326620384
S1-834988606	S2-294541580,S3-359735826,S2-328498095,S2-836940916,S2-720234224,S2-649415829,S3-437764152,S3-189617625,S2-94597501,S3-248649811,S2-744827009,S3-794683550
S1-733858657	S2-970498951,S3-500607790,S3-856692601,S3-317472734,S2-868673995,S2-129721585,S2-219433942,S2-820165133,S3-978854060,S2-402548329,S2-900931332,S3-103927599
S1-201184721	S2-324405830,S2-689424623,S2-692007465,S2-404884830,S3-370999583,S2-807765007,S3-810713895,S3-563099763,S3-510125723,S2-211540048,S2-197470004,S3-912631044
S1-592640067	S2-581401751,S2-600725373,S3-835286874,S3-715175969,S2-204774508,S3-667006708,S3-91161045,S3-677944187,S2-11040732,S3-553634379,S2-743160477,S3-617879877
S1-393085584	S3-764137402,S3-923955109,S3-377326738,S3-310309028,S2-268317868,S2-600199791,S2-200878923,S2-113698648,S2-903117136,S2-426686103,S2-925977527,S3-52495860
S1-296824481	S3-178058742,S3-529356069,S2-278965730,S3-679490696,S3-765235882,S2-526101133,S2-125474191,S3-863062751,S2-73565282,S2-627112930,S3-199539660,S2-581478916
S1-491910806	S3-849448850,S2-811132530,S3-402563772,S3-557396380,S2-340148702,S2-658082394,S3-746163471,S2-80849653,S2-209067595,S2-361733506,S3-324906549,S3-228322205
S1-668685816	S3-941588748,S2-578441924,S3-690754223,S2-951002332,S3-769877511,S2-635949330,S2-209715854,S2-953852109,S3-722424569,S2-38685223,S3-424307979,S2-518894984
S1-912069561	S2-816295709,S3-817541701,S2-158670213,S2-9693226,S2-550954812,S3-40144369,S3-920771905,S2-786409845,S2-528645290,S2-202627572,S3-459643975,S3-250386112
S1-883614427	S3-329906900,S3-389302689,S2-552856767,S2-13523304,S2-141732026,S3-278668455,S2-624549358,S2-878264773,S3-643691592,S2-546761744,S2-700314643,S2-69658389
S1-778494324	S3-432204648,S3-380712648,S2-409622287,S3-607612924,S3-380630520,S2-941305985,S2-622924554,S2-591865716,S2-954989037,S2-372402342,S3-949697286,S3-560728577
S1-849792063	S3-741394274,S3-514256806,S2-399614152,S3-385912126,S3-557285058,S2-324890642,S2-999665859,S2-815356830,S2-234836297,S3-733255917,S2-295479525,S2-358207656
S1-83891527	S3-445306410,S3-88155467,S3-199218964,S2-935799882,S2-184375032,S3-807012185,S3-813846744,S3-956579331,S3-478313818,S3-408671606,S2-349964953,S3-310503652
S1-406929883	S3-520905723,S3-429887451,S2-122452393,S2-663237365,S2-363526913,S3-5899913,S2-528065452,S3-352384471,S2-458882854,S3-616229790,S3-312091673,S2-429430327
S1-343083433	S3-628563410,S2-312279921,S2-34140660,S2-648092226,S3-95840057,S2-454625864,S3-805807945,S2-384476066,S2-985783737,S2-337251384,S2-296723753,S2-265990731
S1-306462740	S2-235045273,S2-365722438,S3-306766120,S3-541690233,S2-916201749,S2-694919290,S2-614742331,S2-16841770,S3-528120983,S2-869840499,S2-858320002,S3-679081090
S1-904435323	S2-947433761,S3-905564165,S3-152258392,S3-841355968,S3-333269178,S3-42271196,S2-507715906,S3-653862416,S3-630609730,S2-695143167,S2-277929654,S3-336755060
S1-721892988	S3-78015476,S2-954656317,S2-395359207,S3-311494693,S3-276598933,S3-977810285,S3-702842868,S2-355737012,S3-182682687,S3-530710136,S2-752817133,S2-193196479
S1-924651769	S2-175286937,S3-459356675,S3-319581950,S3-577401868,S3-944010209,S3-365583731,S3-708640868,S3-692017880,S2-547321643,S2-920837654,S2-244576756,S3-945032585
S1-709333767	S2-534361589,S2-273265532,S2-102784824,S2-535533490,S2-690468124,S2-672921493,S2-34614821,S2-450161910,S3-853632349,S3-334010698,S3-719741032,S3-71513606
S1-17231433	S2-287805504,S3-914458447,S3-770996702,S3-379947092,S3-11979063,S2-101163537,S2-769493429,S3-161563072,S2-599527880,S3-793069155,S3-980786132,S3-389845165
S1-861696214	S3-358432988,S2-202482263,S3-500776800,S2-911189029,S3-291843890,S3-423364898,S2-98576380,S2-919518561,S3-143071403,S3-598830515,S2-593307124,S2-275407395
S1-7248920	S2-921161245,S3-230408502,S2-869526603,S2-182181765,S2-869840499,S3-488854963,S3-299394374,S3-682060727,S2-576630489,S3-429513000,S3-689878165,S2-577691743
S1-687504986	S3-256893789,S2-823803733,S2-950722715,S3-320629941,S3-464541003,S2-279589580,S2-307285713,S2-844482555,S2-588737421,S2-186951276,S2-261324613,S3-821347745
S1-847836752	S3-504439310,S3-139779387,S3-275385626,S3-526592139,S3-854470907,S2-977025811,S3-134380265,S2-135871505,S2-280257411,S3-239826396,S3-496966737,S3-136865010
S1-246539981	S2-563045555,S3-260784525,S3-268124659,S2-360824928,S3-603625637,S3-441341675,S2-631814067,S3-148227550,S2-666055372,S3-293533305,S2-651304677,S2-607853594
S1-668684497	S2-367930954,S2-220880327,S2-448625278,S3-566886956,S3-215477293,S3-469953161,S3-438070213,S2-657039247,S3-294006606,S3-127043590,S3-767098261,S3-686976298
S1-450006633	S2-773463709,S3-44256549,S3-415884755,S2-528204412,S2-629079515,S2-61802144,S2-944133080,S3-912495395,S2-27548140,S3-889398912,S3-805667323,S2-961987009
S1-926125120	S2-497095536,S3-823311514,S3-595269630,S2-110319918,S3-473641902,S3-941940045,S3-97460530,S3-292451840,S3-477663377,S3-786812330,S3-555077565,S3-693400650
S1-532892995	S2-208487466,S2-219242034,S3-396999324,S3-153428663,S3-996348556,S2-121955889,S3-984753745,S2-228317923,S3-638148953,S2-958532745,S2-856190810,S2-111617030
S1-290591783	S2-749615306,S2-612697861,S2-346321311,S3-906343123,S3-936356920,S3-135360098,S2-272753622,S3-649852554,S3-701564583,S3-97460530,S3-301248853,S3-685120074
S1-743297585	S3-521193642,S3-181928445,S3-825438609,S3-914988305,S3-202509661,S3-957378625,S2-752553626,S2-842673491,S3-24685064,S3-850302184,S2-704567310,S2-410268070
S1-382088646	S3-698042477,S2-343123343,S2-569004237,S3-886878872,S2-266413551,S2-229719048,S2-267058382,S3-890051824,S2-294556676,S3-153402963,S3-204672385,S2-859549887
S1-209173794	S2-405371067,S2-338701955,S3-338444847,S2-904502412,S3-754440766,S3-542583325,S2-485097966,S3-525029113,S3-867106544,S3-604701550,S2-433308803,S3-933530694
S1-89040673	S2-12625046,S2-810161998,S2-463531187,S3-961276142,S3-369904200,S3-637993407,S3-24380740,S2-568699129,S3-857173943,S2-37007202,S2-405429683,S3-999623659
S1-753749331	S2-64075223,S2-589674174,S3-495436933,S3-399979918,S3-792359810,S2-149303436,S2-764364262,S2-134876697,S2-831938698,S3-902005801,S2-477707456,S2-241172145
S1-388263611	S3-184443174,S3-759449794,S2-596280942,S2-885192112,S3-281570081,S2-878799917,S2-290129378,S2-116040275,S2-504167588,S2-848876453,S3-486813501,S3-487770973
S1-964776469	S2-243940500,S2-685626884,S2-46577609,S3-291253920,S3-260182172,S3-756224161,S3-846996023,S2-32427,S2-680050045,S3-473371089,S2-219978024,S3-179572857
S1-693433767	S2-388142896,S3-643007401,S3-564851353,S3-144269991,S3-464442248,S3-447387293,S3-802408906,S3-716667084,S3-200460942,S3-17647157,S3-132178658,S3-409405890
S1-130293032	S3-119572018,S3-875652527,S2-968023418,S3-459088225,S2-443942733,S2-572686149,S2-707068361,S2-488784610,S3-967590735,S3-128781158,S3-767458200,S3-402431119
S1-681527269	S2-432581144,S3-378968609,S2-41971787,S2-680834030,S3-190422956,S2-548564616,S2-106900759,S3-775711783,S3-229361729,S3-403510259,S3-224991777,S3-575668408
S1-299895732	S3-22606407,S2-688901182,S3-726984850,S2-22962309,S2-671811309,S3-890284714,S2-206903836,S2-274678121,S2-90919443,S2-330429891,S2-109260698,S3-301551015
S1-571680089	S3-384730862,S3-552177802,S2-924344906,S3-427833592,S3-734128847,S3-638935327,S2-119977106,S3-604835379,S2-767665523,S2-147228617,S2-219036153,S2-976076718
S1-291703896	S2-343811909,S2-162328444,S2-843694923,S3-471454735,S3-85638582,S2-279019397,S3-153633987,S3-562899625,S3-934309781,S3-708191240,S3-174534518,S3-707192095
S1-798923856	S3-684072255,S3-351184000,S2-422246194,S2-324496614,S2-245112001,S3-651528072,S3-548704327,S2-263322395,S3-297295982,S3-977655252,S3-573545974,S2-613141634
S1-830745390	S3-608401859,S2-386863901,S2-870010720,S3-620591203,S2-265172641,S3-467507999,S2-733023996,S2-411053212,S3-808621810,S3-30072551,S2-637403228,S3-204021511
S1-326815464	S2-270695986,S2-67561864,S2-776688107,S2-672326661,S3-466808330,S3-389665849,S3-156012690,S2-331111198,S2-728927809,S2-456880566,S3-265703433,S2-64306232
S1-975247407	S2-558094921,S2-400235859,S2-323077587,S3-240804942,S3-455706698,S2-340587347,S3-128638306,S3-370667513,S3-88655472,S3-392165607,S3-315773131,S3-306139886
S1-469596592	S2-394919409,S3-740502416,S3-975501794,S2-492927928,S2-414081566,S3-655916214,S2-82812256,S3-57872683,S2-799988658,S3-545660153,S2-564610827,S3-129724394
S1-787974850	S3-89902411,S3-317407462,S3-69056300,S3-455040062,S2-526941539,S2-214819980,S2-735982874,S2-859998290,S2-64835123,S3-980152718,S3-722010023,S3-502810578
S1-103653334	S3-976420653,S3-968668180,S2-547107114,S2-922989309,S2-957969790,S2-228716155,S3-529246725,S2-648047175,S2-910114625,S3-677279367,S3-51390930,S2-640593322
S1-511180886	S3-266437223,S3-629320479,S2-430852332,S2-771469175,S2-886953403,S2-295737955,S3-675925515,S3-611763448,S3-594308006,S3-106056716,S3-590676439,S3-536517180
S1-763368563	S3-46157688,S2-61093953,S3-798420130,S3-461461538,S3-340679576,S3-783982954,S3-426350860,S3-207996451,S3-543891388,S3-954346052,S2-346407462,S2-547625185
S1-875598039	S3-901837769,S3-843294532,S2-290942059,S2-459941934,S3-713268301,S3-899876197,S3-308935235,S3-380510334,S3-850967674,S2-188340337,S2-422906748,S3-893369716
S1-383231077	S3-513250769,S3-447454355,S2-316862200,S2-537159472,S3-753822625,S2-76309206,S2-258998713,S2-751148381,S2-313107531,S3-171056849,S2-439676074,S3-1212158
S1-945378175	S3-262844202,S3-566177489,S2-731563580,S3-515459636,S2-841278761,S2-266482426,S3-356760290,S3-555182534,S3-773458525,S3-770078556,S2-172998387,S3-116162650
S1-131206074	S2-414502007,S3-417126233,S2-779242314,S3-444160419,S3-237291570,S2-14677876,S3-454823500,S3-388738269,S2-44882290,S3-853369421,S3-542759343,S2-16032916
S1-578047657	S2-157952743,S2-737432550,S2-906464722,S3-397538851,S3-531321789,S3-41098749,S3-374484023,S3-450675304,S2-578715766,S2-901067676,S2-693075942,S2-691902455
S1-421301218	S3-872087019,S2-596543091,S3-110328145,S2-437362459,S3-93635504,S2-263060524,S3-119578373,S3-400230180,S3-398460935,S2-163211774,S2-252095962,S2-467541189
S1-105519429	S2-367162743,S3-828224839,S3-444582384,S3-620591203,S2-476116295,S3-877480631,S2-275916855,S2-671039548,S2-185890414,S2-660198121,S3-568962881,S2-29487048
S1-102596703	S3-328914654,S3-692860738,S2-475295200,S2-746146783,S2-431091890,S2-786097239,S2-885603876,S3-278376807,S2-275178539,S3-289140138,S3-250470025,S2-459648575
S1-646446556	S3-652506076,S2-198745551,S2-89364851,S2-772301949,S3-877247297,S3-671091455,S2-942733600,S2-501706896,S3-599672942,S3-896794614,S2-221475479,S3-206199002
S1-608555057	S3-82483174,S2-187963399,S3-659393624,S3-770787159,S3-515618390,S3-180243232,S3-776260681,S2-647852638,S2-65225867,S2-633515545,S3-236482113,S3-61846518
S1-454591457	S2-93792392,S3-134802159,S3-892989738,S3-189560239,S3-349716522,S2-36496516,S2-209900158,S3-858436877,S3-402646910,S2-847656991,S2-523887461,S2-631320433
S1-750404685	S3-449937263,S2-218193826,S3-716050504,S3-955521983,S3-720331416,S3-109624387,S3-262401558,S3-724185590,S3-143138828,S3-96763446,S2-484577865,S3-745301891
S1-262919080	S2-449482039,S2-70759635,S3-166914549,S2-389831383,S2-897187288,S2-676626253,S2-454485903,S3-991626664,S3-377391116,S3-739161323,S3-973594473,S3-793141442
S1-173388033	S3-388067262,S2-519646371,S2-426849329,S3-797197859,S3-391723687,S3-367858075,S3-94524733,S2-172904386,S2-914961781,S2-300705881,S3-231191407,S3-855481721
S1-850451355	S2-949731232,S3-629198695,S3-402502323,S3-41944597,S2-290193276,S2-784117566,S2-511260113,S3-123889475,S3-87747547,S3-518230956,S3-802569048,S3-435334194
S1-564736111	S3-464868582,S3-482125396,S2-829232618,S2-934217876,S2-185138054,S3-638899221,S2-96391536,S3-620258175,S3-13367725,S2-824954435,S3-808031276,S2-429648236
S1-231402625	S3-517551045,S2-382178632,S2-254255312,S2-296928159,S3-780911169,S3-972962371,S2-682452033,S3-151622068,S2-118351342,S2-836109640,S3-684892937,S3-804566293
S1-283428786	S3-99290287,S2-267291295,S3-636214770,S3-437929832,S2-638215237,S2-276246050,S2-890090368,S3-438494378,S2-645265390,S3-805308219,S2-536272934,S2-527051413
S1-104523664	S3-303168628,S2-865398055,S3-476131541,S2-115766084,S3-563524023,S3-88733358,S2-660445141,S3-324563833,S2-515605473,S2-722263501,S3-960949893,S3-823924469
S1-672028560	S2-938876702,S2-764043438,S2-839009561,S2-686139350,S2-591425185,S3-659304782,S3-15287102,S2-997534956,S2-729948715,S3-33862327,S2-575258501,S3-77736250
S1-501337130	S3-18325448,S2-46532282,S3-231762998,S3-459088225,S2-176360814,S3-767458200,S2-826649577,S3-967590735,S3-128781158,S2-37128749,S2-399883795,S3-595979315
S1-174895721	S2-206856454,S3-343327598,S3-372017223,S2-526142831,S2-119641611,S2-774816441,S2-358629180,S2-214909899,S2-324286012,S3-417522862,S3-561349389,S2-840106095
S1-988410443	S3-696698067,S2-18279409,S3-835016029,S3-108850788,S3-370711889,S3-370582250,S2-334443396,S2-988644370,S3-573480488,S2-407616793,S2-752405781,S3-325185457
S1-312885973	S2-47394923,S3-696936298,S2-78558827,S2-136409606,S2-375515807,S3-541873563,S3-724311262,S3-233339086,S2-622260606,S3-899711473,S2-715367400,S3-974469484
S1-469090157	S3-473739037,S3-648033033,S3-991624006,S3-3947901,S2-143321437,S3-253693045,S3-222668114,S3-129395542,S2-473539607,S2-228086493,S2-563600173,S2-332873461
S1-862279857	S3-780202131,S2-321803227,S2-75318038,S3-913571731,S3-542429819,S2-49610855,S3-749877595,S2-433920788,S2-809521683,S3-337869833,S2-426088867,S3-44732931
S1-366715533	S3-153916075,S3-576015890,S2-235990786,S2-792917137,S2-217262129,S3-460494277,S2-34150113,S3-854474626,S3-931370018,S3-498334565,S3-525360788,S3-288207661
S1-241761487	S3-779288104,S3-465881321,S2-846532973,S2-330785000,S2-325283454,S2-773155571,S3-500902579,S3-450488777,S2-792098325,S2-802048709,S3-715313048,S3-36059094
S1-669955189	S2-200902177,S3-441048215,S2-749157443,S3-968830921,S2-522844860,S3-248144928,S3-401244400,S2-313006292,S2-921786943,S2-466952573,S2-838981437,S2-704111924
S1-365414224	S2-915403094,S3-675387384,S3-210788880,S3-684674112,S3-706399945,S3-497902468,S3-183316918,S3-595941091,S3-289188212,S3-366861346,S3-284749891,S3-418313934
S1-744613680	S2-134496325,S3-274131549,S3-652999913,S3-785141404,S3-661551778,S3-552409559,S3-524668041,S3-372176854,S2-792202994,S3-889465114,S2-91508899,S3-564849172
S1-724419414	S3-382999549,S2-193108960,S2-806259595,S3-120740151,S3-381027414,S2-247691592,S3-117888423,S3-513618071,S2-880176924,S3-223102806,S2-651581042,S3-966943474
S1-928201871	S2-803992706,S2-71712422,S2-740982648,S2-213116465,S3-727553752,S3-414627793,S3-345783097,S3-918462151,S2-103906047,S2-140367283,S2-400937099,S2-924375304
S1-496634445	S2-882723734,S3-773610142,S3-716029940,S3-113800228,S2-540970067,S3-422428537,S3-311194435,S3-868367720,S2-620910607,S2-542312486,S2-119232232,S2-361557524
S1-846979520	S3-209882112,S3-886027480,S2-153559824,S3-808955392,S2-483861511,S3-902430138,S2-781112256,S3-221466138,S3-999807159,S3-492682099,S3-824142092,S2-194649066
S1-655866819	S3-695176600,S2-676637469,S3-411598752,S3-334465182,S3-726071253,S3-969448588,S2-860398333,S2-835523948,S2-575410635,S2-540099129,S3-976376210,S3-768714977
S1-597621252	S3-545466184,S3-954346052,S3-79784973,S3-814679717,S3-735648199,S3-380297923,S3-479866075,S3-705686732,S3-536008116,S3-345590233,S3-563301420,S2-916282610
S1-59751397	S2-688234573,S2-133288140,S2-942840101,S3-468367712,S3-507755354,S2-742588721,S3-8200545,S3-121521840,S3-415547649,S2-296050713,S3-169653101,S2-757578829
S1-620175742	S3-465510312,S2-481414453,S2-660132946,S2-338951669,S2-247875976,S3-610697773,S3-758959421,S2-233715470,S3-563939917,S3-124303973,S3-969464322,S3-190281582
S1-577216195	S2-205414866,S2-943334397,S2-242012032,S3-874450756,S2-722142245,S2-617090411,S2-361481297,S3-90281693,S3-243502047,S3-924420263,S2-72148900,S3-528941727
S1-973350072	S3-636604515,S3-579504440,S3-991487525,S2-58563508,S3-981590082,S3-804332782,S2-807375586,S3-496664452,S2-652509534,S2-463961079,S3-18784655,S3-728645414
S1-192559269	S3-33435982,S3-635286406,S2-525723768,S3-75719971,S2-828017563,S3-6864934,S3-186575749,S3-801292007,S3-380693809,S3-916823375,S3-684168138,S3-369021202
S1-884554599	S2-668715651,S2-459071177,S3-402332319,S2-620746453,S2-157981216,S2-626744011,S2-308194527,S2-557604223,S3-934840447,S3-578388591,S2-774514588,S2-219579840
S1-338992404	S2-615510022,S2-845072339,S2-366625170,S2-142174083,S3-641073759,S2-658870357,S2-799965167,S2-336721193,S2-250382253,S2-753927746,S3-399613342,S3-536872293
S1-153201293	S2-279729350,S3-18846108,S2-480565773,S2-805558261,S3-668103318,S2-643647685,S2-969524837,S3-189085963,S2-958382188,S3-49533889,S3-820851460,S3-317066754
S1-165381421	S2-183913905,S2-659938083,S3-656802191,S3-966147882,S3-32129811,S3-261988755,S2-252374805,S3-406671880,S3-636849613,S2-162511637,S2-731820042,S3-825781053
S1-945521489	S2-14600713,S3-322904376,S3-450087134,S2-697789379,S3-644798883,S3-28920388,S2-929457608,S3-388302074,S2-583841829,S3-886940576,S3-428915835,S3-29927177
S1-874478882	S3-140219724,S2-741201405,S3-477861038,S2-139037634,S3-574011566,S2-238943981,S3-760708982,S3-962165185,S2-720003293,S2-327826713,S3-722811929,S2-764006734
S1-196686132	S2-521525847,S3-48931534,S3-817065190,S3-791845920,S2-99529266,S3-806891588,S3-35152809,S3-289719054,S2-779369476,S3-903014820,S3-605737256,S2-107433202
S1-394053334	S3-117914983,S3-504886019,S3-562277323,S2-556665600,S3-646246614,S2-453830331,S2-194044013,S3-697380400,S3-373033453,S2-287886867,S3-725301920,S3-388660830
S1-839882429	S3-460238249,S2-625935534,S2-968142483,S3-641121415,S2-281363665,S2-739341588,S2-140679478,S3-744838038,S3-784492740,S3-24745706,S2-377671918,S3-326959246
S1-468334937	S2-561402041,S2-564817885,S3-916864252,S3-812253033,S3-114645723,S3-319242301,S2-483712811,S3-806378436,S3-375892559,S2-429700726,S2-401197472,S2-523056978
S1-856238130	S2-368844924,S2-407815760,S2-968277457,S2-150829390,S2-350913931,S2-934424431,S3-394847690,S3-716662126,S3-2730369,S3-796653511,S3-568405125,S3-317045121
S1-669381927	S3-707889803,S2-293159620,S2-926361368,S2-13774376,S2-837995072,S2-940022625,S3-637043817,S2-821224257,S3-728571210,S3-389338422,S2-510447152,S3-211599161
S1-382320298	S2-984724784,S2-262905477,S3-104960010,S3-310867590,S3-709938805,S2-146263737,S2-356868941,S3-579467637,S2-57417348,S2-957053381,S3-695043110,S2-217855148
S1-290934474	S2-504242438,S3-557086936,S2-425203951,S3-14372602,S3-913808136,S3-220122623,S2-271815135,S2-619692382,S2-280135728,S2-928198436,S3-751078554,S2-427339161
S1-36913432	S3-860140920,S3-78551238,S3-869705242,S3-747476092,S3-456120253,S3-13401503,S2-247039652,S3-622195119,S3-499610883,S3-681047680,S2-48947987,S2-911709988
S1-471583686	S3-402441021,S3-749369099,S2-853362588,S3-392567142,S3-575515189,S3-365352917,S3-664725694,S2-36231502,S2-304256298,S2-550196433,S3-412592755,S2-771826718
S1-342084689	S3-782654783,S3-182456325,S3-344293127,S3-85657837,S3-737955781,S2-17324017,S3-672963165,S2-410948786,S2-249781933,S3-604282241,S3-385310799,S3-61339072
S1-587309904	S2-165901199,S3-366364021,S3-687908631,S2-14677876,S3-454823500,S3-303272607,S3-380853198,S2-621362104,S3-542759343,S3-969598728,S2-16032916,S2-137525431
S1-234587563	S3-54193362,S2-740024123,S3-533331089,S3-82459594,S3-531749122,S3-766797944,S3-356256015,S3-890719418,S3-770313072,S3-529643885,S3-146232974,S3-874546671
S1-861984360	S2-41954381,S3-904448222,S2-96954290,S2-447156,S2-910050662,S3-695826391,S2-107311105,S3-357158798,S2-641297598,S2-982642298,S3-980406257,S2-204857141
S1-928199628	S3-271565471,S3-841348561,S3-565115181,S3-941458385,S2-597461581,S2-435410049,S2-166713206,S3-272331377,S3-484360010,S3-824759264,S3-630089627,S2-963515899
S1-56576966	S2-304024659,S3-868477429,S2-146360945,S3-782376757,S3-618718947,S3-385894778,S2-19831755,S2-675470804,S2-568212104,S2-860470623,S3-907922737,S2-386560484
S1-179036881	S2-973299256,S2-611373994,S2-985661280,S3-861008896,S2-857811302,S3-835691627,S2-375000492,S3-911272082,S2-206691907,S3-270619418,S2-607153638,S2-718351029
S1-362663629	S3-733195460,S2-134568129,S3-556146425,S3-43107460,S2-101722477,S3-459760778,S2-313865032,S2-192792050,S3-841334743,S3-250237566,S3-751425218,S3-168547199
S1-854329895	S3-700368120,S2-700493891,S3-716088599,S3-49351013,S2-677558863,S3-30057357,S3-399193775,S3-864393189,S2-869840499,S3-541690233,S3-631619846,S3-444575153
S1-325792164	S2-945492528,S2-84510337,S3-143752544,S2-508262928,S2-511387704,S2-149338373,S2-543653677,S2-66674637,S3-611079457,S3-457531906,S3-403591057,S2-198083933
S1-723540981	S3-733043491,S2-466721982,S2-541834070,S2-990579835,S3-94243314,S3-20878233,S3-789264820,S3-122473954,S3-56065297,S2-219550355,S2-54540617,S3-804052738
S1-209195841	S2-544503005,S2-816013023,S2-427660446,S3-234968267,S3-831440415,S3-468000961,S3-727885611,S3-758477276,S3-745201363,S2-152571297,S2-784145758,S2-964216801
S1-571474944	S3-677525083,S3-111598724,S2-334246550,S3-788619934,S2-734854521,S3-549343379,S2-454643213,S2-257283442,S2-688136947,S2-901224372,S2-650845921,S3-886380862
S1-909424351	S2-262104338,S3-581792115,S3-256761809,S2-972133185,S2-660121951,S3-692608364,S2-607489197,S2-50082310,S2-371496392,S2-657037934,S2-420753149,S2-41508951
S1-393507437	S2-255201456,S3-613196104,S3-295372994,S2-659485321,S2-808521,S2-888977628,S3-480592610,S3-60224668,S3-268479160,S2-364773391,S2-565418324,S3-879341339
S1-521404857	S2-109957531,S3-478276109,S2-982713232,S3-270995585,S2-621985946,S2-50175567,S3-668953990,S3-760818043,S3-651852891,S3-100759793,S3-262917789,S2-827788809
S1-474679520	S3-429109406,S3-761800988,S2-777371718,S3-638049043,S2-891414629,S2-658269986,S3-826557612,S3-123456148,S2-443931009,S2-421095557,S3-945561432,S3-220445450
S1-914825254	S2-612373877,S2-814685780,S2-789353520,S2-764899745,S2-309480163,S3-262893953,S2-421095557,S3-190175664,S3-989823602,S2-151709563,S3-447137640,S2-701959186
S1-149532900	S2-744489695,S2-999973144,S3-956493811,S3-181005427,S3-241749914,S2-41662659,S2-784336457,S3-285590194,S3-176233415,S3-379328845,S2-69658389,S3-323052477
S1-665076724	S3-275530276,S3-525275109,S3-895759710,S2-903654247,S2-715577019,S3-628779869,S3-479437198,S3-153279502,S2-718522863,S3-772753441,S3-55826332,S3-907773658
S1-117428991	S3-320523298,S3-227498995,S3-963121056,S2-870297300,S3-894604745,S2-76648041,S3-981735008,S2-625677235,S3-786233837,S2-38626924,S3-595014454,S3-400109099
S1-66808345	S3-159648772,S3-954117976,S2-95236321,S2-308984959,S3-746526028,S2-290864410,S3-711015080,S3-696556754,S2-773466379,S2-547584989,S3-357435952,S2-984697040
S1-742282509	S3-337910322,S3-154954064,S2-217228559,S2-794289755,S2-434639458,S3-236340865,S3-270188032,S3-401583719,S2-824655134,S2-516116872,S2-487170998,S2-441079927
S1-217764627	S2-80849653,S2-658082394,S3-746163471,S3-557396380,S2-340148702,S3-182110195,S3-324906549,S2-361733506,S2-932022887,S3-228322205,S3-659987365,S2-332839144
S1-453668277	S3-353391462,S3-247656158,S3-251551236,S2-270430413,S3-225034769,S2-446572929,S2-858196390,S3-40335764,S2-829535629,S3-759295397,S2-448755800,S2-969286892
S1-502815747	S2-275908442,S2-64181818,S3-716908183,S3-854171399,S2-600463811,S3-915060819,S3-560414696,S3-469081732,S2-733904611,S3-603615702,S3-998968605,S3-539368097
S1-360863271	S2-935826132,S3-274171347,S3-403156093,S2-53422762,S2-747584640,S2-579002367,S3-199580769,S3-252005791,S2-209037171,S2-439585299,S2-108955969,S3-756749673
S1-102703888	S3-708202705,S2-83712788,S2-876920369,S2-853283527,S2-421588009,S2-806646348,S2-645231070,S3-12390551,S2-957774297,S2-854962877,S2-798181574,S3-76725429
S1-399497327	S2-241935838,S2-745999621,S3-851079947,S3-972014879,S2-130731149,S3-352188130,S3-55331807,S3-930848954,S2-509347653,S2-678922902,S2-692061680,S3-483487663
S1-96291056	S2-396809822,S3-297653913,S3-431928688,S3-862379422,S3-368778324,S2-249236093,S3-421185559,S3-158888297,S3-395405879,S2-615704249,S3-119679588,S3-458975701
S1-608647330	S2-63808010,S3-114493502,S3-584825643,S2-534142102,S2-479178251,S3-234012595,S2-975236827,S3-467602533,S2-545090959,S2-35942627,S3-613225552,S3-388854236
S1-872920034	S2-441623270,S2-242749272,S3-271498462,S2-79091032,S3-330536440,S2-713691116,S3-905659705,S2-883248223,S2-73666459,S3-264448070,S3-756867462,S3-300956163
S1-844653424	S2-774422598,S3-710521382,S3-614855535,S3-388450050,S3-76829879,S3-436194216,S2-950110658,S2-241291683,S3-556047479,S3-751305321,S3-96008979,S3-287940082
S1-352070785	S3-734113745,S2-126059979,S3-191555076,S2-55420882,S2-596528495,S3-331153859,S2-199556092,S2-605207028,S3-432602053,S2-860505043,S3-43660897,S3-901643707
S1-872629787	S3-614413130,S2-693168921,S3-973266491,S2-766124912,S3-915804287,S2-140552398,S3-63750767,S3-671985588,S3-964612466,S3-871076577,S3-121560872,S3-813445593
S1-526368604	S3-239983899,S3-112743564,S3-733585957,S2-251989711,S3-963784688,S3-647792024,S3-728173605,S3-963553409,S3-842553868,S3-970532016,S3-253865524,S3-26803447
S1-91005634	S2-723354890,S3-647868968,S2-524304771,S2-994950740,S3-277192859,S2-659046709,S2-60514286,S2-816021837,S2-253310884,S2-649975210,S2-601602172,S2-312381179
S1-338001800	S2-523400350,S3-250493769,S2-427237500,S3-730632929,S2-850900821,S3-403908939,S3-286965741,S3-85197969,S2-172681789,S2-308655222,S2-123022361,S2-406072538
S1-21204445	S3-391131405,S3-413156791,S3-891228511,S3-93132200,S3-25986120,S3-44495272,S2-549940511,S3-700934272,S2-766535544,S2-537957224,S3-599432721,S3-161150339
S1-402669118	S3-617463070,S2-292650132,S3-637399070,S2-381089977,S3-993074718,S2-858770352,S2-396027106,S2-116515051,S2-787687879,S3-689660161,S3-911581177,S3-621591184
S1-243130168	S3-938492189,S2-801268396,S2-242375794,S3-476572608,S2-934502171,S2-280867038,S2-902779072,S2-970185184,S3-35668596,S3-673862542,S3-791381012,S3-642505240
S1-681391967	S3-749726561,S2-175145037,S2-702547160,S2-989989052,S2-368162277,S3-374968450,S2-311269366,S2-949386162,S3-549480308,S3-219717581,S3-936969167,S3-275616484
S1-527407179	S2-312332712,S2-501027790,S2-118979581,S2-92696809,S3-555072465,S3-950250286,S2-98212920,S2-96649980,S2-363527959,S3-302587503,S3-509491510,S3-777635098
S1-904424215	S3-719225292,S3-652145529,S3-393887628,S2-190716648,S3-780028938,S3-638710467,S3-334902062,S3-166545016,S2-171766308,S2-999965103,S3-562708010,S3-65549088
S1-422682612	S3-550931391,S2-796775700,S3-138561144,S2-162392240,S2-47757367,S2-298711128,S2-35075235,S3-644113725,S3-126772091,S3-382460708,S2-218420572,S3-119285616
S1-835919573	S2-17675042,S3-555305138,S3-138655790,S3-835196251,S3-339502435,S3-790339521,S3-369323341,S3-667802571,S3-561570457,S3-3046195,S3-61395310,S3-446853082
S1-261166236	S3-833449060,S3-171696091,S3-708268125,S3-675063370,S3-70217882,S3-565340481,S2-890202084,S3-101793489,S3-954944243,S3-703841183,S3-93329448,S3-186713850
S1-878495114	S3-154678012,S3-418805399,S3-967027776,S2-827102895,S2-114754525,S3-783870484,S2-874082798,S3-771923606,S2-50191965,S2-854106525,S2-988691305,S3-667381088
S1-729012346	S3-53431313,S2-990417769,S2-128719745,S2-83370202,S3-189132221,S2-919990452,S3-466995779,S2-703702291,S3-828037515,S3-309814346,S2-311949812,S3-103261274
S1-651533710	S2-91454295,S2-59219608,S3-781202604,S3-612338281,S2-146166554,S2-687363504,S3-542459929,S2-155579488,S3-503580303,S2-576206749,S3-113474738,S3-538805130
S1-904108130	S3-857982762,S3-808107637,S2-482611327,S3-541811693,S2-922295722,S2-178648756,S3-755274865,S2-49945354,S3-71436206,S3-16256108,S2-293183357,S3-898623615
S1-611681116	S2-277013739,S2-923657909,S3-985569251,S2-521924024,S3-917612559,S3-73489743,S2-381401586,S2-923986110,S2-768489416,S3-801669189,S2-210992704,S3-628841889
S1-496558467	S2-334645819,S2-806886967,S2-600676176,S3-429033687,S3-318184159,S2-478761603,S3-364382177,S3-333542866,S2-561852487,S3-756336233,S2-876606253,S3-580656402
S1-127929191	S3-713136074,S3-161716027,S3-377624139,S3-936571810,S2-608781453,S2-661042646,S2-200915566,S2-572446374,S2-105909339,S2-144370294,S3-406838074,S2-635436980
S1-457768958	S3-544628877,S3-80520439,S3-290100615,S2-339320734,S3-41354018,S2-300632376,S3-327029896,S2-552167741,S2-743813838,S3-811026711,S2-509528134,S3-789705481
S1-542723758	S2-50716469,S3-65441105,S3-295631688,S2-381860839,S2-986233832,S3-757297578,S3-24645767,S2-810335434,S2-223536961,S2-94563609,S3-807748352,S3-372715957
S1-378066347	S2-264905502,S2-355908658,S3-216949764,S3-516257159,S3-310187753,S3-550334006,S3-172885252,S3-490638915,S3-574025356,S2-721541098,S3-692241427,S3-685448560
S1-707004451	S3-241547239,S2-248853291,S3-693935896,S3-780014327,S2-933829920,S2-106198088,S3-262333243,S3-868386129,S3-614405445,S3-178883121,S3-12839927,S3-109823123
S1-470460932	S3-777389700,S3-118850801,S2-728349465,S3-477340844,S2-258710709,S2-915742339,S3-111718613,S3-548949768,S3-514886194,S3-535396339,S3-970227591,S3-122687722
S1-317017595	S2-987077186,S2-764524334,S2-664463342,S3-542824123,S3-200370969,S3-16755061,S2-764365252,S2-477243319,S3-924913319,S3-444632553,S3-406879803,S3-339941641
S1-343376619	S3-925115338,S3-541511820,S2-953523477,S2-426119127,S2-764789336,S3-986787902,S2-328454786,S2-384541110,S2-246665588,S3-122742088,S3-742275383,S2-218586534
S1-528419124	S2-8930422,S3-93277760,S2-565796514,S3-297893585,S3-915687688,S3-114350122,S3-56762534,S3-488800702,S3-963776365,S2-373285653,S2-729696918,S3-303537039
S1-60348460	S2-718444513,S3-221372399,S2-869830040,S3-236424697,S2-748067820,S2-338377902,S3-877634527,S3-193427374,S2-354260913,S3-388544710,S2-77622359,S2-624163448
S1-578905317	S3-725016065,S2-651102207,S3-595985159,S3-541385953,S2-19203881,S2-279417602,S2-790871728,S3-609315536,S3-111889667,S3-390196972,S3-821226602,S2-787040562
S1-489379525	S2-339801691,S2-924164982,S3-525119522,S3-511943640,S3-91921550,S2-506797162,S2-186252435,S2-175008793,S2-387624580,S2-730281816,S3-663163213,S3-476147541
S1-566531436	S3-423265837,S2-366007899,S2-901398006,S2-660535480,S2-130196552,S2-256814557,S3-196816947,S3-991970095,S2-657314946,S2-632136073,S3-851765546,S3-629535457
S1-199530552	S2-556083451,S3-275700115,S2-133883829,S3-122660453,S3-724129870,S3-851194241,S3-458201722,S3-843960837,S2-942670325,S3-212723020,S2-375628946,S2-343085405
S1-194454233	S2-226236549,S3-708474459,S2-119926377,S2-679650024,S2-607190020,S3-651163989,S3-495486667,S3-290521862,S2-361156071,S3-669559403,S2-737755174,S3-443389204
S1-442696073	S3-793747327,S2-689162361,S3-36458303,S2-679056465,S3-167676409,S2-193704720,S3-285903563,S3-839440144,S3-133035621,S3-103502341,S3-410529738,S3-835773132
S1-622802112	S3-287601651,S2-493247810,S3-939380894,S3-88125433,S2-175517587,S2-11007064,S2-509022270,S3-497878552,S2-177043801,S2-24052938,S3-98503404,S2-358558379
S1-118918152	S2-762428500,S3-114174993,S2-647443980,S3-925603060,S3-905503229,S2-292560657,S2-310860998,S3-41539172,S3-998867924,S3-72007245,S3-685521119,S2-785217031
S1-600405104	S2-199507897,S2-579640993,S3-746110782,S2-292153449,S3-331701153,S3-407412039,S3-958206932,S3-419244118,S3-662383025,S3-386447726,S3-560453975,S3-124657530
S1-995497291	S3-594697485,S3-727514436,S2-254967020,S3-624001287,S3-368275816,S3-813812173,S2-331737162,S3-514105062,S3-615894554,S3-13337318,S2-256541433,S2-755488612
S1-731801966	S2-424970371,S2-987082344,S3-312264057,S2-599169266,S3-687214250,S3-778894256,S2-468714349,S2-947897650,S3-764467076,S3-617418992,S2-5139622,S2-323500127
S1-597275951	S3-98579218,S2-304226793,S2-871373726,S2-342208006,S3-875596801,S3-113739341,S2-820433300,S3-243508534,S3-140806850,S3-100577375,S2-60345360,S2-587044316
S1-686619135	S3-903596958,S2-245956394,S2-836533845,S3-214146685,S2-867999625,S3-962487129,S2-597880354,S3-21697764,S2-170918704,S2-603444895,S2-717143287,S3-812045654
S1-315856690	S2-785673870,S2-787953789,S3-940046659,S3-127771361,S2-627812802,S2-544655651,S2-936515260,S2-840054285,S3-293626538,S3-36581813,S2-777926854,S2-875159031
S1-324189573	S3-851892346,S2-430443785,S3-40849010,S3-629989255,S3-360535232,S3-549400472,S3-371925162,S3-442645594,S3-727885611,S3-775074440,S2-372977246,S2-772393373
S1-802047319	S2-311992451,S3-581138032,S3-317374591,S2-839556285,S2-49593576,S3-247847602,S3-660906826,S3-850231028,S2-798823740,S3-679007170,S2-931942029,S2-669295307
S1-878769071	S2-379777629,S3-848186871,S2-820922230,S2-442682728,S3-486536310,S3-167724345,S2-451095004,S3-630609730,S3-13985834,S3-674116637,S2-799525348,S3-143086096
S1-202995025	S2-591993088,S3-718151436,S3-531894044,S2-45573295,S3-989350733,S3-413577227,S2-26372837,S3-358945903,S3-134081365,S3-896652150,S3-422155472,S2-350740967
S1-859937420	S3-255504170,S3-985832571,S3-897885519,S2-936265279,S3-910847434,S3-564804972,S3-950181528,S2-564936772,S2-520659348,S2-187329091,S2-155034562,S3-429561694
S1-895348202	S3-345654415,S2-355112804,S3-863836422,S3-617822623,S3-28474314,S2-919393894,S3-69619851,S2-266032244,S2-170562783,S3-250405110,S2-542127577,S3-858690368
S1-676375233	S3-484142215,S2-325501472,S3-322631970,S2-883310021,S3-405417224,S2-357772374,S3-619094707,S2-257277783,S3-471017667,S2-304606296,S3-772743248,S2-75941996
S1-173035876	S2-286259129,S3-827296857,S2-223898325,S3-812887639,S3-858028065,S2-898993945,S3-246108050,S3-872177418,S3-629613198,S2-312492452,S2-246090296,S3-830224474
S1-389070022	S2-759598536,S3-406190362,S2-467588764,S3-120849570,S2-701079180,S3-896406712,S3-563416021,S2-821280497,S2-749741835,S3-917610721,S2-335189083,S3-251662363
S1-485481654	S3-375219319,S3-215639495,S2-557177747,S2-742464873,S2-65929570,S3-694777264,S2-768094108,S3-896255763,S3-370556088,S3-487022828,S3-182945715,S2-252553731
S1-80015174	S3-120171793,S3-318970412,S3-376747139,S3-31691596,S2-917367304,S3-898550372,S2-918039584,S3-367566360,S3-611682,S2-22628170,S2-427810376,S3-769375680
S1-469004380	S3-585028282,S3-925055610,S2-116975523,S2-63864319,S3-786378808,S3-742964751,S2-366100745,S2-564770659,S2-962741829,S2-812813394,S2-272934641,S3-232579238
S1-454526488	S3-934079781,S3-336170283,S2-703974907,S3-642114226,S2-981810128,S3-945136274,S2-918970423,S2-228130134,S3-756412698,S3-131095791,S2-754583522,S2-63674165
S1-969423127	S3-157380399,S3-667676598,S2-128634115,S2-219658648,S2-822641716,S2-266635117,S2-91570054,S2-867637156,S2-948234621,S3-909584940,S3-44684287,S3-528131309
S1-389409080	S2-349077300,S2-962158417,S3-298874496,S3-33307988,S3-25926435,S2-76702415,S2-927324648,S3-339729637,S2-970513542,S3-533446056,S2-861175402,S2-832030141
S1-456077639	S2-650703458,S3-172195316,S3-27173069,S3-543533465,S2-903494472,S3-461581814,S3-832116349,S3-701854985,S2-449090099,S3-238834418,S2-949871643,S3-97903027
S1-760321563	S2-732425709,S2-527679029,S3-990868765,S2-665946081,S2-14865877,S2-803136197,S2-719860113,S3-691196749,S3-96354571,S2-909257833,S3-556811234,S2-982792981
S1-281744168	S3-314916347,S2-143809520,S3-54171125,S3-331995819,S3-536377732,S2-621863194,S2-737215518,S3-589200397,S2-120438228,S3-17231037,S2-990126512,S3-605777629
S1-165741457	S2-543447930,S2-849160044,S3-968549709,S3-724933353,S2-776553687,S2-95293517,S3-140323530,S2-761950712,S2-790647359,S2-178182581,S2-674221255,S3-241694329
S1-250397973	S3-964005579,S3-286954733,S2-79254422,S2-330544951,S3-148496050,S2-314271704,S3-339756964,S2-691191263,S3-156852283,S3-849668843,S3-480590198,S3-226663020
S1-351999643	S2-847807265,S2-623315597,S2-447192396,S2-293979293,S2-519793475,S2-293731561,S3-926738353,S3-517476705,S2-498632982,S2-59121941,S3-953435361,S2-809925111
S1-955061661	S3-930775712,S3-153279502,S3-863967309,S3-776540742,S2-142769282,S2-708279626,S3-479437198,S3-772753441,S2-718522863,S3-818456633,S3-992911731,S2-131165647
S1-17665722	S3-960305205,S2-296334512,S2-411572994,S2-131276751,S3-62267802,S2-194425075,S2-860773257,S2-106765536,S3-78174692,S2-658776109,S3-743045437,S2-607667495
S1-31813130	S3-857783603,S3-441086189,S2-680407941,S2-779902769,S2-753961472,S3-814368796,S3-165895594,S2-279795127,S3-754605433,S2-141231320,S2-290079608,S2-156240591
S1-688345127	S2-74833696,S3-430287870,S2-902319604,S3-992482937,S3-954607909,S2-465912966,S2-724229118,S2-976749089,S3-703063676,S2-441554189,S2-706940760,S3-176027128
S1-868781172	S2-91861393,S2-221055404,S3-559884355,S3-47441436,S2-400110370,S2-249239978,S2-160827521,S2-338431253,S2-695535675,S3-859318078,S2-100810894,S3-427893332
S1-654824814	S3-160631541,S3-778368953,S3-920977838,S2-943403970,S3-450686624,S2-391735551,S2-505570078,S3-394022908,S2-630774893,S3-660324389,S3-661397294,S3-294455021
S1-168983732	S2-86667584,S2-77062142,S3-894292487,S3-508676155,S3-416820188,S3-646248402,S3-860028810,S3-23511238,S2-285165881,S3-141707250,S2-511625016,S3-330830981
S1-160381230	S2-364855717,S3-231481032,S3-587542081,S3-566948039,S2-840580932,S3-557394003,S2-267644200,S3-83742264,S3-854474626,S3-498334565,S3-525360788,S3-179696525
S1-187296152	S2-434030928,S2-262888758,S3-18992633,S3-343761893,S2-866282245,S3-791086692,S2-855532296,S3-453288278,S2-127711257,S2-140106733,S2-319098322,S3-103279998
S1-174035520	S2-135263922,S2-879825329,S2-213664029,S2-884634713,S2-278210697,S2-373964618,S2-854868250,S3-626255062,S3-958192640,S3-704487533,S2-194779005,S2-405408210
S1-763158703	S3-726750317,S2-220406148,S2-388773422,S3-655878310,S2-610433816,S2-231849906,S2-193899244,S3-183154284,S3-244451934,S3-556894218,S3-295321441,S3-253952234
S1-212046852	S3-604551977,S3-658880929,S3-130062687,S2-578278344,S3-269396150,S3-342104469,S2-129349300,S3-539836448,S2-193704720,S3-986395570,S3-903979454,S3-904063443
S1-923682916	S3-479754662,S2-542895268,S3-130580962,S3-576237986,S3-263637018,S2-709798884,S3-292745252,S3-124465317,S3-547566351,S3-701814511,S2-457638823,S2-322675526
S1-667620747	S3-845564615,S2-335731885,S3-417685835,S3-562221668,S2-22835332,S2-50268499,S2-467280366,S2-952239189,S2-170421273,S2-550160722,S2-916084531,S2-543240704
S1-908763203	S2-721996083,S3-777556630,S2-10999325,S3-104159165,S2-269174803,S3-344598349,S2-231284315,S2-831356697,S3-572568435,S2-121315714,S3-4670957,S3-789978099
S1-486753307	S2-402962555,S3-884606507,S3-518287361,S3-69122372,S2-466113840,S3-731864856,S3-666991808,S3-847639274,S2-68940039,S2-625433562,S2-220381061,S3-312433908
S1-252307047	S2-348161129,S2-613942962,S2-773084312,S3-961336997,S3-35952743,S2-237967429,S3-9937631,S3-749704923,S3-778571561,S2-768102233,S3-611244400,S3-508664246
S1-752368704	S3-502986908,S3-285322368,S2-470725943,S2-483376253,S3-993457368,S2-745801724,S3-203673302,S2-373216690,S3-660554740,S3-234111408,S2-265867257,S2-475495094
S1-256048997	S2-519896350,S2-470282529,S3-921722308,S3-903771957,S3-507123415,S2-559959556,S2-812689487,S2-746025035,S2-604605002,S2-834579038,S2-41520760,S3-21538318
S1-715895918	S3-968055742,S2-474937885,S2-849733365,S2-426468492,S3-695752861,S3-725646969,S2-394424553,S3-410662656,S3-533347194,S3-100289183,S2-107793109,S2-8478728
S1-124500624	S3-548780509,S2-255289521,S2-836220430,S3-746217537,S2-566342888,S3-348323282,S2-48222154,S3-697729335,S3-440285172,S3-975320869,S3-629199496,S2-227944185
S1-116828946	S3-20800875,S3-388869562,S3-798116676,S2-249030652,S3-975532563,S2-461996173,S3-505358807,S2-374564566,S2-118826672,S3-806937399,S3-594016549,S3-119236183
S1-24568859	S3-322980126,S3-694752921,S3-514188500,S2-721412761,S2-850453582,S3-944890321,S3-953973875,S3-786829330,S3-729825582,S3-514249640,S3-668208137,S3-318123719
S1-193225222	S3-645007447,S2-556331904,S3-912355769,S2-128914061,S2-523980974,S3-5192083,S2-633978794,S2-113513319,S2-153723729,S3-311000530,S3-411871915,S2-423151055
S1-406354867	S2-435374362,S2-414902896,S2-18080072,S3-915408814,S3-755892213,S2-460686246,S3-988329632,S2-441043640,S2-121919381,S2-504119928,S2-797672092,S2-514257281
S1-949709969	S2-863135207,S3-133258785,S2-103454176,S2-694928468,S2-918775672,S2-215633836,S3-662493663,S3-731187570,S3-868577259,S2-412946813,S3-448309131,S2-629651933
S1-970678057	S3-630634931,S3-151318499,S3-256481850,S3-128849318,S3-944075107,S3-646132060,S3-449354096,S2-373947318,S3-46863296,S3-163240473,S3-868657901,S3-656714841
S1-771986870	S3-17019554,S2-941870549,S3-463956617,S3-781633753,S2-978386495,S3-199286473,S3-257936743,S2-373279589,S2-695854049,S2-410050644,S3-852607509,S2-44689982
S1-590510744	S2-272573148,S3-149142546,S3-480863864,S2-869253066,S2-436399982,S3-316922573,S3-929379696,S3-969161527,S3-633440035,S3-24123956,S3-319992441,S2-970415144
S1-957358812	S2-909497419,S3-126191495,S2-430459172,S2-58559903,S3-734577495,S2-809549822,S3-787734840,S3-953040793,S3-971043371,S3-637463376,S2-226768385,S2-631220647
S1-743195836	S2-720843835,S3-865000935,S3-837405089,S2-765372757,S2-682925572,S2-130355955,S3-123941288,S2-50434175,S3-749154061,S3-226297102,S3-913011558,S2-589641496
S1-160591258	S3-333170961,S2-887994242,S2-15485542,S2-601267033,S2-921393435,S2-691482430,S3-740958215,S3-626449339,S2-421882315,S2-494637352,S2-937762231,S3-259713030
S1-900102939	S3-281309833,S3-979716715,S2-79385394,S2-254269955,S2-770616811,S3-284640361,S2-85387167,S3-629633378,S2-420579638,S3-559791172,S3-972367571,S2-674019090
S1-958110299	S3-406541639,S3-330096925,S2-191407281,S3-642931630,S3-37620360,S3-645936732,S2-911305890,S3-610394093,S2-947333323,S3-795393287,S3-904345466,S2-53842006
S1-743880544	S2-380154543,S2-153378394,S3-931895334,S3-151637044,S3-278299891,S2-457457253,S3-7866705,S2-88345122,S2-888820404,S3-626395677,S2-995387402,S3-554367591
S1-99002771	S3-220177441,S3-954872165,S3-955150087,S2-873863190,S3-510977991,S3-264221917,S2-723296239,S3-287846052,S2-972238716,S3-323320965,S3-942104751,S3-174003735
S1-969721829	S2-570902473,S3-568140218,S3-608467543,S3-501801,S3-129447920,S3-948113425,S2-339703926,S2-965998299,S2-46235258,S3-64389344,S3-680068677,S3-950315955
S1-384197831	S3-133734770,S2-752515159,S2-340989617,S2-182662962,S2-908624776,S3-819098520,S2-386653574,S2-100562451,S2-927551286,S3-220041078,S3-876988039,S3-192537634
S1-572001571	S3-734905158,S2-636700748,S3-325051989,S2-381491579,S3-615484868,S2-314124387,S3-792512649,S3-566420060,S2-592591410,S3-437346797,S2-150456475,S3-397693190
S1-323223112	S2-541937565,S3-723063774,S2-264367970,S3-111325452,S3-785798793,S3-904397534,S3-861905131,S2-741637456,S2-925415935,S3-880709206,S3-24082116,S3-961609941
S1-999476034	S2-476800550,S2-860529933,S3-393226568,S2-795592410,S2-869840499,S2-746654119,S3-488854963,S3-687549521,S3-631619846,S3-181620638,S3-128554103,S3-76843322
S1-252396532	S3-191347516,S2-999073167,S3-227024142,S3-208976216,S3-361840025,S3-502205027,S3-483256292,S3-406083164,S2-662958167,S2-670819362,S2-268658887,S3-669695400
S1-232492309	S3-866699307,S3-24888395,S2-852656179,S3-355304162,S3-921854708,S3-115176543,S3-848489040,S2-663430383,S3-719921091,S3-178356625,S2-983483247,S3-307572135
S1-774021578	S3-358293242,S3-98322563,S2-54504667,S3-639052473,S3-671009277,S3-96318235,S3-318573687,S3-326255403,S2-275937798,S2-150062225,S2-184057422,S2-125664426
S1-815758153	S2-684817451,S2-448756042,S2-445173485,S3-892542763,S2-653882563,S2-192731488,S3-677281180,S3-842928352,S3-472708438,S2-109922122,S2-853700040,S2-523350079
S1-207796635	S2-385604820,S2-130728155,S2-962433948,S3-903263853,S2-206216961,S3-187043987,S3-750043582,S3-213964073,S2-828084675,S2-457884818,S2-943944203,S2-45367908
S1-493990271	S3-937980926,S3-508817040,S3-440019338,S3-973373269,S3-952580890,S3-378100636,S2-650601738,S2-9723420,S3-133884821,S3-445150772,S3-599220408,S3-347421534
S1-761723639	S3-967418792,S3-378092091,S2-492263924,S2-195644568,S3-82507004,S3-978796881,S2-851778429,S3-550661489,S3-320900473,S2-968220111,S3-923591293,S3-65089053
S1-11859505	S2-632209601,S3-208597400,S3-884566599,S2-556415420,S3-393578260,S3-162047610,S2-451178190,S2-730994993,S3-888523639,S2-693703766,S3-166398728,S2-546033618
S1-793414407	S2-494549459,S2-207958980,S3-284501424,S2-58043485,S2-129614308,S3-531874172,S2-418249681,S2-349305265,S3-860220832,S3-191605215,S2-143042148,S3-581165287
S1-524883704	S2-330418428,S3-283083352,S2-923096118,S2-756863582,S3-709564770,S3-141896253,S2-280788044,S2-6362639,S3-585426188,S2-552303660,S3-112765506,S3-670309939
S1-550453616	S2-127295625,S2-964617394,S2-531281822,S3-495879655,S3-99321982,S3-300610969,S3-433655079,S3-842343094,S3-789851170,S3-249716491,S3-813846744,S3-65414875
S1-415694971	S3-885024485,S2-963873952,S2-59578901,S2-828969230,S2-6144880,S2-14202796,S3-939257761,S2-841934738,S3-776369099,S3-312517271,S3-119103683,S2-73975139
S1-500430063	S3-277531994,S2-864738415,S2-542618835,S3-518742024,S2-474522,S3-683046688,S3-224649601,S2-334139004,S3-617920810,S3-68561742,S2-298093268,S2-516465129
S1-274231841	S2-774120877,S3-458928711,S3-594445024,S2-876294714,S2-915710842,S2-165756314,S3-509059142,S3-830809839,S3-805241026,S3-963806506,S3-754922221,S3-656955455
S1-336979140	S2-900260003,S2-411832728,S2-929303137,S2-548790635,S2-450720339,S2-536457011,S2-514319966,S3-24875623,S2-397031877,S3-92010139,S2-491312307,S3-637091431
S1-686152458	S3-141088025,S2-661230424,S3-80134712,S2-574688611,S2-231394713,S3-415560090,S3-899923921,S2-706692631,S3-24390736,S2-842792862,S3-90927620,S3-431870227
S1-399891571	S3-140431665,S2-213175743,S2-172564320,S2-701037958,S2-206214078,S3-594548242,S2-989252214,S3-300969078,S2-757982350,S3-418402211,S3-358934212,S3-834333719
S1-224324468	S2-821942581,S3-795724382,S2-401668686,S2-600480412,S3-107663192,S2-8887572,S2-21905831,S2-862417880,S2-254511703,S3-603799229,S3-172037158,S3-347669425
S1-866826731	S3-862629596,S3-55304366,S3-15375472,S3-897432089,S2-289596178,S3-805667323,S2-961987009,S2-495384647,S2-449301042,S3-978084685,S3-900104140,S2-61660237
S1-17925133	S3-539080396,S3-161875529,S2-135922247,S2-132803261,S3-232089775,S3-857991473,S3-747948560,S2-725490060,S3-127224817,S3-730278233,S3-364353887,S3-865668232
S1-91308849	S2-191568174,S3-325337805,S3-612142623,S2-461655539,S2-355796564,S2-298271526,S2-718049337,S2-65187753,S2-889192963,S2-826154776,S3-412494085,S3-626546632
S1-810494793	S3-428752330,S2-30773684,S3-651302421,S2-598934459,S3-545537658,S3-232103597,S3-284875641,S3-508357625,S2-595767818,S3-445260876,S2-869765583,S3-640489068
S1-345103384	S2-697465494,S3-758458217,S3-588728790,S2-851390068,S2-847886504,S3-467977712,S3-254686439,S2-57908833,S2-909213760,S2-893715981,S3-952069143,S2-324093147
S1-873023390	S3-663677935,S2-56419599,S2-56397388,S2-686227566,S3-653301473,S2-889587134,S2-577086276,S2-461411674,S3-510301800,S2-723649865,S3-148674913,S3-97462883
S1-320080447	S2-317749892,S3-302270792,S2-72355873,S2-294735904,S2-720116648,S2-658867816,S2-761455723,S2-955679032,S3-707981524,S3-663375065,S3-638772752,S3-484839854
S1-35669777	S3-456883389,S2-952503448,S3-568997498,S3-519373920,S2-18617832,S2-43019360,S2-949057891,S2-727131148,S2-28143103,S3-153646586,S3-489539462,S3-992264416
S1-732771098	S3-837548785,S3-975609598,S3-622261360,S3-314252171,S3-370429541,S2-868639658,S2-712935313,S2-856219899,S2-419579713,S3-437627040,S2-314472530,S2-658711957
S1-249476437	S3-950667093,S3-878655662,S3-1308335,S2-540870671,S3-778915611,S2-63668112,S3-3859428,S3-612753530,S3-709965325,S3-646545296,S3-149121173,S3-942607442
S1-536349405	S2-980541158,S3-973574889,S3-850384421,S2-155718088,S2-554056547,S3-588925475,S3-397183274,S3-69078135,S3-773663744,S3-730747021,S2-908273503,S2-853381170
S1-30680842	S3-924730860,S3-570628336,S3-577180260,S3-961254250,S3-645085714,S3-620777983,S3-203087237,S3-404898547,S2-59055741,S2-467560793,S3-982709527,S2-384039078
S1-428603015	S2-18323900,S3-526087605,S3-384741376,S2-935360733,S2-184320227,S3-863093515,S3-364830423,S3-210311075,S3-146048522,S3-982420584,S2-601046347,S2-329858373
S1-333207635	S2-363429951,S3-623170284,S3-191437326,S2-167953850,S3-395704500,S3-868825639,S2-627679062,S3-639116095,S2-18347328,S2-503521315,S2-360242718,S2-852390802
S1-764556437	S2-58287422,S2-377645191,S3-319810548,S3-526047457,S3-164610678,S2-16260468,S2-750966320,S3-305250565,S2-838788862,S3-557206235,S2-972319457,S3-925160519
S1-962363816	S2-985867384,S2-194663228,S3-872944294,S3-258524335,S2-309659678,S2-414452031,S3-801488090,S2-766036116,S3-450185777,S3-319713960,S3-776280416,S3-629840661
S1-346607452	S3-226854892,S2-315686414,S3-417075803,S2-788996553,S2-760006003,S3-209571089,S3-101613343,S2-674014320,S2-667670074,S2-784673931,S2-775325648,S2-427722225
S1-470082232	S2-469702512,S2-35857027,S3-431250708,S3-98616968,S2-602187413,S3-274863582,S2-527069723,S2-346216202,S3-461517702,S2-201524477,S2-40383878,S2-618868629
S1-116975983	S2-526855654,S2-596631875,S3-455142226,S2-388841565,S3-651395767,S3-41293482,S2-750553674,S2-485589264,S2-548149995,S3-530616000,S3-834964057,S3-114404458
S1-629211148	S2-284540526,S3-945034082,S3-559870157,S2-883290798,S2-423106938,S3-97209845,S3-597620728,S2-556054074,S3-944815829,S3-262963838,S3-963764539,S3-504140766
S1-531391256	S3-139321033,S2-704053661,S2-844798349,S3-774392704,S3-40474000,S2-401259989,S3-377067838,S3-905910692,S3-991538405,S3-391214121,S2-859704670,S3-929317261
S1-802426010	S3-198105345,S2-591810,S2-213241044,S2-468813813,S2-294216457,S3-452662226,S3-550463129,S2-86706005,S3-251868649,S3-607491530,S3-458835225,S2-231749383
S1-714758357	S3-24901487,S3-762484047,S3-793361309,S3-750262404,S2-13548452,S2-986046963,S2-273513016,S3-956238944,S3-301075788,S2-46369514,S3-184848129,S3-484390312
S1-324897025	S2-660492756,S2-969318134,S2-380755850,S2-92068247,S3-59683690,S3-767313454,S2-572504932,S2-938012218,S3-355936439,S3-687908631,S2-14677876,S3-454823500
S1-736339603	S3-431527004,S3-166654324,S3-367055484,S2-961987009,S2-432318863,S3-734541779,S2-429701531,S3-374574980,S2-676287106,S2-932888095,S2-717253265,S2-452261010
S1-3736993	S2-808692535,S2-171470365,S3-785686960,S2-837852370,S3-593215451,S3-906743979,S3-691878477,S2-625544865,S3-371209874,S2-970251351,S3-684998302,S3-132625614
S1-514511445	S2-81407408,S2-348111936,S3-505611664,S2-426744706,S2-886453370,S3-791841546,S3-817640505,S2-471137662,S2-202570786,S2-710781312,S3-566398736,S3-600789810
S1-804727038	S3-391433628,S2-862829812,S3-355641770,S2-503813897,S3-213233645,S3-104687571,S3-220985285,S3-334900229,S3-493828421,S3-52084774,S3-738158660,S3-692710838
S1-877535932	S2-748521201,S3-596446417,S2-366766856,S3-990775577,S3-575229413,S3-705476335,S2-770092834,S3-373969474,S3-254247769,S2-19617134,S2-40224569,S2-779491062
S1-669693701	S3-824744017,S3-990635747,S3-752445805,S2-820707713,S2-1840066,S3-355362730,S3-268742198,S3-525360788,S3-723790417,S3-950326703,S3-330956171,S3-261839271
S1-585135551	S2-609771682,S3-268401490,S3-24212665,S3-907037511,S2-419627675,S3-576708274,S3-841023112,S3-838204180,S3-178801965,S2-374060911,S2-833550106,S3-693571646
S1-145568893	S3-542946436,S2-62814926,S3-797478265,S2-349656638,S3-464271049,S2-597127234,S3-217504891,S2-410590885,S3-403120776,S3-970496608,S2-82950284,S3-706627618
S1-520099266	S2-158599019,S2-435167317,S3-60662399,S3-685522330,S2-143491788,S2-310118916,S3-985416214,S2-365005657,S2-936452621,S2-332191390,S3-282460438,S2-797238812
S1-235112222	S2-66981401,S3-968044210,S2-95286379,S3-390018514,S3-988996780,S2-906536848,S3-64940880,S3-839692952,S2-472954332,S3-591275816,S2-835786657,S2-540797592
S1-560135371	S3-616348739,S3-584793616,S2-417863347,S3-546315724,S2-227603940,S2-746881745,S3-670468240,S3-551348336,S3-659293891,S3-878886933,S3-858341200,S3-755914045
S1-360685904	S3-615478606,S2-341612701,S2-133737999,S2-936403220,S3-286428906,S2-65732994,S2-347099864,S3-134023429,S2-409727595,S2-538600834,S2-766218212,S3-855724617
S1-798068607	S2-274048766,S2-606717391,S3-54309273,S2-548949953,S2-520025516,S2-276945211,S2-149763523,S3-582284346,S2-11271369,S2-444664894,S3-375147481,S3-739257821
S1-671372920	S3-373078782,S3-428790266,S2-322980799,S2-340322970,S2-989745886,S2-884415588,S2-496124033,S2-353340073,S3-479300229,S3-917849987,S3-220461953,S3-393228904
S1-280077238	S3-425176618,S2-882350498,S3-181036896,S2-600514222,S2-416750652,S2-838667473,S2-8533083,S3-539744770,S2-322177827,S3-511415712,S3-206322976,S3-611947352
S1-543585590	S3-241401584,S3-182005932,S2-666406931,S3-752430602,S2-947162246,S2-800162972,S3-924260996,S2-751163561,S3-429971130,S3-112489406,S2-204533249,S3-16953415
S1-120748275	S3-388487495,S2-45264119,S2-624454096,S3-52228733,S3-950800155,S2-415755426,S3-126311513,S3-906081604,S2-193735743,S2-581345448,S3-624015136,S2-924307537
S1-754622638	S2-612887892,S3-306830643,S2-699769694,S2-913798011,S3-823207688,S3-959136054,S2-513317357,S2-253260651,S3-830779347,S3-580748715,S3-895611779,S3-806505188
S1-909367904	S3-248363359,S3-127582715,S3-541660317,S3-298554307,S2-807256543,S2-202855607,S3-449110783,S3-865038575,S2-83380545,S3-556859756,S3-631619846,S3-541690233
S1-591953826	S3-798498164,S3-454739709,S2-499579399,S3-572648118,S3-606556351,S2-51585267,S2-298415445,S2-108881098,S2-23516487,S3-739245234,S3-234236646,S3-937983214
S1-725528924	S2-274411500,S3-4432488,S3-582148740,S3-210872664,S2-89628149,S2-645614071,S2-718081931,S2-131940701,S2-468700603,S2-70590584,S2-154621706,S2-797470652
S1-440547606	S3-866844470,S3-419790664,S3-90851505,S2-998256237,S2-856043824,S3-234209250,S3-494675721,S2-610323770,S2-1693284,S2-651667690,S2-153213873,S3-632052774
S1-947674704	S3-367566567,S3-600913135,S3-539628862,S2-855935945,S2-647653127,S3-752264200,S2-657190382,S3-643822691,S2-1259325,S3-257936743,S3-326445664,S2-85485627
S1-898871118	S2-502195432,S2-216261425,S3-120927852,S2-307884899,S2-170984300,S2-487457446,S2-713264333,S3-564276698,S3-341088029,S3-564291156,S3-484391898,S3-136076443
S1-686682704	S3-86430818,S2-580599036,S3-47811899,S3-347274917,S2-505109403,S2-490160585,S3-875296500,S2-25829000,S2-494003837,S3-215362387,S3-375029118,S3-582840683
S1-26487143	S3-204421702,S2-752040064,S3-91753893,S2-499889496,S2-919439890,S2-773292338,S3-912222026,S3-865516950,S3-200624797,S3-43028932,S2-963281379,S3-135711444
S1-553894773	S3-163938836,S3-709354440,S2-499083432,S3-697540169,S3-684438203,S3-172474635,S2-365672522,S3-450019805,S3-602365966,S2-203049802,S3-671776237,S3-276439281
S1-241997245	S2-415846482,S2-440876204,S3-139873832,S2-285858629,S2-84703331,S3-356322129,S2-454995022,S2-650712935,S3-852546074,S3-375758385,S3-990775577,S3-201665680
S1-590405199	S2-899419442,S2-361501663,S3-941382933,S2-732064775,S3-936782112,S2-639821755,S3-474174869,S2-842127494,S2-693531841,S3-909078966,S2-822169839,S2-233846141
S1-217247758	S2-42481289,S2-34977591,S2-147644752,S3-132567452,S3-50570621,S3-307536523,S2-213293596,S3-295773446,S3-463114529,S3-974263352,S3-285139873,S2-945567976
S1-696242729	S2-111298923,S3-349290296,S2-585095282,S2-406241212,S3-937180346,S2-817753444,S3-88109223,S2-498170709,S3-298874496,S3-963736134,S2-525506073,S3-706974944
S1-331251473	S3-485538077,S3-875805217,S2-731426269,S3-802629286,S3-230239372,S2-251263735,S3-711729162,S3-37852531,S3-373852741,S2-137728683,S2-280307681,S2-18461305
S1-669556663	S3-521177752,S2-416737166,S3-798377444,S3-983689388,S3-647180686,S2-480186151,S2-800820148,S3-770315905,S3-955844772,S3-613573490,S3-189814260,S2-188584320
S1-452696440	S3-628471964,S3-779659211,S3-451557870,S2-482195426,S2-110801524,S3-380850927,S3-30817170,S3-428499269,S2-657620330,S2-851632294,S3-601539408,S2-620390715
S1-613016634	S2-338432578,S2-313125776,S2-27437615,S3-724421892,S2-940375260,S2-948842568,S2-578464551,S3-42593346,S3-220644513,S2-769296446,S3-367320834,S3-67492037
S1-556276648	S2-792334971,S3-907726947,S2-401246040,S3-225756852,S3-824508163,S3-730327213,S3-883412191,S3-672030397,S2-817336706,S3-483434205,S2-3426223,S3-795098999
S1-909411180	S2-877946070,S2-887132643,S2-256088098,S3-898821532,S2-874586864,S3-498303082,S3-873741293,S2-20086193,S2-787619642,S2-519239976,S3-572505308,S2-66633125
S1-7995386	S2-156124518,S3-290337448,S3-375209781,S3-548143498,S3-614405445,S3-773755990,S2-743119601,S3-365338795,S3-702559117,S2-858224172,S3-50624303,S3-238657402
S1-121365905	S2-194016149,S3-452029982,S2-541593121,S2-803739859,S3-795988581,S3-932000525,S2-650346263,S3-87774481,S2-899184609,S2-282950953,S3-81689017,S2-392462812
S1-419218691	S2-52663142,S3-679905352,S2-557136150,S3-313760860,S3-995102063,S3-853962500,S3-949557106,S3-854474626,S3-489990009,S3-525360788,S3-299678126,S3-771790935
S1-804290379	S2-488109605,S2-844373542,S3-744619079,S3-526762936,S2-894645686,S3-328509575,S2-705552867,S3-288134724,S3-727120621,S3-777506796,S2-547983074,S3-476812962
S1-963123725	S2-115606329,S2-171812236,S3-19446789,S2-820352653,S2-829041980,S2-694707333,S3-473228508,S3-398303053,S2-371261564,S2-792818978,S3-988067628,S3-646762430
S1-888980366	S3-944505748,S3-843496017,S2-122430405,S2-520251428,S2-821922364,S3-768675105,S3-25151523,S3-317403779,S2-319218476,S2-217579323,S2-621642592,S3-572411961
S1-976259612	S3-847205192,S3-398303053,S2-371261564,S2-456348302,S3-646762430,S3-692954144,S3-68907765,S3-988067628,S2-140676520,S2-589699792,S2-792818978,S2-856988442
S1-174798420	S2-955117231,S3-204693033,S3-265974974,S2-674381687,S2-555043687,S2-856361373,S3-573294901,S3-685172981,S2-175647033,S3-874806738,S2-372524769,S2-783153354
S1-639681733	S3-849233428,S2-7589547,S2-179328426,S3-217910812,S2-251173952,S2-234426821,S2-662895781,S2-15808634,S3-841297786,S3-568140218,S2-106978439,S2-132695965
S1-464467946	S3-401250335,S2-743382092,S3-465714084,S3-241036779,S3-431461855,S3-824208739,S3-623149082,S3-40805480,S3-110457568,S3-463176509,S3-351804202,S3-935865916
S1-46604460	S2-848199150,S2-104272395,S3-654654591,S2-907826368,S3-877349157,S2-300373137,S2-689656009,S2-724006752,S3-886539198,S2-463258006,S3-112019022,S2-20973224
S1-105802860	S2-512861681,S3-602269126,S2-70412894,S3-508703578,S3-568081139,S2-426934148,S2-840724935,S2-188145429,S3-34103489,S3-380188704,S2-746661077,S3-36946776
S1-663128685	S2-528770355,S3-353344941,S2-983938414,S3-397077505,S2-679442790,S3-484554469,S2-421007252,S3-670047922,S3-105564910,S2-305095082,S2-22521679,S2-113537964
S1-718435072	S3-748595968,S2-534934775,S3-226193411,S3-104046802,S3-706340194,S3-454802767,S3-738782686,S2-127069851,S3-177246211,S2-699786356,S2-149050134,S2-665944920
S1-663846065	S2-123439952,S2-734140696,S3-201813697,S2-732450265,S2-847036598,S3-348072300,S3-256909290,S3-688518325,S3-140713868,S3-599681026,S3-610136721,S3-400782435
S1-924256499	S2-450402593,S3-835162492,S2-21912290,S2-843081253,S2-229451261,S3-255875334,S3-639358775,S2-745175803,S3-527784660,S2-648411329,S3-380321578,S2-925508593
S1-329737706	S3-688267429,S2-291847131,S3-61207435,S2-511875679,S3-951415987,S3-604625968,S2-396783350,S2-334652997,S3-551045604,S3-877522804,S3-142338680,S2-367338484
S1-250307141	S2-465594764,S3-173600330,S2-419070873,S3-580047907,S2-277350678,S3-815561419,S3-299279083,S2-122648524,S3-326198439,S2-885521154,S2-95503819,S3-114022612
S1-34911312	S3-581943711,S2-121796644,S3-452864070,S3-881569612,S3-87172760,S3-232585472,S2-326929604,S3-199699919,S3-210241972,S2-629823180,S3-707365193,S3-204726991
S1-550338513	S3-68465170,S3-847159346,S2-21413834,S2-548234536,S2-615752387,S3-73938027,S2-290206401,S3-963957700,S3-755914045,S2-84162233,S3-606602150,S2-499345754
S1-147576016	S3-390005723,S2-63291343,S3-78787005,S2-748867712,S2-98403383,S2-620069223,S3-387167699,S2-609147841,S2-281265389,S2-244471002,S3-20377197,S2-779231128
S1-401260633	S3-6867013,S3-670957722,S3-859080982,S2-922484277,S2-256980719,S3-307785524,S2-352580587,S2-38596746,S2-784116718,S3-704046081,S2-21961353,S2-924525164
S1-510230595	S2-291123712,S3-523227074,S2-704225366,S3-739360686,S2-488893628,S2-397223954,S3-45516544,S2-264594259,S2-49893018,S2-122432242,S3-386365564,S2-525643369
S1-502753023	S2-895843666,S2-549865494,S3-909680024,S3-420337669,S2-169838714,S3-342446726,S2-838684981,S3-99210182,S2-509270829,S2-94447852,S2-687910856,S2-748355944
S1-942101872	S2-249783588,S3-755606174,S3-375968181,S3-449372391,S3-709029103,S3-720361798,S3-980276310,S3-521987651,S2-12572725,S2-140147326,S3-70015507,S3-409373144
S1-573262328	S3-769061086,S2-760452153,S2-696444299,S3-62070584,S2-529378397,S2-275370619,S2-798880641,S3-69749041,S2-354787381,S3-237825370,S2-228674109,S3-89446950
S1-464350354	S2-887296522,S2-773345481,S2-689274504,S2-671745109,S2-393194987,S3-314475886,S3-715909462,S3-903014820,S3-605737256,S2-112298920,S3-84263571,S3-146849222
S1-347100569	S2-58108862,S2-309786228,S2-871111742,S3-994442903,S3-641790135,S3-712064684,S2-317377514,S3-269156667,S2-871652967,S3-808547803,S2-574951292,S3-309222784
S1-279415834	S2-158634978,S3-777217818,S2-931977333,S2-812798989,S2-969913495,S3-265603068,S2-284441737,S3-659135598,S2-532161131,S3-177755591,S2-239794599,S3-438918110
S1-65758945	S2-487453286,S2-199785243,S3-525927244,S3-641660214,S2-161923369,S2-738981469,S3-351045993,S2-252616778,S2-683364297,S3-962040440,S2-456868736,S3-521403783
S1-775392376	S2-23689089,S2-411443868,S2-979911816,S3-947380564,S3-650050268,S3-56830896,S2-622834877,S3-842781119,S2-714630618,S3-642648572,S3-546575817,S3-298874496
S1-312362355	S3-917748800,S2-975398455,S2-925147909,S2-10725768,S3-283807384,S3-552232309,S3-67736685,S3-724761175,S3-331712393,S3-407466776,S3-849550486,S3-241851966
S1-198005042	S2-505987595,S3-812772994,S2-938465565,S2-915428927,S3-437842471,S3-473171329,S2-530876008,S3-75629681,S2-464215034,S2-69983076,S3-225269094,S2-866676552
S1-400103570	S3-199478389,S3-381734824,S3-773413613,S2-483674091,S2-635148533,S3-936874839,S3-573260507,S2-439976156,S2-441731865,S3-984677763,S3-212329684,S3-130044319
S1-488008181	S2-133826508,S3-879050634,S3-39995631,S3-429303232,S3-388030425,S2-454149082,S2-570993785,S3-414818526,S3-984523073,S3-350379967,S2-217645748,S3-741926179
S1-402393249	S3-609064105,S3-605408632,S2-279209434,S2-207079577,S3-142193994,S3-419950960,S2-746519591,S3-222476730,S2-897000884,S3-520110240,S3-759162115,S3-268873929
S1-276613636	S3-481229021,S2-44969554,S2-925520454,S3-141985064,S2-127934603,S3-963553409,S2-659548446,S2-312199862,S3-288117386,S2-529219965,S3-814633749,S2-595171569
S1-756754424	S3-816154147,S3-433718433,S2-378705770,S2-855523268,S2-323442957,S3-236985792,S2-443263357,S2-91717867,S3-152348767,S3-321003435,S3-493260206,S2-278871476
S1-345824520	S2-749428950,S3-321939718,S3-533093643,S2-111739721,S2-188000309,S2-253213818,S2-290936621,S3-215145799,S2-432226979,S3-325343001,S2-67576012,S2-149464840
S1-41901471	S3-644139857,S2-761230012,S2-957442541,S3-6246040,S2-205405682,S3-382460708,S2-943407462,S2-508788930,S3-149470523,S3-686366027,S3-32351980,S3-463670228
S1-704893631	S3-362341764,S2-110765624,S3-145995297,S2-705509726,S3-938737792,S2-704906256,S3-444589258,S2-329785018,S3-319795677,S3-296146459,S3-258307277,S3-845073938
S1-137844006	S2-977160188,S3-600328312,S2-180515852,S3-211097055,S2-974472248,S2-937189522,S2-479233377,S3-383282636,S3-257405366,S2-644062008,S2-780332473,S2-953013844
S1-625364879	S3-351779552,S3-343868067,S3-770457901,S2-99357740,S2-956346778,S2-155290926,S2-313039384,S3-48117275,S3-192124188,S2-359790482,S3-245264037,S2-660474257
S1-344996528	S2-670985969,S2-334258416,S3-344613838,S2-434821643,S3-210501819,S3-413174211,S3-306961219,S2-929423605,S3-755924373,S3-487661103,S3-49533889,S3-6401079
S1-64984323	S3-880569257,S2-967959238,S3-284941836,S3-226672573,S2-636840626,S2-48890201,S3-891710490,S3-112576231,S2-2999664,S3-544504006,S2-137864124,S2-142178200
S1-954635198	S3-570395964,S2-350698992,S3-656697521,S2-228501559,S3-334679728,S3-151122334,S2-263160594,S3-956106013,S2-936221978,S3-297313580,S2-686042266,S3-896068145
S1-998245030	S3-481970786,S3-616336516,S2-282164030,S3-211767310,S3-164998879,S2-924745792,S2-387511454,S2-251554288,S3-320065071,S3-658481356,S2-324103040,S3-908289434
S1-174195451	S3-776720271,S3-2882861,S2-509375946,S2-185568024,S2-905861063,S2-5948811,S2-983841641,S3-23573668,S3-610566593,S3-885203616,S2-254223723,S3-153723516
S1-804281251	S2-728473089,S3-926909742,S2-419813215,S2-799998967,S3-566875548,S3-578388591,S2-714576835,S2-147987847,S3-643016158,S2-219152633,S2-774514588,S2-829410237
S1-783515666	S2-58073918,S3-910481927,S2-370754397,S3-687017114,S2-242923277,S3-8868386,S3-943578843,S2-125480109,S3-317851849,S3-547284749,S3-323004040,S2-784245101
S1-384900691	S2-217576604,S3-607328504,S3-293360952,S3-719179392,S2-699180683,S2-296618152,S3-848006678,S3-570443277,S3-359431917,S3-456030829,S2-475773453,S2-435247039
S1-113986641	S3-322339877,S3-23424262,S2-377936759,S2-140888400,S2-503937477,S2-105226882,S2-615875718,S3-916206030,S2-69699256,S2-222089544,S3-201020081,S2-947065954
S1-689278284	S3-748410869,S3-867018287,S3-672877059,S3-903129801,S3-114533042,S3-195237929,S3-370341973,S3-376584521,S3-979918594,S3-956142791,S3-753452108,S3-56063180
S1-984402946	S2-594868767,S2-834011104,S2-234930903,S2-217915837,S3-455539266,S2-615397705,S3-23983367,S3-70231076,S3-490891813,S3-459663778,S3-806280230,S3-995399248
S1-985693120	S3-831029374,S3-236108419,S3-477587794,S3-897086141,S3-824758980,S2-540616362,S2-722862921,S3-448062159,S2-831589965,S3-785701620,S2-212264540,S2-156627655
S1-223728762	S2-148202789,S3-628211809,S2-535569879,S2-970938202,S2-693618922,S2-747185629,S2-379006230,S3-86506089,S3-186244870,S3-598462524,S2-430920705,S3-450577356
S1-620136625	S3-202255651,S3-252817265,S2-68891642,S2-633759458,S3-870124316,S2-162451500,S2-224390866,S2-186324684,S2-780190129,S3-603523363,S3-907928063,S2-87286515
S1-406001443	S3-967725197,S3-239002011,S2-346917951,S3-7552005,S3-736307469,S3-534417789,S3-743073624,S3-959655766,S3-426912724,S3-235852720,S2-236308735,S2-898092819
S1-435695578	S3-283645824,S3-704690063,S2-320189367,S3-269428236,S2-684452039,S3-223491635,S3-728710140,S3-376627183,S3-319346469,S3-317386456,S3-708497243,S2-805851700
S1-741353700	S2-63948753,S3-425011044,S3-726630851,S3-844048940,S3-205880073,S3-692568879,S3-708330016,S2-156090497,S3-449937263,S3-293185328,S3-926866834,S2-535272796
S1-452285851	S2-276048075,S3-974598035,S3-680695871,S2-86189908,S3-853121973,S2-240863648,S2-944958223,S3-516643555,S2-514282933,S2-374746381,S2-477947783,S3-825563922
S1-150270422	S3-543144340,S2-558021595,S3-374717835,S2-487321889,S2-851644902,S3-655778396,S2-857599159,S3-189077220,S2-677598834,S2-784889098,S2-129703411,S2-680566234
S1-561329029	S3-301239871,S2-602320651,S3-362340970,S2-217802143,S2-567664764,S3-743812734,S3-923841126,S2-591790592,S2-481090743,S2-946261450,S2-657622822,S2-576899482
S1-737991186	S2-563913213,S3-961995414,S2-269761629,S2-501988624,S3-47331909,S2-157836826,S3-508549115,S3-818310594,S3-158798645,S2-158144199,S2-751188453,S2-260755452
S1-844217518	S3-775687559,S2-209268486,S2-610735550,S2-287481761,S3-546722917,S2-937331133,S3-339716952,S3-601153448,S2-795529430,S2-80118999,S2-897127007,S2-23384374
S1-571040370	S2-804205136,S2-873727766,S3-381688421,S3-948766763,S3-828115622,S2-235081454,S2-349511821,S3-426436835,S3-78103466,S3-135293293,S2-66693938,S3-527710393
S1-35549032	S3-509875315,S2-64903752,S3-339502435,S3-104764856,S3-976262957,S3-926480093,S2-215927301,S2-192411792,S2-364926912,S3-680633242,S3-922674860,S3-275440165
S1-355773631	S3-723228870,S2-103204352,S2-278776052,S2-419558245,S3-589328380,S2-819584543,S3-777681693,S3-857560866,S3-408414900,S2-100099967,S2-169528215,S3-651973597
S1-422058912	S2-959309224,S3-353000777,S2-31266460,S3-72215065,S3-322615911,S2-726017573,S2-252213474,S3-19805591,S3-70195792,S3-841950705,S3-960978250,S2-345304474
S1-258239594	S3-167311558,S2-15706372,S3-511655292,S2-35849145,S2-52552402,S2-600925263,S3-109707133,S3-113885258,S2-324903486,S2-280785196,S3-483434205,S2-765365224
S1-867005374	S3-841969529,S2-664838483,S2-500757199,S2-998449802,S2-977010266,S3-957655714,S3-476695191,S3-947966536,S2-696395596,S3-659471960,S3-647262060,S3-158595168
S1-19776677	S3-439664171,S3-937298151,S2-334071669,S3-389573968,S2-326234345,S3-959717038,S2-467316898,S2-921184402,S3-115150636,S2-641690551,S3-566650874,S2-395855969
S1-652404128	S2-911394232,S3-732849667,S3-655056697,S3-863479496,S3-565107595,S3-689364096,S2-440188753,S2-542707658,S2-659943680,S3-375209781,S3-37433801,S3-598700428
S1-84972397	S3-617974870,S2-799828817,S2-930491482,S3-216575692,S3-483872743,S3-641121415,S2-530458710,S2-453228300,S2-652264504,S2-968142483,S3-380398816,S3-741412842
S1-83901271	S3-405238188,S3-144172344,S3-696850531,S2-269420662,S2-823437800,S3-665658570,S2-986798465,S2-795594412,S3-781494309,S3-109714833,S2-405019835,S2-496939417
S1-106796207	S2-824826581,S3-410769483,S2-316346273,S2-365960961,S2-596326841,S3-906096753,S2-488489840,S3-760233464,S2-664075613,S2-974916585,S3-630915285,S2-710350264
S1-549356347	S3-142348647,S3-203963119,S2-82703772,S2-845324833,S3-551746217,S3-712754496,S2-923314324,S3-555916652,S2-224941805,S2-438201413,S2-137808146,S2-616165990
S1-656470805	S2-962424185,S3-495145784,S2-928751559,S2-466603242,S2-825496386,S2-739648389,S3-614372350,S3-313692756,S2-896291570,S2-369243427,S2-947115204,S2-46404297
S1-138604342	S2-808288876,S2-247792209,S2-718307154,S3-512979859,S2-86177967,S3-17092783,S2-395121635,S3-522430465,S2-443293825,S3-407639390,S3-64061034,S3-551940299
S1-297230644	S3-326218022,S3-841216569,S2-192797826,S3-259039916,S3-113151547,S2-386794444,S2-720059104,S3-137078165,S2-649194815,S2-88012354,S2-615774330,S2-374483942
S1-591514270	S3-201566478,S2-499695559,S2-779634985,S3-496762855,S2-998093754,S3-768592597,S2-663527973,S3-504735643,S3-618285551,S2-798016536,S3-587113913,S2-716915275
S1-494055902	S2-234641265,S3-393710108,S2-48375294,S3-610374080,S3-872690495,S2-753817270,S3-292927587,S2-904061764,S3-398660081,S2-128622574,S2-622542730,S3-396400442
S1-866639013	S2-984239919,S2-187427225,S3-571865019,S2-294100110,S3-720504164,S2-498431942,S3-113464810,S3-810950187,S2-835722509,S3-174069112,S2-549022673,S3-350682800
S1-122698431	S2-523463970,S2-432845463,S3-40787169,S3-448272323,S2-647625206,S2-649176552,S3-542758055,S2-153280994,S3-150316438,S3-885279042,S2-748807512,S3-915086296
S1-160953838	S3-622697183,S2-419232557,S3-590367826,S3-393615143,S2-317625175,S3-295724387,S3-595366368,S3-479218931,S3-534970298,S2-49684655,S2-926081812,S3-615988181
S1-714362878	S2-856008816,S2-75040773,S3-906044283,S3-390737113,S3-494459358,S2-643300410,S2-715714653,S3-116568103,S2-319454971,S2-898069880,S3-273752385,S2-705518367
S1-452191381	S3-960566906,S3-881327321,S2-561087076,S2-939488309,S3-926049263,S3-475433151,S2-870795786,S2-796552059,S2-333796656,S2-790421714,S2-181576625,S2-776542299
S1-932437383	S2-178499846,S3-490514935,S3-495946909,S3-156155284,S2-764746547,S3-710916851,S3-176027128,S3-126915501,S3-860116591,S2-747012778,S2-74833696,S2-876310181
S1-443439877	S2-974721000,S2-383385587,S3-265971661,S2-269938179,S2-869051529,S3-704812166,S3-15877700,S3-465716443,S2-27504308,S3-391975515,S3-305525386,S3-924485906
S1-370151177	S2-652898777,S3-535523502,S2-143273807,S2-34794152,S2-291962767,S2-227952345,S2-609251986,S2-223372232,S3-920747227,S2-160722089,S3-23965724,S3-966832629
S1-677079599	S3-218609810,S2-849400398,S3-746744706,S3-65337435,S2-95749384,S3-882837299,S3-326138076,S3-341940352,S3-212589772,S3-427071576,S3-611025348,S3-320900473
S1-4324325	S3-90273785,S3-64234462,S2-363130418,S2-412801795,S3-279996151,S2-637332993,S3-346252981,S2-936110051,S2-826004636,S2-698531895,S3-418305451,S3-841116044
S1-179036841	S3-426138642,S2-742312015,S3-950149163,S3-382584910,S3-100893985,S3-189597657,S3-346788027,S3-599541820,S3-397091015,S3-134564725,S3-441079471,S3-461671194
S1-364805912	S2-597474527,S2-559400634,S2-850141916,S2-333427078,S2-766314173,S3-851290534,S3-14003880,S3-866734747,S3-981490506,S2-986071171,S3-968395402,S3-296033354
S1-699315845	S3-781724993,S2-560916465,S3-462595969,S3-950963226,S3-803100940,S2-241606850,S3-300410570,S2-666802619,S2-459757451,S3-298623470,S2-359559494,S3-993043542
S1-546692566	S3-400587472,S3-1069084,S2-900411069,S3-223645376,S2-895007850,S2-217954506,S2-346911756,S3-19393151,S3-582227401,S3-515707538,S2-374824734,S3-318123719
S1-64112202	S2-394997811,S3-412249973,S3-431014994,S3-646354424,S3-369184059,S3-233939615,S3-813169879,S3-557193979,S2-956248550,S2-699947160,S3-896730826,S3-287846052
S1-801141500	S3-360777641,S3-14119068,S2-630178770,S3-56527366,S3-502388258,S3-668271568,S3-454823500,S2-14677876,S3-969598728,S2-16032916,S3-542759343,S2-614240697
S1-456462294	S3-281956146,S2-322571647,S3-444246645,S2-444206917,S3-719515178,S3-936875498,S3-662536222,S3-824456717,S3-692382699,S3-620786979,S3-776027268,S3-193889673
S1-183727571	S2-364895554,S3-925414004,S3-871829229,S3-909062203,S3-453351775,S2-73859141,S2-406331955,S2-944660418,S3-1907260,S3-121665033,S3-959714119,S3-851159444
S1-208814250	S3-900089981,S3-732006976,S3-582754424,S3-288280358,S3-73938027,S2-290206401,S2-615752387,S3-183749187,S2-511821963,S2-73244368,S3-638457560,S3-446831462
S1-385001443	S2-415847313,S2-500464637,S2-992092772,S3-475416399,S3-855937169,S2-604432381,S3-630543531,S3-954708224,S3-949782252,S3-666519764,S3-423779957,S3-746054785
S1-406162927	S3-515352926,S2-278044740,S2-435835379,S3-579827095,S3-242948088,S3-967494848,S3-79272183,S3-154106536,S2-238645151,S3-263296334,S3-770681537,S2-319620073
S1-604080039	S2-81278465,S3-627282690,S2-714771239,S3-803196098,S3-748585383,S2-786747840,S2-202462226,S3-3954614,S3-848056381,S3-468341406,S3-312486142,S3-284080807
S1-823922175	S3-513933659,S2-871211669,S3-931821995,S2-596727289,S3-401860788,S2-54554838,S3-809473983,S2-546892588,S2-519144110,S2-913349627,S2-956057107,S3-987782319
S1-408435098	S3-927981901,S2-424100323,S2-259791935,S2-325346877,S2-550290896,S3-960594952,S3-943953211,S3-804715322,S2-209292552,S2-96819111,S2-128032872,S3-842730217
S1-591150822	S3-918249158,S2-710531594,S3-115617661,S3-752133966,S2-208856796,S2-232910033,S2-813323127,S2-347642929,S2-713637907,S2-633865382,S3-502394075,S3-703040030
S1-593459779	S3-893454144,S2-294915383,S2-524313958,S2-635896543,S2-798317461,S3-346763862,S2-349292485,S3-557260883,S3-352599816,S3-714085594,S2-2885770,S3-507648705
S1-665800019	S3-799338828,S2-279875275,S2-559075477,S2-633980517,S3-330708588,S3-45656654,S3-540974859,S2-775739787,S2-943391257,S2-792560838,S3-621807494,S2-601200855
S1-836395717	S2-688422672,S3-867867069,S3-316925737,S3-441550316,S3-494985122,S3-74625761,S2-37117223,S2-857601326,S2-522989451,S3-496710806,S3-608851246,S2-697979995
S1-579611532	S3-347934299,S2-153284203,S2-316794547,S3-87533398,S3-52312740,S3-789525638,S2-791395737,S3-177894488,S3-792763526,S2-715187646,S3-762794742,S3-511041544
S1-516892804	S2-294437577,S2-836785482,S3-491053597,S3-188994548,S3-258299928,S3-805187275,S3-50221721,S3-133628441,S3-82018202,S3-296070155,S3-262731044,S3-821805504
S1-340780438	S2-178792765,S3-906369055,S3-317287023,S3-334271671,S3-364141564,S3-156951327,S2-31645574,S3-184172074,S3-320058351,S2-395741173,S3-684679554,S2-73000068
S1-224083344	S3-228750733,S3-48538549,S2-524081516,S3-962751392,S3-606791586,S3-595620152,S2-769623213,S2-555067777,S2-686535861,S3-381003891,S2-568315771,S3-871359329
S1-535263724	S2-946943419,S2-857619195,S2-191735693,S3-844762410,S2-710431570,S2-600646117,S3-790168947,S2-672503554,S2-481730717,S3-111872218,S2-501256403,S2-849254196
S1-116722364	S2-721221544,S3-838298644,S3-365888853,S3-557440021,S2-294158324,S3-961246503,S2-543327880,S3-793196130,S3-691722532,S3-864336479,S2-2298004,S3-945130914
S1-363274865	S3-394137689,S3-990419675,S2-625672381,S3-629616009,S3-498392113,S2-813783866,S2-703855126,S3-325872042,S2-71362042,S2-111762928,S3-115214639,S2-32914948
S1-581862872	S3-747721210,S3-394011207,S2-298214904,S2-632011523,S3-382584910,S2-205662698,S2-205950012,S3-473949427,S2-61519037,S2-421200290,S2-691330943,S2-350608972
S1-204299297	S2-857715532,S2-83072384,S2-722417370,S2-510426558,S2-132967417,S3-705698058,S2-726622,S3-426050811,S3-792165169,S3-276786963,S2-253507361,S2-282673115
S1-848465800	S2-16795073,S3-905037072,S2-888070382,S2-304954577,S2-307903400,S2-135613783,S3-282763637,S3-394712488,S3-835886688,S3-380915350,S3-628345178,S2-626821058
S1-667885606	S2-457904444,S2-93092716,S2-338999578,S3-329693934,S3-662969715,S2-922700910,S3-187505916,S2-404083115,S2-138932760,S3-685756649,S3-193156449,S2-754496947
S1-432524926	S3-267003821,S3-497589704,S2-914876206,S3-275978712,S2-967501065,S2-227167419,S2-184495308,S2-857526884,S3-170593633,S3-567335977,S2-302573028,S3-956452123
S1-618498052	S2-804499223,S2-724899335,S2-845565138,S2-167889905,S3-17395228,S3-801830258,S3-970279258,S3-244224126,S3-87101941,S2-374472856,S2-184701502,S3-559884355
S1-611218954	S3-37759273,S2-152558873,S3-958409769,S2-712145310,S3-836278088,S3-123303229,S3-635774664,S3-453393302,S3-712465193,S2-214705436,S2-939571577,S3-932901265
S1-626358916	S2-303116331,S2-713033460,S2-631130056,S2-682812010,S3-191288843,S3-886888891,S2-275339826,S3-186067229,S3-326702275,S3-165054238,S2-656635018,S3-156998358
S1-74928688	S3-771189063,S2-735610384,S2-628773481,S2-102274579,S3-202208738,S2-89721922,S3-901578381,S3-772509097,S2-445820621,S2-961482858,S2-343338494,S3-791858011
S1-103697581	S2-782732823,S3-493545319,S3-679545479,S2-562071074,S2-485051852,S2-881504940,S2-686928624,S3-188857932,S2-656995059,S3-728184218,S2-444256790,S3-733200958
S1-65359188	S3-950071786,S3-780086202,S3-216349712,S3-734130802,S2-228766829,S2-558959445,S3-345446554,S3-740543033,S2-711739073,S3-820560115,S2-47995496,S2-14497873
S1-379118663	S2-74124434,S2-634965333,S2-617053754,S3-221744104,S3-326382103,S3-954732417,S3-227194271,S3-59385368,S3-70710622,S3-260548621,S2-217929658,S3-244706335
S1-420909556	S2-276995981,S3-576979265,S3-244302009,S3-490397868,S3-636640139,S2-23322414,S3-246213234,S3-975123249,S2-527062662,S2-25788233,S3-974125016,S3-572104013
S1-687141149	S2-367106263,S2-566586229,S3-374292350,S2-55903033,S3-91959903,S2-738105053,S2-675166944,S3-850679869,S2-563843861,S2-25788233,S3-728103829,S3-673073998
S1-106266328	S2-13500101,S3-202886112,S3-659881298,S3-28732304,S2-193424812,S2-363438795,S3-443963660,S2-328557413,S3-69694612,S2-231334044,S3-123055277,S2-95070405
S1-974297489	S2-863125833,S2-430401170,S3-182584317,S3-117389788,S2-978865010,S3-985561093,S2-298347379,S3-884023717,S2-305407552,S2-209429207,S2-151634031,S3-66972927
S1-328365526	S2-249787488,S3-995870118,S3-48931713,S2-104829283,S3-201673437,S3-256254567,S3-858727206,S3-338202482,S2-960897025,S2-458697660,S2-484410319,S2-195280993
S1-428112056	S3-351261587,S2-304767409,S2-121694767,S3-846674856,S2-653255745,S3-982231405,S2-25470654,S2-657726643,S2-804373521,S3-618612637,S2-883059472,S3-682194952
S1-334513712	S2-253357138,S2-830294564,S3-569673936,S2-876594606,S3-647203322,S3-59876486,S3-913018843,S3-565895949,S3-186529451,S3-520427728,S2-359156685,S3-180013057
S1-697940966	S3-888479613,S2-562926436,S2-785782833,S2-678678525,S3-582998044,S3-888592950,S3-865416410,S2-305996936,S3-319871711,S2-344636185,S3-211568099,S3-163119904
S1-490787800	S3-38967015,S2-789643578,S3-342204857,S3-985640731,S2-152094326,S3-605243922,S3-557892453,S2-505670252,S3-39249493,S3-714770348,S3-206605686,S2-233690387
S1-743789302	S2-97815115,S2-407662111,S3-567740279,S2-502568870,S3-504839390,S3-460236356,S3-111751971,S2-704837054,S3-629734649,S3-398354594,S2-766103342,S2-308209377
S1-278855930	S2-678892372,S3-861365547,S2-818063182,S3-437840317,S2-762729996,S3-504311902,S3-246320989,S2-354741906,S3-965350061,S2-383277015,S2-447854485,S2-425635274
S1-831116658	S2-689667336,S2-220391094,S3-802880234,S2-793980460,S3-81067511,S3-319578525,S3-300133027,S3-236122504,S2-938290610,S2-833133715,S3-831146717,S3-498559322
S1-878907560	S3-96663252,S2-116916334,S3-188335360,S3-731833989,S3-119371073,S2-615653813,S2-611281876,S2-505434150,S3-918876406,S2-24041756,S2-943012034,S3-543739161
S1-172890283	S3-933503893,S3-68428101,S2-828640757,S2-998467509,S3-567905568,S3-815695181,S3-880121091,S3-727756426,S3-385250763,S3-615774108,S3-452700330,S3-564219052
S1-541614913	S3-487624607,S2-637015999,S3-738582233,S3-645096599,S3-663544921,S3-765013652,S3-744386315,S3-647970077,S2-84157304,S2-981567895,S2-710223595,S2-618947164
S1-7558608	S3-395934345,S2-363239375,S3-78494542,S2-880852885,S3-115143608,S2-312452516,S3-708539655,S3-561580578,S2-114518454,S2-80322846,S3-745245679,S2-811047524
S1-119182322	S3-227677342,S3-113218715,S3-581672722,S2-426243324,S3-245142612,S2-655228917,S2-893231966,S2-735289590,S2-878053738,S2-931117625,S2-294458389,S3-916340617
S1-772933699	S3-684350108,S2-640480692,S3-251606055,S3-442976030,S3-127644855,S3-749484074,S3-654138809,S3-564193218,S3-175407592,S2-484347296,S2-91058730,S3-778748354
S1-383107033	S2-693216991,S2-656163531,S3-708894611,S3-717000032,S2-972190687,S2-870440210,S3-481142785,S3-720314631,S2-914896728,S2-597094973,S3-84693167,S3-146071830
S1-267605202	S3-441967644,S3-661512231,S3-34400710,S2-726848954,S3-140192970,S2-83756969,S2-981170083,S2-823333944,S2-639722343,S3-960483999,S2-300752342,S2-525565663
S1-883774314	S2-54091532,S2-664019042,S3-315056093,S3-369858600,S3-34671777,S3-52695992,S3-93127445,S3-996506869,S2-704518249,S2-425614843,S3-610155716,S3-902813747
S1-849361450	S3-632341218,S3-378742655,S2-744368234,S3-44156855,S3-949131543,S2-291781463,S3-396549579,S2-762599422,S2-450103388,S2-32232512,S2-404007568,S2-704318129
S1-7797089	S2-457715685,S3-525966894,S2-930025401,S2-8985944,S2-948702725,S2-579865212,S3-414420848,S3-942189522,S3-220211650,S3-200991353,S2-961187427,S3-241406143
S1-681236950	S3-416572279,S2-504115426,S2-304567979,S3-988503126,S3-542417308,S2-606787254,S3-730128113,S3-997928331,S2-555178781,S2-525412066,S2-586064061,S3-107738349
S1-92648800	S2-516285702,S2-793013700,S3-442756564,S2-889580120,S2-182737898,S2-148336058,S3-848078077,S3-889804224,S3-289503690,S3-354971084,S2-951029235,S2-481206656
S1-527765364	S3-646874559,S2-799619144,S3-590430128,S2-792306160,S2-358482117,S2-648249937,S3-8467697,S2-573706139,S2-663273932,S3-938364077,S3-825562514,S3-947304339
S1-987744179	S2-591003220,S3-978866192,S3-821589744,S3-989350733,S3-469533854,S3-187301215,S2-934647505,S2-189957339,S3-507436808,S2-26372837,S3-467492551,S3-84922786
S1-2468743	S3-199398921,S2-498958121,S3-33139462,S3-751074834,S3-916948526,S2-403405736,S3-100735953,S2-411303590,S3-426035045,S3-404965678,S3-437194680,S3-96067042
S1-904042881	S2-406165984,S2-193268413,S3-14664693,S3-352838402,S2-237417667,S2-787662126,S2-698464542,S3-959269395,S2-118323419,S3-400860873,S2-728479589,S2-653392178
S1-973424595	S2-971930585,S3-610490766,S2-842402331,S3-356769747,S2-539448517,S2-770361761,S3-205719645,S2-729821343,S3-3789543,S3-425889364,S3-171408878,S3-39587132
S1-311250972	S2-524746470,S2-4291549,S3-493937443,S3-421667161,S3-231123621,S2-231926579,S3-463624043,S3-308744295,S2-571012645,S3-279569340,S2-857571558,S2-885163994
S1-50646677	S3-235707014,S3-578552858,S2-141854279,S2-612280681,S2-608869871,S2-111508119,S3-425971633,S3-691396688,S3-46352159,S3-848311371,S3-536932093,S2-949403079
S1-896664940	S2-543761445,S3-666122963,S2-770905692,S2-507841061,S2-389581512,S2-658877490,S2-648642878,S2-791409685,S3-880340018,S3-711434090,S3-833807519,S3-475433151
S1-452867801	S3-535213151,S3-71018590,S2-850238548,S3-973146015,S3-556804061,S2-292394947,S3-331998840,S3-469865027,S2-563937192,S3-76982709,S3-454872225,S3-343624714
S1-638827025	S3-937806140,S2-235329582,S2-605675843,S3-41178779,S2-777544980,S3-454823500,S2-14677876,S2-16032916,S3-969598728,S3-542759343,S3-202972580,S3-164976140
S1-94725206	S3-496276513,S3-554768430,S2-13059482,S2-266985092,S3-11219687,S3-160776850,S3-372703583,S3-660036453,S2-295567728,S3-376578351,S3-101042256,S2-983972406
S1-856104992	S2-75634394,S3-70263590,S2-53817086,S2-239891208,S3-990271198,S3-606573642,S2-263041021,S2-458773810,S2-794556991,S3-328590877,S2-63213268,S2-530595764
S1-904077303	S2-217359593,S2-827415970,S3-198763286,S3-746702864,S3-76165198,S3-342418325,S3-898374010,S3-596628464,S2-948872246,S2-16504435,S2-533361320,S2-124793162
S1-346960267	S2-58087061,S2-765691646,S2-997096579,S3-357259364,S2-755683898,S2-781309017,S2-916499100,S3-61824429,S3-354545844,S2-752207981,S3-692793479,S2-954254363
S1-626916963	S2-251584635,S3-600307761,S3-359233790,S3-46859006,S3-94381704,S2-961440947,S3-826388620,S3-125346439,S3-686218756,S3-410529738,S3-779130395,S3-408338048
S1-463222044	S3-232605043,S3-820771780,S2-445414718,S3-12546262,S3-701968573,S2-831633821,S3-72831779,S2-958646458,S2-202167792,S2-99373369,S2-71286572,S3-677280292
S1-175194733	S2-835605645,S2-135265587,S3-191499164,S2-584046765,S2-696369250,S3-638514908,S2-873928317,S3-199275158,S3-277007097,S2-746512434,S2-819849020,S3-176190139
S1-196988481	S3-88948743,S3-538389107,S2-29550347,S3-417241210,S3-158888297,S3-489990009,S3-854474626,S3-525360788,S3-970738055,S3-159159739,S3-251968866,S2-829265883
S1-512207386	S2-726066621,S3-527248747,S3-715269231,S2-829134691,S2-217975031,S2-275739523,S3-835180910,S2-500140942,S3-946969847,S2-707650047,S3-120105506,S3-14037029
S1-92244610	S3-823374124,S2-462026882,S3-477652581,S3-810165720,S2-815318245,S3-342548504,S3-779183667,S3-651374015,S3-226154117,S3-224615077,S2-949527012,S3-17035295
S1-599534961	S2-633568637,S3-739055417,S3-409888019,S3-54788674,S3-362742217,S2-898026492,S3-779328579,S2-360478899,S2-322451681,S3-740438908,S2-259057761,S2-83152315
S1-474605700	S3-912191251,S2-576454104,S2-991492431,S3-573203708,S3-283780221,S3-809419912,S3-762876967,S3-628702902,S2-92573502,S2-92488091,S2-443369915,S3-844985892
S1-684968275	S3-251043138,S3-530426259,S2-654824074,S2-333389269,S3-978049720,S3-247254380,S3-531749122,S3-77115066,S3-22823511,S3-790386208,S3-722988930,S2-441998093
S1-206248630	S3-845817914,S2-319592320,S2-69267875,S3-102609255,S3-438464992,S3-910483933,S2-714205404,S2-36843176,S2-96363001,S3-610705685,S2-907253783,S3-392599544
S1-24541267	S3-450548035,S3-496525359,S3-106898282,S3-430480884,S2-961092794,S2-841024799,S2-642853849,S3-882797110,S3-599243671,S2-169118885,S3-988757073,S2-922089215
S1-722000637	S3-612610341,S2-439932346,S2-276394012,S3-72248572,S3-761214010,S3-742060608,S2-905041551,S3-905180878,S2-823648971,S2-996491661,S3-461761589,S3-65590097
S1-413847744	S3-614413130,S2-693168921,S3-973266491,S2-766124912,S2-464630053,S2-376632786,S3-63750767,S2-140552398,S3-915804287,S2-43027032,S3-189637570,S3-871076577
S1-556003429	S2-43470021,S3-351802572,S3-745852082,S2-548369272,S2-570059028,S3-806882425,S3-6970300,S2-509673784,S3-564833639,S2-364421996,S3-656627628,S2-906978859
S1-181232447	S3-196646214,S3-573451513,S2-656776204,S2-475830482,S2-212596281,S3-648064253,S3-316705277,S2-706780181,S2-745951546,S3-185874822,S3-16204411,S3-527693785
S1-64781596	S2-81965527,S3-587278881,S2-896260789,S3-191932492,S2-931266026,S2-266915220,S2-615189411,S2-590110616,S2-577247851,S3-602418450,S2-714737143,S3-707024346
S1-140810296	S2-389892892,S2-68762474,S3-596884133,S3-536232675,S3-574458231,S3-509360804,S2-92332173,S3-669905223,S3-103502341,S2-193704720,S3-540321621,S3-797200894
S1-132106328	S2-127516499,S3-477521341,S2-484236461,S2-988178862,S3-64299502,S2-740076698,S3-917352540,S2-19868407,S3-184928297,S2-195824521,S3-346578584,S3-389944682
S1-633535219	S3-809049976,S2-754765244,S3-483145534,S2-840599492,S2-647533379,S3-861813895,S2-722549365,S3-134549413,S3-483370048,S3-242763996,S3-298438991,S3-63042013
S1-86229353	S3-940049106,S2-953805856,S3-74582228,S3-175375907,S2-361988670,S3-773173503,S2-966047440,S3-680647424,S3-452736618,S2-730654718,S3-394919748,S3-274764907
S1-386492594	S3-66941179,S2-235464916,S2-1097690,S2-110925880,S3-393632693,S3-660776979,S3-520031892,S3-537690735,S3-392630400,S2-465492445,S2-305398661,S3-182775036
S1-134659985	S3-101140108,S3-426643445,S3-331281570,S2-193704720,S2-919716393,S2-871418099,S2-729408449,S3-330710144,S2-375607912,S3-462107705,S2-569122942,S2-931331238
S1-624760031	S2-301496637,S3-844307144,S3-758046118,S3-577434666,S2-947681835,S2-495974087,S2-419647566,S2-148921368,S2-395890664,S2-393889426,S3-753839646,S2-910815794
S1-483125360	S3-406750750,S2-387924604,S3-76783218,S3-871416572,S3-606520764,S3-351439559,S2-796174471,S2-196531211,S2-131604537,S3-847225802,S2-436858197,S2-874262763
S1-250561084	S2-350149625,S3-294892652,S2-777181972,S3-736521691,S2-756663799,S2-740529030,S3-432159816,S3-357580191,S2-561629102,S2-470580407,S2-887571925,S2-503355758
S1-882217295	S2-734597760,S3-124886267,S3-491387395,S2-942050182,S2-101294458,S3-942777899,S3-812936677,S3-492566902,S2-305194698,S3-927316327,S2-525183590,S3-656286382
S1-33537904	S3-41098749,S3-531321789,S3-374484023,S3-450675304,S2-578715766,S2-901067676,S2-691902455,S2-693075942,S3-887490973,S3-837185011,S3-110353258,S3-570888860
S1-676305101	S2-425433488,S3-431820319,S2-650495997,S2-117274539,S2-940034854,S2-826415794,S3-805290676,S2-647053537,S2-256507964,S3-398235315,S2-906558921,S2-638371507
S1-217714194	S2-502658538,S3-681429239,S2-746148453,S3-690395707,S2-177928050,S3-884196216,S3-904575597,S2-565415346,S3-963499892,S3-835943529,S3-513812610,S3-318698027
S1-413862620	S2-880627819,S3-686858577,S3-162214341,S3-865148696,S3-485520979,S2-160882390,S2-777020061,S3-728645414,S3-609287419,S3-172200041,S2-308150385,S2-660320997
S1-187218255	S3-727740035,S2-750494503,S2-265135575,S3-862238999,S2-507071637,S3-424645279,S3-328720956,S3-743488733,S3-190169741,S3-600946824,S2-962433926,S3-217863117
S1-772202074	S2-260076339,S2-633777476,S2-709233867,S2-855287443,S2-500041609,S2-455740879,S2-398456390,S3-521164755,S3-892392899,S3-488212085,S3-820417978,S3-57443909
S1-813704795	S2-642036029,S3-678806630,S3-809171170,S3-297565077,S2-128760333,S3-107101831,S3-248376028,S3-779848577,S3-311843478,S2-493606232,S3-195635784,S2-932503638
S1-829581580	S2-835710959,S2-76025706,S2-208525689,S2-706703766,S2-502325906,S2-294815078,S2-837093548,S3-665692267,S2-131835804,S2-129068071,S2-975989808,S2-476813382
S1-935138038	S3-544105186,S2-384147374,S3-398337785,S3-585878852,S3-24754814,S3-650452714,S2-740343252,S3-897497204,S3-524953210,S3-846172325,S2-285380624,S2-280678837
S1-389269992	S3-721623213,S2-417532231,S2-65263506,S2-347977544,S3-256897618,S2-193704720,S3-955225806,S2-554927455,S3-298276120,S3-860186384,S3-547411099,S3-47663582
S1-496092984	S3-726071939,S2-479018633,S2-929429903,S3-373549288,S3-141787579,S2-474806463,S2-260162661,S3-483231166,S3-457494966,S3-488971238,S3-8266689,S2-418893776
S1-353868295	S2-483024503,S3-672568228,S2-192860893,S3-108194956,S2-895740439,S3-235736883,S3-571360565,S3-636019106,S2-666306474,S3-586666969,S3-475326591,S3-693384460
S1-43228768	S3-254776886,S2-825854977,S3-504334005,S3-626449876,S3-666737515,S2-981726254,S3-872861769,S2-304115975,S3-272248622,S3-891756484,S2-941183219,S3-978554569
S1-74956630	S2-966163712,S2-724854688,S3-642782971,S3-11457800,S3-782916072,S2-867151063,S3-700343494,S3-889034442,S3-456234501,S2-615653813,S2-611281876,S3-918876406
S1-584508334	S3-783548151,S2-219338438,S2-853480350,S2-646806079,S3-705518725,S2-713101534,S3-571450475,S3-805844006,S2-341717781,S3-526034097,S3-460166979,S3-865178570
S1-858480081	S2-313344646,S3-714311470,S3-903979454,S2-647073170,S3-27933166,S3-420770007,S3-687256631,S3-553358073,S3-127290742,S3-674951139,S3-329530928,S3-556147513
S1-10197150	S2-915924854,S2-81758737,S3-372685357,S3-460527048,S3-528343187,S3-583730031,S3-685595147,S2-238065742,S3-209913982,S3-451905876,S3-265389277,S2-658535430
S1-159868009	S3-686294627,S3-566844791,S3-141125173,S2-629553256,S3-793402821,S2-420633574,S3-202833727,S2-919911079,S2-149164177,S3-51039483,S2-852377042,S2-768832656
S1-47727154	S3-64305698,S3-157705569,S3-676791011,S3-508816375,S2-93971798,S3-305523575,S2-450600934,S3-243561043,S2-516164092,S2-117909750,S2-75026916,S3-751051167
S1-38282196	S3-457070963,S2-119340514,S2-227876975,S2-607746896,S3-760672055,S2-929280031,S2-874428171,S2-136912075,S3-178123825,S3-239961626,S3-917785144,S3-855755896
S1-727668577	S2-302318713,S3-548978880,S2-931528976,S2-69227602,S2-277610266,S3-637763471,S3-462792794,S3-953690595,S2-59696943,S3-735281607,S3-638081967,S3-79157083
S1-565409679	S2-152866942,S3-828651062,S3-959579750,S3-977496178,S3-971748428,S2-90821390,S3-250804825,S2-634504293,S3-813397949,S2-680178892,S3-463661549,S3-487049279
S1-676041683	S3-691982712,S3-482637952,S3-162372973,S2-831851926,S3-71722178,S2-825996060,S2-266826478,S3-198119667,S2-587443568,S3-676372943,S3-222813594,S3-507196796
S1-435163120	S2-750928810,S3-603961829,S2-549043996,S2-803540796,S3-27038925,S2-735890461,S2-536931883,S3-670712087,S2-880122218,S2-862828887,S2-797469146,S3-437837740
S1-13675467	S3-360342838,S3-461637445,S2-467682476,S3-945761677,S2-358078112,S3-629704696,S2-254511703,S2-862417880,S3-603799229,S3-172037158,S3-52397291,S2-680334998
S1-24543802	S3-477164454,S3-213166572,S2-215936553,S2-505103013,S2-987488612,S2-777684063,S2-317434397,S3-311905261,S3-681153565,S3-437875247,S2-778351756,S2-278863420
S1-981816389	S2-950267286,S2-449696803,S2-384321984,S3-608940184,S2-667224807,S3-260625732,S3-621344927,S2-257298663,S3-152717391,S2-872705946,S3-757002295,S3-820498161
S1-550563115	S3-315334503,S3-194176945,S2-987241101,S3-315483307,S3-187840057,S3-118327347,S3-765398609,S2-402503997,S3-532451921,S2-304954577,S2-307903400,S3-835886688
S1-355223742	S2-405483399,S2-453470066,S2-442648574,S2-326159814,S2-447119786,S3-460947123,S3-169136281,S3-641942703,S2-964400745,S2-809871985,S3-740024657,S3-771920482
S1-460574749	S3-78667156,S2-598701307,S3-148230158,S2-101017266,S3-235733762,S2-65453517,S2-942620395,S2-274135635,S3-126779066,S2-24791645,S2-461967326,S2-520431737
S1-159743480	S2-732109600,S2-622473394,S3-869712172,S2-212987214,S2-174503382,S3-315237297,S3-644579857,S3-814807688,S3-188714540,S3-185771084,S3-233111286,S3-863052495
S1-70042724	S2-651880437,S3-902533262,S3-619033318,S3-930209324,S3-707157663,S2-414624302,S3-51226724,S2-996755821,S2-568303245,S2-490432010,S2-357637261,S3-252014201
S1-868192317	S3-751849026,S2-665613650,S2-674686834,S3-99932128,S3-48438576,S3-83063509,S2-338443813,S3-776630161,S3-56580866,S3-584619267,S3-152023480,S3-991610148
S1-595629648	S2-207223358,S2-18049021,S2-697059114,S2-257209665,S3-396364588,S2-151921992,S3-223823386,S3-784238870,S3-557800356,S2-161290171,S3-258283129,S3-765798159
S1-572858431	S3-650048270,S3-945692948,S3-567768380,S2-846077881,S2-974413884,S2-299706658,S2-352404701,S2-1950175,S3-468390244,S2-348278042,S3-692396466,S3-551558379
S1-247277111	S3-858690368,S3-317399927,S3-28474314,S3-69619851,S2-170562783,S2-542127577,S3-250405110,S3-398071103,S3-345654415,S2-355112804,S3-552026269,S3-863836422
S1-257052393	S3-687422607,S3-702050237,S3-482066067,S2-495855587,S3-611770461,S3-480991923,S2-644997008,S3-906124833,S2-1288035,S2-420563785,S2-60573502,S3-437841992
S1-432492382	S3-185764260,S2-34602434,S2-29653782,S2-542747600,S3-764742979,S3-674591870,S3-855603058,S3-917257390,S2-528551435,S3-99180449,S3-992246513,S3-401277087
S1-315847776	S3-858711103,S3-822401336,S3-294832498,S3-239297219,S2-713929776,S2-728126872,S2-152645691,S3-827057462,S2-209994044,S3-759913301,S3-77937003,S3-303589248
S1-169243418	S3-179201638,S3-691620372,S2-854641770,S2-827528451,S3-348600142,S2-22490302,S3-800927501,S3-538561008,S2-788188795,S2-44866933,S3-972261073,S2-936103540
S1-877507563	S2-465354706,S2-386834563,S3-93056551,S2-288841974,S2-269473212,S2-299798853,S3-513836156,S2-756175332,S3-309959642,S3-699270534,S3-777250823,S3-567646190
S1-402677262	S3-936413453,S2-27283159,S2-116676785,S3-717410669,S2-278878407,S3-793808731,S3-671283141,S2-225994405,S2-631068964,S2-717966723,S2-203438927,S2-333380523
S1-807073316	S3-776312013,S2-14677876,S3-969598728,S3-542759343,S2-16032916,S2-305026456,S3-780854188,S3-670292674,S3-382922042,S2-626555583,S2-791479827,S2-202585553
S1-362580713	S3-375202193,S3-24688325,S2-249052848,S3-972567770,S3-196922372,S2-347931318,S3-106713926,S2-236847123,S3-612036196,S3-321467435,S2-506454242,S3-551563815
S1-833960319	S3-610731042,S3-11336282,S3-824616125,S3-878450903,S3-518096513,S3-150361999,S3-420095071,S3-95715801,S3-457049236,S3-310153559,S2-785141802,S3-174116884
S1-726249607	S3-541879885,S3-526273792,S3-693400650,S3-477663377,S3-465973955,S3-921320373,S3-555077565,S3-292451840,S3-138809050,S3-620591203,S3-241036779,S3-428709115
S1-788989874	S2-68539398,S3-984649621,S2-446520522,S2-125736123,S3-791810441,S3-771009290,S2-771211729,S2-89106648,S3-529481123,S2-528603795,S2-931627680,S3-534777387
S1-581325508	S3-710582527,S2-774069180,S3-496534104,S3-33501912,S3-387606082,S2-684612361,S2-33712609,S3-91701050,S3-941939786,S3-52926635,S3-329478233,S3-259634194
S1-444855917	S3-755548999,S2-952379993,S3-674592847,S3-895291825,S2-745965970,S3-47814881,S3-725340735,S3-508479760,S2-877745972,S3-472416452,S3-466634845,S2-307468009
S1-277742217	S2-722891555,S2-426892277,S3-367053078,S2-878861780,S2-897264597,S3-749877595,S2-873308161,S3-11563119,S3-720871160,S3-75376582,S3-930011996,S2-608200952
S1-487942964	S3-948318052,S3-615966068,S2-522583551,S2-195736482,S3-198185551,S2-12061310,S3-867114389,S2-512314295,S2-835149236,S2-464251335,S2-896805111,S2-491664210
S1-724792096	S2-151257105,S2-187237778,S3-87660576,S2-532688673,S3-228769928,S2-193704720,S2-216828209,S3-958920382,S2-108660426,S2-81992455,S2-554927455,S3-955225806
S1-144210746	S2-170268698,S2-145887952,S3-257074688,S3-603039891,S3-135951394,S2-300705881,S2-643529902,S2-974121073,S3-69287906,S3-550231664,S3-126084769,S3-247020888
S1-160756119	S3-390293344,S2-652366840,S2-805303522,S3-287336324,S3-887477201,S2-483078461,S3-278954207,S2-394915796,S2-757630972,S2-836185523,S2-789548227,S3-591068561
S1-799225697	S2-439407400,S2-19656171,S2-694239046,S3-127688187,S3-258063361,S2-876413105,S2-970245586,S2-473094002,S3-89299709,S3-806540806,S2-867609278,S2-623782735
S1-409782769	S3-145939440,S2-821461381,S2-835738747,S3-463611175,S3-354887116,S3-91281481,S2-671594249,S3-887769988,S3-877563267,S3-522115123,S2-200578871,S2-844153777
S1-118316237	S2-754247762,S2-479265642,S3-87641901,S2-70730219,S3-932288313,S2-928443170,S3-561054673,S2-316336250,S2-692612111,S3-643222753,S2-566402002,S2-661942621
S1-83118682	S3-119679769,S3-7533570,S3-744959978,S3-786680696,S2-815334371,S3-291761010,S2-116431946,S2-746312823,S2-714048969,S3-495175634,S2-968373726,S2-477707456
S1-472622058	S3-370112440,S2-776290548,S3-147551086,S3-142796138,S3-852389417,S3-52486238,S3-91021268,S3-850685435,S3-873883560,S3-679769651,S3-374299283,S3-298121928
S1-694097383	S3-558185071,S3-651990355,S2-684621012,S3-441026100,S2-974463638,S2-887983406,S2-973285417,S2-88321502,S3-800521593,S2-589763223,S3-220061655,S2-870944139
S1-30133038	S3-256399049,S2-793340884,S2-194967845,S3-56307151,S2-580595819,S2-238071671,S3-464668412,S2-427323287,S3-515710593,S2-512722568,S2-448271109,S2-196132874
S1-829020178	S3-654833276,S3-625058527,S2-59827199,S2-466294154,S3-878288116,S3-146892577,S2-254696003,S3-211264210,S2-223440922,S2-501349166,S2-968383093,S3-467196675
S1-377693371	S3-971537639,S2-507005125,S2-2515978,S2-989704893,S2-173124476,S3-194711304,S2-803964530,S3-430955167,S2-585582105,S3-503330493,S3-346340033,S2-893300368
S1-466072485	S2-745086544,S3-871195936,S2-257355004,S3-950986970,S3-993757725,S3-660017559,S3-276172160,S2-469652799,S3-624309977,S2-617718697,S2-362267500,S3-196423148
S1-78361282	S2-194521531,S2-989170679,S3-602207310,S3-164492013,S2-970433678,S3-144781189,S2-888300025,S2-584409569,S2-382042780,S2-821213447,S3-699592499,S3-569571042
S1-742313567	S2-509554662,S3-3242994,S2-224614729,S2-214536961,S2-146860860,S2-359412059,S3-241145120,S2-118008601,S3-894468474,S3-328641459,S2-400497761,S2-578935191
S1-301782028	S2-132054940,S2-347367470,S3-730171267,S2-505642630,S2-666169216,S2-636321942,S3-665721586,S2-831233218,S3-419237005,S3-780692622,S3-162431102,S3-821989623
S1-258646813	S2-846622365,S3-542228037,S3-412286111,S3-624213472,S2-8510364,S3-103643027,S2-53647720,S3-877473518,S2-37091764,S2-941746635,S2-45735042,S2-463954470
S1-796722761	S2-236935583,S3-414547361,S2-403423152,S3-11532301,S2-148879351,S3-142509975,S2-986550673,S2-51189410,S3-53149974,S3-348635459,S2-451293910,S3-629455827
S1-990789017	S2-137816396,S2-712327227,S3-500297624,S2-418448160,S2-425635274,S3-649942164,S2-227113658,S3-714943054,S2-530559850,S3-101161641,S3-126063013,S2-948733099
S1-176331936	S2-171520330,S3-632537945,S2-513103389,S3-791315866,S2-101147302,S3-62842153,S2-870929747,S3-460291226,S2-8278777,S3-770949468,S2-921698175,S2-690374909
S1-197340433	S2-746751180,S3-776002787,S3-31042550,S2-519583294,S3-144247324,S2-905151315,S2-796894085,S3-356274017,S2-994809740,S3-629947895,S2-853631541,S3-91884537
S1-728307646	S3-813351445,S3-389791279,S2-415535815,S3-84729698,S3-488717955,S2-823388950,S3-405792612,S3-729543051,S2-607764140,S2-338098231,S2-577185278,S2-254117153
S1-289273094	S2-725083304,S2-707901387,S3-2529015,S3-473055109,S3-64680003,S3-44187217,S3-263088844,S3-651584080,S3-892064659,S3-852389417,S3-52486238,S3-142796138
S1-754452141	S3-563625832,S2-863330767,S3-852702401,S2-151212352,S2-411995164,S3-435591926,S3-603907162,S3-738521565,S3-134209272,S2-927265507,S3-915550367,S3-446796842
S1-835125598	S3-122708271,S2-418227758,S2-751090581,S3-530093302,S3-586059113,S2-194052495,S2-787866006,S3-412724612,S2-377796447,S3-863960821,S3-30039073,S2-484544179
S1-447479652	S3-171461605,S3-437467457,S3-103513181,S3-271185963,S2-42031658,S2-440400546,S2-859128300,S2-542525169,S2-453275557,S2-78118280,S3-690135704,S3-483768902
S1-738316013	S2-124862736,S3-303590298,S2-377619510,S3-175107444,S2-112182419,S3-648667338,S3-681559326,S3-812444379,S2-131204553,S3-305332675,S3-480779541,S2-483406802
S1-399806017	S2-536156656,S3-938646082,S2-216473242,S3-21010059,S2-507731129,S2-438276403,S3-437643242,S3-17111855,S3-757281473,S3-104876286,S2-53341120,S3-848165624
S1-698137041	S3-437178998,S2-708379901,S3-187056081,S3-275313377,S2-89416414,S2-39319741,S2-136922026,S2-487409757,S2-124025394,S3-861532504,S3-325482971,S3-282599052
S1-670985468	S2-105907301,S3-497931297,S3-890346877,S3-116504772,S3-418789042,S3-550377096,S2-290442190,S2-558995296,S2-687910580,S3-573303403,S3-902840610,S3-530127450
S1-525589028	S2-40207779,S3-59689122,S2-890866440,S2-165225911,S2-839804854,S2-642594580,S3-630301390,S2-954297126,S3-271984202,S2-777950283,S2-121078011,S3-230944205
S1-722053009	S3-985304388,S3-297552685,S2-570272660,S2-1701914,S3-555974562,S3-639074532,S3-251884770,S2-281023855,S3-93943665,S3-71518730,S3-549839767,S2-204680527
S1-774735384	S3-71732511,S2-939964493,S3-770564883,S3-248143952,S3-696292559,S3-512874693,S3-107643904,S3-632035131,S3-224933718,S3-253856168,S3-868528898,S2-427413136
S1-138437628	S2-515259467,S3-812083362,S3-716140029,S2-478458965,S2-980848262,S3-449108433,S2-562167235,S2-990225425,S2-127941057,S3-456363432,S2-725905459,S2-201778805
S1-339537026	S2-72985461,S2-756380382,S3-993097114,S2-513154204,S2-112305711,S2-733458774,S2-249726412,S3-557096592,S3-110051603,S3-664895835,S3-723230031,S2-838434871
S1-238316784	S2-883129302,S3-842517924,S3-938830334,S2-136507522,S3-446888994,S3-292084347,S2-863682651,S2-700787892,S3-354948461,S3-434475666,S3-2040776,S3-672490219
S1-73908707	S3-927532959,S3-766916169,S2-882838105,S2-321830185,S3-679033132,S3-70224705,S3-399434707,S2-791994345,S2-67323479,S3-613957204,S3-506273808,S3-747228204
S1-331297761	S3-13916206,S2-978203525,S2-999075710,S2-897761812,S2-154717107,S2-172681932,S2-977448684,S3-743577901,S3-658371507,S2-761694554,S2-94610653,S2-886534899
S1-623835343	S3-723830319,S3-126678375,S2-256166940,S2-83339966,S2-874025574,S3-285768544,S2-129078418,S3-776850996,S3-559309763,S3-646088187,S2-604920798,S3-57389989
S1-514221090	S3-284907234,S2-213173542,S3-5981134,S2-512526068,S2-722620383,S2-730386288,S2-909623345,S3-900483922,S3-830631376,S3-788668563,S3-884337814,S2-927232404
S1-235825626	S3-591967677,S3-463470312,S2-819909510,S2-316641382,S2-864106325,S3-486848096,S3-464826256,S3-637381878,S2-899804657,S3-25256418,S2-686007499,S3-918606678
S1-835063295	S2-433914081,S3-581180810,S3-114022884,S3-69904962,S3-116985424,S3-204928476,S3-414429183,S2-179745918,S2-113348251,S3-238197488,S2-653882013,S2-584851200
S1-51262934	S3-479966824,S3-862273186,S2-228462108,S2-273065898,S3-931080502,S3-386065661,S2-954896428,S3-333567192,S2-752803447,S3-11417062,S3-684057920,S3-922422163
S1-185610447	S2-18899739,S2-520594526,S3-649942481,S2-258828240,S3-573587195,S3-690910260,S2-635598959,S3-495133154,S2-182767448,S2-446917978,S3-509146473,S3-607498474
S1-419775794	S3-667336504,S2-271537785,S3-545005477,S2-10290948,S2-537585273,S3-639878819,S2-669177312,S3-135496256,S2-899716778,S2-50030982,S2-36458216,S3-892653069
S1-782824355	S3-139097645,S3-123124084,S2-685539856,S3-189963368,S2-158951846,S2-932655425,S3-847744813,S3-712599946,S2-924307429,S2-735043877,S3-500721878,S3-567475730
S1-499549900	S3-30058750,S2-141621857,S2-952552053,S3-909621285,S2-234648489,S2-372218677,S2-568058150,S3-50237598,S2-246474957,S2-136162603,S2-258979131,S2-890407730
S1-940130077	S3-164170239,S3-440046876,S2-133804547,S2-317046999,S3-548557890,S2-925368086,S2-846256034,S3-737783932,S2-846097039,S3-965666342,S3-926594888,S3-405003048
S1-14092281	S2-474802877,S3-941239282,S3-548451387,S3-79380409,S3-287072443,S2-260936989,S3-758786541,S3-263537965,S3-174734189,S3-894292487,S3-985558265,S2-55534167
S1-149602833	S3-870807200,S2-928713833,S3-603049515,S2-195595851,S2-495084144,S2-984667891,S2-506155991,S2-863601038,S3-929903038,S3-740609219,S3-959581580,S3-763999984
S1-855977355	S3-67102790,S2-561726799,S3-964525385,S2-549293347,S3-332599198,S2-302215984,S3-288520994,S2-912254093,S2-940210478,S3-672673310,S3-48811356,S3-87348926
S1-565564958	S2-753094371,S2-404737328,S3-715024361,S2-27754470,S2-131724992,S2-919235546,S3-641894116,S3-514002066,S3-518061022,S3-180913657,S3-489521017,S3-887312813
S1-781302444	S2-737943698,S2-387235822,S2-699274166,S2-157367766,S3-995101418,S2-968592851,S2-466731347,S3-878288116,S2-223440922,S3-467196675,S2-968383093,S3-146892577
S1-52129316	S2-9929476,S3-703456716,S2-535603838,S2-933527726,S2-944853921,S3-110655617,S3-510145907,S2-173561235,S2-469447544,S2-188283212,S2-845758744,S2-929424224
S1-664382671	S3-37413009,S3-550746955,S2-318606805,S2-108388402,S2-655422276,S2-602991470,S3-984106290,S3-492755873,S2-54920114,S2-188052099,S2-985399028,S2-386671263
S1-335512984	S2-652872628,S3-832414968,S3-653121493,S3-210010770,S2-885880328,S3-641710616,S2-710905573,S3-676701642,S3-527289122,S3-197169126,S3-656684525,S3-909487328
S1-590317761	S2-798690191,S3-689671807,S3-523680791,S3-301033495,S3-239913032,S3-901810825,S2-144805433,S3-843023020,S3-516016196,S3-271947075,S3-901062252,S3-284810128
S1-864455557	S3-772500307,S2-707934786,S2-676972718,S2-833432650,S3-130812926,S3-286444405,S3-587379838,S3-218556253,S3-425352204,S3-434825733,S3-327599719,S2-107800524
S1-817031857	S3-476706139,S3-450000605,S2-126700259,S2-885658046,S3-64043613,S2-769524532,S3-531256517,S3-594378406,S3-563767151,S2-679183620,S3-758548615,S3-614079527
S1-989644055	S3-293456090,S2-627384882,S2-585203961,S3-943006904,S3-434631079,S3-892223985,S2-273772825,S3-405960489,S2-416226029,S3-549982870,S3-812616411,S2-239625825
S1-676171271	S3-2853963,S3-677940211,S3-279166984,S2-622010316,S2-417233801,S3-94599072,S2-51657470,S2-762631151,S2-172693842,S3-744244510,S2-505946496,S3-871391006
S1-443633299	S3-53422692,S2-809147405,S2-867337269,S3-562766436,S2-786269685,S3-679448742,S3-537042275,S3-210208610,S3-372080986,S3-860614180,S3-665273255,S2-830104818
S1-397236282	S3-122442042,S3-737423652,S3-620199995,S2-85519017,S2-742668996,S2-798862244,S2-887331396,S2-856115834,S2-738741543,S3-585967953,S2-452338501,S3-710126286
S1-270582490	S2-711407381,S3-930917107,S2-686938897,S3-175077908,S3-874919468,S2-579989014,S2-767992444,S3-704630119,S2-426667209,S2-970719033,S3-285850588,S2-471151917
S1-418938514	S2-287294686,S3-731381192,S2-659201421,S2-448029008,S2-936179128,S3-562419888,S2-197924303,S3-248876177,S2-390647312,S3-932509974,S2-679331722,S2-502266175
S1-117852639	S3-328656408,S3-87387892,S3-727350804,S2-9024881,S3-28833319,S3-430712402,S3-927216658,S2-960041634,S2-570073807,S3-892646493,S2-849760454,S2-113084805
S1-197136409	S2-156224943,S3-282627775,S3-395961498,S3-241036779,S3-431461855,S3-465714084,S3-824208739,S3-40805480,S3-291522827,S2-175242615,S3-351804202,S3-935865916
S1-83916747	S2-585688933,S2-611853718,S2-308924951,S3-308881390,S3-417921382,S3-342791288,S3-989986574,S3-710309479,S3-760897164,S2-951348827,S3-359403083,S2-76178753
S1-685179213	S2-283809068,S3-854732343,S3-485739348,S3-335737154,S3-953563794,S3-132166736,S3-224506164,S2-280243183,S3-835903862,S2-807535067,S3-147920746,S3-694191330
S1-926001728	S2-163101941,S2-628141275,S2-774321308,S3-81049328,S2-45946523,S3-967316653,S2-974897017,S3-324350402,S3-609328753,S3-872691997,S3-971271198,S3-422535415
S1-924185489	S3-502863962,S3-960000658,S2-305841521,S3-364815145,S3-265844229,S3-236948153,S3-132090233,S3-243576711,S3-258099405,S2-75199459,S3-474962306,S3-889052491
S1-445380784	S2-500818326,S3-776186653,S2-387303582,S2-130468440,S3-806037633,S2-548409967,S3-825810841,S2-392646389,S2-519368815,S3-992825967,S3-509072521,S2-281657620
S1-587385050	S2-964826686,S3-17499581,S3-580066729,S3-945824206,S2-692915982,S2-210362585,S3-103622492,S2-143045604,S3-27628425,S3-56570814,S3-574429368,S2-991223848
S1-444988306	S2-336206719,S2-385742097,S2-110571324,S2-156288885,S3-644867006,S2-696583308,S3-639381029,S2-782375451,S3-951305248,S2-440206658,S2-322550277,S3-351699323
S1-381599341	S3-131810972,S2-15336066,S2-301943183,S2-175120632,S2-298390213,S3-106648925,S2-171482703,S3-80104659,S2-726983098,S3-9115930,S2-805374115,S3-867558186
S1-998016311	S2-573370315,S3-329579359,S3-519776388,S2-973398154,S3-680481119,S2-711671772,S2-813207416,S3-679706883,S2-516518751,S3-814292845,S2-178214168,S2-764632693
S1-785936353	S3-297975323,S3-299495672,S2-771727400,S2-677707082,S3-779299066,S2-344049363,S2-193704720,S3-23042961,S2-488942310,S3-591251194,S3-443362290,S3-947523904
S1-628489505	S3-766976818,S3-830073612,S2-438680621,S3-239253643,S3-784132157,S3-233918341,S2-796579838,S2-245777982,S2-566607760,S2-931984300,S3-244343013,S3-210927961
S1-962398543	S3-460188568,S2-905152000,S2-331494250,S2-592726815,S2-233690387,S3-206605686,S3-697172261,S2-562212141,S2-115728091,S3-295107019,S2-972063891,S2-440259461
S1-58054809	S3-498828673,S3-467581171,S2-549019139,S3-96657741,S3-394607796,S3-835903862,S3-842553868,S3-868206223,S3-178230839,S3-435590086,S2-878295649,S3-952299104
S1-633853740	S3-581348007,S2-67420974,S2-929109432,S2-835464347,S3-46786561,S2-524304771,S2-142406708,S2-488540174,S3-820571410,S3-493491669,S3-294059290,S3-306332172
S1-538499679	S3-598778192,S2-520409227,S3-431577082,S2-529757246,S3-966295807,S3-631979341,S3-281215018,S2-939389512,S2-922496541,S2-127759102,S2-984596394,S2-716128018
S1-809470384	S2-829355301,S3-898712394,S2-86950016,S2-116402958,S3-235762435,S2-299035006,S3-364871616,S3-914143545,S3-102841670,S2-334989159,S3-108199727,S2-8432159
S1-453497611	S2-411472488,S2-753812969,S3-225257081,S3-739562685,S2-852774220,S2-519037191,S2-904377034,S3-621646523,S2-251292603,S2-582567611,S3-56209334,S3-261008944
S1-29729749	S3-16573375,S2-249981857,S2-381736983,S3-562526860,S3-279279206,S3-816245098,S3-965255266,S3-24701954,S2-169599107,S2-522201715,S2-200951839,S2-839781804
S1-799785121	S2-862625532,S2-94862985,S3-31183552,S2-630311932,S2-101314776,S3-887971258,S3-175910821,S3-439975280,S3-11589884,S3-850795185,S3-85681190,S3-895149795
S1-237951723	S2-605036399,S3-600473060,S3-189825073,S3-292906143,S3-134209272,S3-915550367,S3-181786911,S2-94570459,S3-787497275,S3-870102194,S2-564881958,S2-850681085
S1-480993950	S2-296925264,S2-399072605,S2-558042514,S3-731051013,S2-354049316,S2-391736407,S3-448234074,S2-336583740,S3-533088065,S2-799208515,S2-542739746,S3-228863427
S1-576794446	S3-788652257,S2-600360068,S3-951252210,S2-211648362,S2-7861241,S2-755568666,S3-606763655,S2-396260063,S2-891549470,S2-549460126,S3-508917687,S3-872156593
S1-360146126	S2-951528911,S3-653439318,S3-197080331,S3-967562460,S3-576050014,S2-363008805,S3-210788880,S3-684674112,S3-459005946,S3-502519225,S3-212723020,S3-706399945
S1-55916486	S3-691848136,S2-88833571,S3-852114867,S3-491057095,S2-836536603,S2-234752974,S3-835559432,S2-781981115,S3-380027626,S3-17875626,S2-174665508,S2-719747342
S1-55125671	S2-796813451,S2-245541371,S3-831224891,S3-594894460,S2-431496808,S3-295414437,S2-509154499,S2-306693476,S2-955958719,S3-15142218,S3-661836231,S3-590316282
S1-314468542	S3-317083152,S3-164722927,S2-384324165,S3-553245494,S2-99272983,S2-625869310,S2-852854801,S3-970165901,S3-440483881,S2-533800213,S2-611574789,S2-973921869
S1-763500697	S3-362552927,S2-897353130,S3-712044277,S2-793974674,S3-98419042,S3-677214718,S3-735387036,S2-734284058,S3-926135310,S3-208505013,S3-708230167,S3-978008120
S1-10801084	S3-289022112,S2-528159270,S2-677047821,S2-639556320,S3-987419378,S2-820763971,S3-908454778,S3-906670835,S3-169774360,S2-250004856,S2-556504986,S2-218814945
S1-192604767	S2-477602849,S2-61464676,S2-953634961,S2-251496131,S2-446059198,S3-592838788,S3-789604939,S2-828697648,S3-346303119,S2-158472032,S3-72215065,S2-848987469
S1-383291287	S3-464709284,S2-43711093,S3-704668766,S2-860095248,S3-826109060,S2-924993431,S3-942095119,S3-790401640,S2-919084729,S3-467531813,S3-730853905,S2-136080216
S1-764400460	S3-108964896,S2-20524548,S2-710950831,S3-991084472,S3-787140611,S3-994366465,S2-220206602,S2-236470673,S2-526167481,S2-910890638,S2-400235890,S3-958417698
S1-995339430	S3-101000783,S3-982760617,S2-699337667,S3-764565751,S2-90886357,S3-59113409,S2-445030697,S2-367455317,S2-765579012,S2-608977484,S3-391192957,S3-448083896
S1-905550013	S3-654124239,S2-236740762,S2-620658173,S3-645919811,S2-881393577,S3-235472687,S2-88864869,S2-988584922,S2-209221479,S3-689428971,S3-620416556,S3-193259083
S1-795802606	S3-720198982,S3-870054988,S2-227812706,S3-102040457,S3-369984288,S3-825757152,S2-589313474,S3-511860147,S3-561269350,S2-629420626,S2-93555425,S3-471822669
S1-750560496	S2-459376805,S3-166789759,S3-586100222,S2-528837592,S3-731566175,S2-870699532,S3-983689388,S3-851072262,S3-647180686,S2-813065986,S2-990186551,S3-325977738
S1-857872323	S3-536753021,S3-703889890,S3-597607324,S2-915970757,S2-62615679,S3-625483470,S2-634509212,S3-443772036,S2-259884940,S2-571358923,S3-133380811,S2-608506264
S1-592651202	S2-168363281,S2-439643423,S2-512984684,S3-1848754,S2-462318524,S2-97666653,S2-875251247,S2-933090901,S2-787404866,S3-384170050,S3-307371412,S3-558948858
S1-315666448	S3-302069773,S2-752822277,S3-488884867,S2-613275625,S3-476827536,S2-773826375,S2-534391123,S2-106172285,S2-197602068,S2-134826734,S3-386147405,S3-456022683
S1-218169844	S2-115882488,S3-284786493,S3-338079891,S3-788045317,S2-589592697,S3-7140784,S3-368464699,S2-416776247,S3-271984202,S2-786093052,S3-120427577,S2-777188178
S1-324852028	S2-936992158,S3-288774806,S3-902745057,S3-32194222,S3-71106958,S3-69243361,S3-315515153,S3-723560208,S3-320997470,S3-460837677,S3-335920805,S2-735909312
S1-223329186	S3-662250049,S3-971167491,S2-604785617,S3-492930640,S2-898805966,S3-842060880,S3-613412255,S2-491486827,S2-820353860,S3-609543734,S3-219905689,S3-359283249
S1-550486524	S2-673237545,S3-302105411,S3-63659578,S3-926826632,S3-826077442,S2-444335466,S3-311181430,S2-979467985,S2-503982272,S2-419980988,S2-392323244,S2-50325658
S1-454064356	S2-336801382,S2-258171568,S3-42691663,S3-655895002,S3-732055228,S3-710641347,S2-759043464,S2-203191260,S2-739470769,S3-99442853,S2-12094448,S3-902355952
S1-350109	S2-601847162,S3-613877482,S3-990955654,S3-840453768,S2-319088934,S3-188866082,S3-943410469,S2-660343404,S2-605662212,S2-126805116,S3-916937056,S3-437423098
S1-985115475	S2-278198258,S3-624508384,S2-639180232,S2-727370684,S2-418199300,S3-622338970,S3-843495488,S2-203872265,S2-249754741,S2-331685493,S3-108129716,S2-865152945
S1-674724172	S2-861035893,S2-308502673,S3-245898311,S2-757483093,S3-873125011,S3-696261521,S3-197940170,S3-52047516,S3-938465535,S3-286963198,S3-97473782,S3-316038427
S1-61214412	S2-239256152,S3-723217703,S3-670133999,S3-179014128,S2-690199278,S2-3337690,S3-685334668,S3-617108994,S2-348241642,S2-17942358,S3-313261253,S2-962634463
S1-42056858	S3-797643274,S2-593468420,S2-501171410,S3-963540692,S3-701403605,S3-35481720,S2-956132765,S2-485185396,S2-447277164,S3-597714339,S3-920742782,S2-531476944
S1-85273205	S3-153318325,S3-311242390,S2-850852686,S2-4991843,S2-83530085,S3-153157645,S2-792756018,S3-124956432,S2-572995994,S2-748842538,S3-721094736,S2-852381690
S1-15852302	S3-389892168,S2-988068002,S2-764906938,S3-721389413,S2-837932227,S3-976669235,S2-102229180,S2-823612923,S2-534671628,S2-265180770,S2-967082339,S3-820002543
S1-980067210	S2-815799837,S3-434395055,S3-94635174,S3-272175788,S3-174367878,S2-201577559,S3-458017519,S2-591129221,S2-440362579,S3-573525427,S2-296889455,S2-5526122
S1-459770911	S2-553280214,S3-255736132,S3-501132536,S2-59617322,S2-55384590,S2-421095557,S2-834215643,S2-568723860,S2-794684557,S3-876156139,S3-948139745,S2-472933340
S1-589085277	S2-771278331,S3-394006532,S3-552060451,S3-969902956,S3-91610883,S2-83533310,S3-775358184,S3-372174603,S2-19264942,S2-59831488,S3-476171058,S2-549959009
S1-369559734	S3-27943567,S2-38499732,S2-929929566,S2-306714869,S2-357605063,S2-787744088,S2-710051708,S3-99003847,S3-232227514,S2-722235427,S2-558967666,S3-936022099
S1-959668754	S3-16210732,S3-329466036,S3-645042539,S3-749150040,S3-247067846,S2-523929512,S2-995369155,S3-232892948,S2-666871975,S3-206350697,S3-13189344,S2-826682908
S1-297519633	S3-829298571,S3-900681912,S3-304680599,S3-373549288,S3-8266689,S2-319072752,S3-942572723,S3-812693044,S3-507449221,S2-410442536,S2-210383620,S3-785062932
S1-945471119	S3-575891313,S2-720589849,S3-974235237,S3-276336446,S2-824788862,S3-355671898,S2-72649024,S2-398238996,S3-282534709,S2-881304279,S2-680980362,S3-762954566
S1-674636458	S3-840366986,S2-520429067,S2-238028155,S3-96179582,S3-243356294,S3-776627115,S3-158888297,S3-395405879,S3-75629681,S3-799985029,S3-568424228,S3-458975701
S1-308787410	S2-355588887,S3-207064352,S3-47288293,S3-717726215,S3-985414587,S2-948542870,S3-507673499,S3-559685500,S2-479626444,S2-63096433,S3-491809693,S3-446831870
S1-725923519	S2-420450699,S3-483401170,S2-114478494,S2-348659590,S2-684280869,S3-431573540,S3-762806672,S2-576521298,S3-555124439,S2-342672005,S2-338707293,S3-872632616
S1-94804110	S3-55952484,S3-531089195,S3-641250965,S2-443487219,S3-930212165,S2-363012541,S2-398891454,S3-430926545,S2-35116818,S2-755260601,S3-323013157,S3-734881744
S1-354308498	S2-36497696,S3-481851582,S2-183230417,S3-52444109,S2-151582656,S3-195080243,S3-132989876,S3-354865463,S2-405081337,S2-42320661,S3-728441021,S3-169500330
S1-48955044	S3-251322528,S3-626316074,S3-157854606,S3-242963634,S3-529830584,S3-98244980,S3-850880746,S3-24755880,S3-365214004,S3-118098642,S3-416014571,S3-778612795
S1-304054101	S3-507314728,S2-8246703,S3-676004364,S3-927400576,S3-459480196,S3-318408002,S3-245510878,S3-94526282,S2-342087924,S2-65266457,S3-674611396,S2-701715668
S1-956424013	S2-459912102,S3-438541524,S2-982101478,S3-707606309,S2-83024814,S3-28256987,S2-958426405,S3-454030304,S3-11061250,S2-966869247,S3-992650360,S3-627319353
S1-538966831	S2-829546323,S3-981443019,S3-625288988,S3-559541954,S3-256288125,S2-550102131,S2-752885381,S2-387697945,S3-156457469,S3-789313478,S3-975654237,S2-13859139
S1-715863700	S2-562699275,S3-390014110,S3-955864733,S2-510577316,S2-590249061,S3-981293140,S3-920244322,S2-172271470,S2-928530883,S3-744868335,S2-916863249,S3-789058786
S1-323383597	S3-457693634,S2-667425381,S3-205968400,S2-872934274,S3-600117318,S2-834649624,S2-906619397,S2-71228919,S3-590250053,S2-492836418,S3-253361879,S3-192385080
S1-952993083	S3-875360830,S2-828106212,S3-400560373,S3-243282823,S3-268229014,S2-669812076,S3-961474098,S3-65847084,S3-596949252,S2-743406931,S3-947692093,S3-707469529
S1-491224156	S2-658383882,S2-164326898,S3-269414782,S2-535266156,S3-657645013,S2-875637392,S2-636372596,S2-696112056,S3-778853637,S3-687660627,S2-73509540,S2-624303852
S1-548144166	S3-810183168,S3-446308773,S3-50392536,S3-372312648,S3-895231549,S3-468062881,S3-827506848,S3-416922977,S3-10406885,S3-707522027,S2-526738714,S2-799462921
S1-201891380	S2-519330296,S2-605581805,S2-792056794,S3-517372819,S2-360547493,S3-240530611,S2-587084700,S2-608703909,S2-521485245,S2-29910540,S2-216202286,S3-569278581
S1-190962875	S3-85472993,S3-847542350,S2-777790291,S2-393775388,S2-697359465,S3-131850935,S2-611588508,S3-174572075,S3-450418230,S2-308451998,S3-454008707,S3-489318263
S1-448245205	S3-213821652,S3-812428959,S2-16025051,S3-232359543,S2-52647087,S2-906791259,S2-34698501,S3-332952348,S2-622680864,S3-2326452,S3-723304569,S3-289455416
S1-530518718	S2-108575674,S2-530107363,S3-437156612,S3-375282434,S2-344827511,S2-471349958,S3-878006067,S3-582308423,S3-527928129,S2-344320962,S3-332619095,S2-764836606
S1-64968458	S2-743151620,S3-715743561,S2-787058321,S3-657807294,S3-180640578,S2-975751805,S2-784907696,S3-807437831,S2-126646190,S2-754851887,S2-222200277,S3-454590165
S1-331214583	S2-909764944,S2-270467225,S3-433691386,S3-109236837,S3-340127671,S2-688180718,S3-558552978,S3-584963947,S2-747892592,S2-4449431,S2-920343482,S3-328381898
S1-993919950	S2-441390999,S3-782299928,S3-629443774,S2-897868908,S3-221760469,S3-868110910,S3-979435090,S3-842215583,S3-977285328,S3-202778063,S3-313821476,S3-221223999
S1-712162611	S2-175419502,S2-253117396,S2-777041604,S2-697794276,S2-425635274,S2-363507508,S3-68592833,S3-196929996,S3-37287685,S3-114889050,S3-525686759,S3-221600863
S1-311988754	S3-284749891,S2-652848431,S3-210788880,S3-684674112,S3-706399945,S2-853090958,S3-289188212,S3-497902468,S3-595941091,S3-183316918,S3-366861346,S2-915403094
S1-645882785	S2-755255359,S3-895168371,S2-611595939,S3-289171756,S2-447639814,S2-249203604,S3-538069118,S2-302473393,S2-782573910,S2-673615828,S3-746085680,S2-541229154
S1-677395608	S2-701491264,S3-758020719,S3-347652719,S3-833901520,S3-453512485,S2-643975446,S3-166112451,S3-922535641,S2-720207083,S2-143045751,S2-511860773,S2-613643620
S1-597947436	S2-486916218,S3-313240,S3-936413495,S2-614957416,S2-557887680,S3-736172368,S3-975463122,S2-258334004,S3-53058379,S3-851798852,S3-575530656,S3-425449370
S1-198508998	S3-875796892,S2-98226719,S3-234517168,S3-609963115,S2-894537818,S3-171848994,S2-999479211,S3-39936743,S2-795682230,S3-137178414,S3-744619079,S3-163081500
S1-104018382	S2-157875616,S3-994747538,S2-775070809,S3-97946480,S2-295224019,S3-338839054,S3-959669182,S2-634541468,S3-736283179,S2-167780796,S3-364993761,S3-886251919
S1-904910999	S3-934233494,S2-76455820,S3-240509283,S2-341732506,S3-273088524,S2-620805562,S2-880615467,S3-159481633,S3-573147281,S2-481693206,S2-747931292,S3-598027375
S1-535238146	S3-36092592,S2-362179701,S2-241172145,S3-102344550,S2-504963229,S3-416922977,S3-10406885,S3-323798346,S2-786621903,S3-626603475,S3-358944540,S3-569451641
S1-48107285	S3-8934134,S2-997891720,S3-989088901,S2-799640036,S3-118449398,S3-880101391,S3-142796138,S3-899031245,S3-566741146,S3-175696166,S3-440000472,S3-873883560
S1-796465769	S2-419829359,S2-568933230,S2-259892632,S3-496896985,S3-809319404,S3-697231622,S2-82292366,S3-600511923,S2-67781454,S3-210032993,S3-641985929,S2-659950399
S1-688059189	S3-678088646,S3-616070215,S2-206664615,S3-179370126,S3-28066893,S2-823003004,S2-758618863,S2-850996600,S3-216345629,S3-390697899,S3-340907966,S3-847629727
S1-980439258	S2-396210545,S3-511685538,S2-214643953,S2-262895005,S3-45050744,S3-834639820,S3-203023459,S2-734522365,S3-114096557,S3-777853341,S2-383202900,S2-353847424
S1-137020417	S2-764312540,S3-423428146,S3-499011465,S3-485853925,S3-729825582,S3-517513437,S3-161277587,S2-789123380,S2-854235969,S2-781684424,S3-58987076,S3-866773654
S1-152647574	S2-953180884,S3-873893699,S3-56392806,S3-368901563,S2-678978609,S3-672533086,S3-307822785,S2-329835862,S3-324270536,S2-485785699,S2-530072925,S3-541149790
S1-443118426	S3-603501927,S2-407662167,S3-684042187,S2-672750950,S2-172502864,S2-978416156,S2-613571774,S2-662772485,S2-329740838,S2-256998523,S3-436451021,S2-388672927
S1-942415226	S3-44378718,S3-431263219,S3-803693532,S3-595453110,S3-152708309,S2-683525411,S2-689430097,S2-304608837,S2-289342123,S2-906909433,S3-215124996,S2-657926200
S1-858491649	S3-353637214,S2-267944522,S3-149894272,S2-581282652,S2-923691806,S3-798420130,S2-575065818,S2-450298530,S3-543891388,S3-954346052,S3-207996451,S2-166779882
S1-46627229	S2-512939934,S3-659879005,S2-982820146,S2-361016712,S2-639651831,S2-41460899,S3-881042543,S2-930098626,S3-100520447,S3-851149049,S3-120159336,S3-765994584
S1-165629552	S2-901037377,S2-978537035,S3-592958803,S3-617709138,S2-213691080,S2-770940808,S3-489348562,S2-276594509,S3-631674117,S3-488049443,S3-181756394,S2-317315882
S1-45967042	S2-309846936,S3-709931565,S3-681703349,S2-938537598,S2-214542030,S3-848170489,S2-711301344,S2-375010548,S2-427208916,S3-269348265,S3-842553868,S3-835903862
S1-182346416	S3-519692315,S2-500600689,S3-979958777,S3-503378130,S2-532596679,S3-911750544,S2-464968021,S2-299902197,S3-764879330,S3-832688128,S3-185948296,S3-616704721
S1-35840716	S3-228349386,S3-744265764,S3-476275594,S2-611306639,S3-275373828,S3-414004737,S2-219348121,S3-546845407,S3-79784973,S3-840361568,S2-763148316,S2-10675864
S1-958163434	S3-247610057,S2-355289179,S3-966093626,S2-469793377,S2-418867891,S3-920646536,S3-326261225,S3-84432580,S2-37112359,S3-58599617,S3-919744161,S2-701547013
S1-194326437	S2-105758141,S2-55530120,S3-734940365,S3-422843595,S2-206709722,S3-579936947,S3-71318988,S3-625690433,S3-180470561,S3-58987076,S2-296610469,S3-47937465
S1-423845290	S3-712069037,S3-368946558,S3-894413296,S2-520363801,S3-466995779,S3-201137737,S2-703702291,S3-480272634,S2-718948189,S3-309814346,S3-938860105,S2-128719745
S1-945090067	S2-80399620,S3-791081231,S2-192647533,S3-511544292,S3-185318933,S3-239180489,S3-391244250,S2-694653109,S2-42359643,S3-98628768,S3-880050172,S3-276940519
S1-178128681	S3-124623811,S3-93333244,S2-454069028,S3-193967156,S3-605343969,S3-994606698,S3-339602806,S3-831290428,S2-899436973,S3-68979783,S3-175636388,S3-504078422
S1-801951719	S3-450061650,S2-77339644,S2-225415003,S2-14809803,S3-477005098,S2-43800878,S2-648787511,S2-41213273,S3-682816524,S3-694886240,S3-378556703,S3-760605995
S1-524970348	S3-169123926,S2-796809346,S2-561638474,S2-828084675,S3-812074379,S2-190669693,S3-479176502,S2-996947228,S2-844099204,S2-820425703,S3-167618519,S3-900635540
S1-80130975	S2-623955574,S3-987535308,S2-881566667,S3-569342257,S3-345743663,S2-698369409,S3-879556224,S3-374207567,S2-427915521,S3-812076976,S3-427661529,S2-166951672
S1-287842933	S3-496470219,S3-646642705,S3-128881293,S2-661348564,S2-164022123,S2-763121837,S3-581013063,S2-231306564,S2-927422151,S3-794410501,S3-935348708,S3-575364083
S1-240412171	S2-109472270,S3-614716946,S3-80859704,S3-348214410,S2-310718958,S3-568470277,S3-727552604,S3-238402685,S3-360430266,S3-579936947,S2-534014137,S2-131303156
S1-541488579	S3-561786522,S2-589134350,S3-603038894,S3-347165145,S2-1830672,S2-847123158,S2-251139435,S3-710743280,S2-959566384,S3-499994509,S3-771879503,S3-32030477
S1-659521570	S3-469560530,S2-114487594,S3-533672515,S2-86630417,S2-289281057,S3-358094519,S3-14860325,S2-245120464,S3-292565345,S3-991705939,S2-65606435,S2-353179736
S1-108748346	S2-200322514,S2-422825159,S3-195344526,S2-819559851,S3-31727791,S3-66505848,S2-374150036,S3-142941865,S3-261313960,S2-259351427,S2-262307549,S2-499028043
S1-187257897	S2-469601233,S2-537399024,S2-128519062,S2-308315531,S3-267082439,S2-525351617,S2-976027055,S3-665038394,S3-780328504,S3-935315944,S3-811411371,S3-585451018
S1-43713895	S3-791420598,S2-409564380,S2-644356689,S2-596795820,S3-979086196,S2-161302748,S3-481526001,S3-847607892,S2-256937559,S2-667385587,S3-156509054,S3-728043427
S1-327882971	S2-386454784,S2-799269274,S2-149316835,S2-771372323,S3-372199374,S3-122130036,S3-192750890,S3-212746282,S3-263926907,S2-457963158,S2-109982684,S3-346147170
S1-200011108	S3-39370473,S3-45593387,S2-161380268,S2-709978034,S2-580584375,S3-57891275,S2-138872861,S2-326630446,S2-697980076,S3-668867729,S2-82157140,S3-765480421
S1-416369235	S2-126672435,S2-938994680,S3-8666275,S3-309213028,S2-833608329,S3-797953689,S3-999835608,S2-866949504,S3-481164689,S3-320900473,S2-968220111,S3-740246391
S1-7081914	S2-494671029,S2-745905230,S2-644856478,S2-848006531,S3-861131854,S3-835614249,S2-986076557,S3-72977057,S2-74362097,S2-857192811,S2-428865902,S3-84913273
S1-217604964	S3-660931704,S2-366795991,S2-727298828,S2-9762433,S3-306060207,S2-230934115,S3-45656654,S3-338899549,S2-771520288,S3-868556560,S2-689344845,S3-621807494
S1-615753687	S3-69589125,S2-315184173,S2-815932614,S2-136602278,S3-807220296,S2-997768113,S2-319049553,S3-595496098,S3-644456145,S2-542992605,S3-620450980,S2-318316790
S1-476349113	S3-234172934,S2-827190198,S2-234763985,S3-931399708,S3-993087461,S2-831407654,S3-508271642,S2-497338288,S3-185104840,S3-741408807,S2-444212695,S2-490410637
S1-907801408	S3-94001739,S3-788433090,S2-612151720,S3-147413264,S2-683649850,S2-607110156,S3-874411854,S3-903321762,S3-156199724,S3-115385778,S2-357305195,S2-819888362
S1-414251494	S3-220214225,S2-778254652,S3-135978569,S2-158149244,S2-272368479,S3-366160485,S2-689314585,S2-282845509,S2-608708266,S3-158338258,S3-79156623,S3-886193482
S1-17893377	S3-552549491,S2-207927455,S2-805586225,S2-287918536,S2-966757974,S3-717729762,S2-546182174,S3-750694923,S3-388579051,S3-308874299,S2-905975675,S3-544358569
S1-915942093	S3-974189131,S3-196674286,S2-954827347,S2-987463845,S2-58554630,S3-895298189,S2-848462705,S2-686480699,S3-543993606,S2-179757430,S3-733224849,S2-809091312
S1-808517919	S3-733342205,S2-836019671,S2-314918681,S3-788630553,S2-58980594,S3-310970796,S3-791858011,S3-820674583,S3-86477921,S2-377495445,S3-185621628,S3-902539005
S1-59016588	S3-248460316,S2-56245773,S3-316522058,S2-328288346,S3-509829749,S3-979428446,S3-342579091,S2-793570784,S3-928087767,S2-366972156,S2-253519886,S2-348612260
S1-314011237	S2-250114813,S3-992827611,S3-957882344,S3-854977389,S3-579936947,S3-120416445,S3-58987076,S3-858148227,S3-325525837,S2-862802976,S3-214872093,S3-55587206
S1-139892781	S3-378486365,S2-171033406,S2-50589474,S2-724932069,S2-634142952,S3-50725656,S2-448974559,S2-158735080,S2-222465917,S3-348365007,S3-378076528,S3-845221212
S1-948724592	S3-751954379,S2-243231149,S2-116999172,S3-65441105,S3-326965683,S3-295631688,S2-23105178,S2-404424737,S3-632972769,S3-952513852,S3-477454544,S3-402975979
S1-980685436	S2-566329564,S3-201830906,S3-967587643,S3-973100477,S2-439787959,S2-439948405,S2-932867668,S3-435033609,S3-286578658,S2-950341519,S3-215042981,S3-393737002
S1-887651401	S3-860408466,S3-14908331,S3-761895975,S3-113270881,S2-856147614,S2-74384625,S3-562049879,S3-176608424,S3-467312341,S3-645430392,S3-480534145,S3-268175784
S1-230020718	S3-135842067,S2-570487133,S2-152092208,S2-669769,S3-772582680,S2-12146569,S3-759215452,S2-888413618,S3-17403645,S2-49496362,S3-853568708,S3-78123305
S1-214787294	S2-636362238,S2-60546793,S2-838494480,S2-510011426,S2-947255630,S2-264734723,S3-549776583,S3-371095459,S3-691225461,S2-556768644,S3-835918340,S2-899436973
S1-250034428	S2-763517375,S2-159413344,S2-647544884,S3-919058424,S2-830786751,S3-8326013,S3-992983768,S3-448683422,S2-770358938,S3-287971626,S3-683351981,S3-810335748
S1-371717039	S2-759341327,S2-116865921,S3-182198918,S3-420118678,S3-239173760,S3-532847365,S3-652197205,S3-558803167,S3-199900422,S2-431125861,S3-935276182,S3-123391576
S1-350865146	S2-157358302,S2-611992527,S3-613254937,S2-87825821,S2-458036579,S2-40989312,S3-944097225,S3-656555333,S3-226413684,S2-465951798,S3-176517458,S3-611388615
S1-395172031	S2-30203307,S3-273938471,S2-306448378,S3-82995923,S2-626518050,S3-344694737,S3-182171218,S3-421102547,S2-823500871,S3-985577255,S2-891019689,S2-750162632
S1-295095426	S3-99823559,S3-87983753,S2-787356094,S2-462393341,S2-912678528,S3-151919195,S3-626582924,S2-549520398,S3-682435526,S2-105555200,S2-405786305,S3-844062182
S1-141908015	S2-516066076,S2-307086879,S2-927394478,S3-615132172,S2-292791060,S3-415131066,S3-980300349,S3-171350183,S2-186196730,S3-484900862,S2-202809833,S2-722070923
S1-706264077	S3-942579362,S2-923321387,S2-575841964,S2-926153836,S2-670257129,S2-999326820,S2-708761062,S3-761013571,S2-355130924,S3-20529145,S3-466384920,S2-549045267
S1-529286728	S3-525768529,S3-924133732,S2-314013904,S2-602606854,S2-155815979,S3-373798988,S2-236452401,S2-772964351,S3-54114107,S3-25863023,S2-254071829,S3-729123833
S1-38518213	S2-915458201,S2-804606009,S3-533428773,S3-667399581,S2-893825665,S2-910374862,S3-130445374,S3-168721687,S3-188772147,S3-839196835,S2-202294529,S2-244750966
S1-424898248	S2-970833631,S2-215081768,S2-589926137,S2-965697907,S3-94385801,S3-449862793,S2-888317950,S2-844419773,S2-214398107,S3-276158142,S2-512160771,S3-258949788
S1-559685942	S2-15545625,S2-401325553,S2-901396835,S3-609153975,S3-647212519,S3-547375715,S3-58189099,S2-46660201,S2-623379004,S3-640589380,S2-425553573,S2-976581244
S1-738622708	S2-387066235,S2-480954784,S2-271959080,S2-538233228,S2-319620073,S2-361428060,S3-624900074,S2-600139068,S3-822439414,S3-579827095,S2-920193585,S2-278044740
S1-166549416	S3-635388410,S3-118135947,S2-702099146,S3-683339952,S3-808939450,S2-420693401,S2-440639336,S3-540074602,S3-441647477,S3-12880883,S3-237819278,S3-978753640
S1-956720825	S2-939465498,S3-199527003,S3-596153397,S2-815957076,S2-629590533,S3-340820881,S3-435515695,S2-803745872,S3-258967767,S2-209509658,S3-308023831,S2-317377514
S1-521062920	S2-465208777,S3-569473934,S2-888153949,S3-997091863,S2-323578180,S2-159862955,S2-536258511,S3-54389977,S3-587404453,S3-966456040,S3-21783791,S3-177636229
S1-953424991	S3-873528517,S3-177884662,S3-558677652,S3-459747238,S3-142904196,S2-615230376,S2-798233509,S2-550201839,S2-998222784,S3-278983429,S2-642707402,S2-309889779
S1-486665202	S2-271273713,S3-462638574,S2-155817746,S3-830000251,S2-318672437,S3-651691659,S2-921175234,S3-326103429,S3-444480239,S2-233184935,S2-653148302,S3-218505837
S1-132181469	S3-53752036,S3-385118222,S3-243561664,S2-817394813,S2-635851803,S3-734992550,S3-10392221,S3-255006661,S2-638604344,S3-253865580,S3-916018452,S3-892549427
S1-995597563	S2-437928364,S3-67912894,S3-273152350,S2-58514256,S3-682759072,S2-318105989,S3-982879967,S3-723759456,S3-881095022,S3-806646929,S3-659608616,S3-307900605
S1-114142162	S3-289638771,S3-658167103,S2-718278715,S2-384822557,S3-79813197,S3-481681610,S2-660128450,S2-707254747,S3-46554215,S2-404239952,S2-535587670,S3-743321127
S1-208219972	S3-74967087,S2-20339476,S2-71144664,S2-742819551,S2-304667953,S3-571627634,S2-803607361,S3-900480132,S3-573199059,S2-373587723,S3-704713786,S3-913558685
S1-645750550	S2-617940660,S2-572067540,S2-129932061,S2-549717647,S3-298995175,S3-893131346,S3-163333116,S3-671625188,S2-238668136,S3-333236845,S2-283509132,S3-648488603
S1-304797764	S2-558768121,S3-857311607,S3-348569640,S2-967940363,S2-999232355,S3-8319406,S2-581981090,S3-827565329,S3-488217882,S3-867102175,S2-779846538,S3-862024903
S1-71465117	S2-618676656,S3-104193961,S3-544466717,S3-398303053,S2-371261564,S3-646762430,S3-68907765,S2-140676520,S3-988067628,S2-589699792,S2-856988442,S2-792818978
S1-702226066	S3-41741529,S3-453117730,S2-821295746,S3-474069204,S3-390762960,S3-670988775,S3-833464173,S2-722315115,S3-376101448,S2-915794077,S3-751963946,S2-554886302
S1-872020446	S3-699041962,S2-165290182,S3-413031736,S2-132443911,S3-219529323,S3-600946824,S2-917684309,S3-267855358,S3-570443277,S3-620777983,S3-794436090,S3-736307469
S1-109466593	S3-517289409,S2-399029739,S2-326743033,S3-10238636,S2-431987200,S2-782165833,S3-861773060,S3-761498567,S3-785549133,S2-258128208,S3-472178611,S2-507771484
S1-435333645	S3-609502396,S2-466087051,S2-502353489,S3-708941935,S2-46034461,S3-263024568,S3-540143489,S3-48601761,S2-174652895,S3-708058434,S2-107944357,S2-347291860
S1-348281716	S3-58365464,S3-377935766,S2-306980029,S2-240007924,S2-995845512,S3-933215192,S2-956411303,S3-858776074,S3-828162881,S3-274223093,S3-502238585,S3-629971699
S1-554670559	S3-730959131,S3-549307498,S3-613434512,S2-456953513,S3-404118628,S2-613275860,S3-124891627,S2-442775354,S3-738826835,S2-731081447,S3-955241243,S2-364546644
S1-909834980	S3-454767751,S3-153712956,S2-991689309,S3-457402951,S3-828972257,S2-151407228,S3-873413868,S3-202778063,S3-242145823,S3-629443774,S3-595792037,S3-589403189
S1-630109736	S3-468675045,S3-493464472,S2-386638856,S3-398934354,S3-302350215,S3-578849143,S3-632640210,S3-284634746,S3-236634876,S3-459199935,S2-90904546,S3-936976877
S1-886474480	S3-36754350,S3-423966922,S2-621246607,S3-672033918,S3-662700876,S2-369276624,S2-185655055,S2-351514873,S3-687600286,S2-104177735,S3-886072638,S2-816849538
S1-644418149	S2-569240821,S3-913907967,S2-943944203,S3-297990148,S3-213964073,S2-45367908,S3-393415795,S3-396691084,S2-265318035,S3-376867140,S3-977008140,S3-563528710
S1-812743534	S3-458665495,S3-262834013,S3-706340194,S3-348101770,S3-104046802,S3-454802767,S3-738782686,S3-84248668,S2-696014490,S2-10745279,S2-471682403,S2-351604396
S1-51554112	S2-659443834,S3-706174433,S3-467318278,S3-539063710,S2-901661900,S2-595453056,S2-313446090,S2-413621567,S3-891742805,S2-666928420,S3-71613631,S2-364562493
S1-187107764	S3-124241710,S2-769914509,S3-642478945,S2-889027719,S2-877446077,S3-525673849,S3-699668507,S2-508684781,S3-658125801,S3-534087564,S2-583062934,S3-938554260
S1-14312839	S3-913256550,S2-4571017,S3-609242085,S3-423538833,S2-337433561,S3-779168317,S3-233893547,S2-97778929,S2-346192518,S2-549551268,S3-147219767,S3-447993902
S1-401915675	S3-619367217,S3-704040222,S3-198893857,S2-995663200,S3-717499373,S2-386012887,S3-755933785,S3-776026726,S2-10268505,S2-318503284,S3-409975466,S2-559528457
S1-672596072	S3-231164696,S2-949212711,S3-541192578,S3-467411405,S3-545523522,S2-959085336,S3-325843239,S3-930870161,S3-693686795,S3-593514078,S3-3031518,S2-716970242
S1-991621011	S2-404741169,S2-349499405,S2-86060547,S3-122267871,S2-945989478,S2-794871777,S3-535556717,S3-227091856,S3-887781411,S3-896386546,S3-706070562,S2-690213714
S1-29987531	S3-334599034,S3-126427483,S3-2910598,S2-885397772,S3-596602414,S3-500323398,S3-168760942,S2-317406650,S3-223846497,S2-43686944,S3-241944214,S3-63531245
S1-62758444	S3-294915231,S2-393664439,S2-418505393,S2-235177256,S3-342820126,S3-915004113,S2-127296850,S2-470200570,S3-986485522,S2-641978427,S3-292726586,S2-345051518
S1-299611485	S3-941163363,S2-896971196,S2-908772635,S3-746058469,S2-460972326,S3-4679122,S2-870281128,S2-944848971,S3-462615811,S2-530268471,S2-834448707,S2-889974073
S1-853769062	S3-95558250,S3-528410393,S3-809922738,S2-463361914,S2-799895321,S3-959016170,S2-343258868,S2-199409812,S2-906758381,S2-959666096,S2-823063494,S3-168400451
S1-936337489	S2-860755481,S3-419948674,S3-318704200,S3-972060290,S2-472712844,S3-370876316,S3-201459360,S2-192424845,S2-619902115,S3-944806033,S3-939654070,S3-611591454
S1-948569446	S3-528895448,S2-958378929,S2-719636892,S2-266204796,S3-657885543,S2-169574461,S2-307409694,S3-677356276,S3-659232860,S2-809695883,S2-80138729,S3-786118502
S1-487830197	S2-654121466,S3-926417470,S2-954289080,S2-574486014,S3-399079030,S2-344863945,S3-200598101,S2-186464436,S2-136785575,S3-708322347,S2-351388246,S3-800002085
S1-549801434	S3-35245063,S3-59981284,S3-605566768,S3-266516491,S2-116481129,S3-235069526,S2-120760713,S3-882468105,S3-624234452,S3-932927437,S3-363628863,S3-775883999
S1-686301562	S3-103353349,S2-554171228,S3-677155117,S3-518287361,S3-69122372,S2-466113840,S3-798011659,S2-966080614,S3-274269512,S3-129271090,S2-131070595,S3-965994026
S1-739317009	S3-667289493,S3-900989841,S3-86325601,S2-194302846,S2-771477587,S2-244840227,S3-298121928,S3-236444244,S3-823910695,S3-35272989,S3-479569840,S3-140597700
S1-347113403	S3-678776186,S2-808105044,S2-570378285,S2-360140117,S2-153335868,S2-666097090,S2-105283527,S2-645328227,S2-938275082,S2-229398508,S3-8940837,S3-729711382
S1-509864961	S3-531344642,S2-603516002,S2-398891707,S3-800424653,S3-839555566,S3-845990462,S2-646764727,S2-979530612,S2-230046869,S2-655518985,S2-934693385,S3-809521903
S1-929341245	S2-25960505,S3-941343596,S3-223248532,S2-919436848,S3-54985035,S2-379535393,S3-630609730,S3-505591031,S2-216085287,S3-414601091,S3-745717999,S3-624676520
S1-681258832	S2-244213189,S3-445020096,S2-969852918,S3-597335496,S3-207780500,S2-408955574,S2-164257616,S2-707304529,S3-990769954,S3-956771071,S3-853390246,S2-302496269
S1-768291656	S3-111487507,S2-48218337,S2-202636265,S2-472454913,S3-471101026,S3-526483243,S3-546785367,S3-758881743,S3-357179209,S3-486012496,S2-315104437,S2-873159307
S1-554704294	S3-815798604,S2-941807208,S3-365052181,S2-316644351,S3-228833175,S2-808560830,S3-527449906,S3-543892127,S2-345933957,S3-470693066,S3-410869817,S2-215005422
S1-347180055	S2-920969474,S2-353732521,S2-596066785,S2-853550903,S3-392230265,S3-411689736,S3-432754767,S3-319331532,S3-696469928,S2-901066122,S2-313069143,S2-575263719
S1-710586580	S2-743619464,S3-935558617,S3-616300567,S3-166398838,S2-639294605,S3-197408824,S3-256264823,S3-713744653,S3-444291719,S3-481076883,S2-849398836,S3-796334892
S1-378020468	S2-892285489,S2-912619470,S2-572674225,S2-255111004,S2-925347162,S2-633510309,S2-167465860,S2-252379980,S2-615849557,S2-891815600,S2-946032551,S3-165874727
S1-829687056	S3-279987167,S3-65343743,S3-180545722,S2-147993369,S2-411546741,S2-518292980,S2-271641585,S3-723080485,S2-306840688,S3-199574771,S3-473717341,S2-812331815
S1-739784022	S2-229995886,S3-752130281,S3-638082025,S2-144197338,S2-480782288,S3-250257167,S3-774976107,S3-838256412,S2-553345167,S3-20265435,S2-629286485,S3-481840832
S1-419404797	S3-582648509,S3-457418871,S3-808192486,S2-546087800,S2-191859983,S2-808073029,S3-582310539,S2-38130826,S2-394271291,S2-178137084,S3-604490852,S3-5985416
S1-701125498	S2-392852159,S3-28459965,S3-853928195,S2-593606068,S2-226329004,S2-994317934,S3-909375745,S3-788665212,S2-994664244,S3-657500936,S2-803892046,S2-759345503
S1-176084954	S2-14110403,S3-229868709,S2-176401135,S2-662853675,S3-668967098,S3-689428815,S3-323748546,S3-613220409,S3-35427216,S3-401128667,S3-135140690,S3-416766710
S1-497131938	S3-636354456,S3-276489976,S3-694546782,S3-256940644,S3-29520,S3-766797944,S3-794436090,S3-722988930,S2-182297329,S3-790386208,S3-547121297,S3-247254380
S1-940086978	S2-793620243,S2-748677131,S2-532876321,S3-496909350,S2-67689447,S3-821791078,S3-125300494,S2-849740284,S2-851116463,S3-49719403,S3-392324673,S2-695895198
S1-936080861	S3-609614987,S2-90544632,S2-133120913,S2-466695846,S2-730426974,S3-357674271,S2-123390987,S3-574618197,S3-946469899,S3-589747326,S2-310147476,S2-7645210
S1-157637032	S2-264463149,S2-588726710,S3-457830585,S3-17244021,S3-562321277,S2-360591659,S2-556932576,S3-504836745,S3-382904277,S3-669892850,S3-929372588,S3-988675121
S1-164343286	S3-422492707,S3-897930065,S3-687084653,S2-555251466,S3-403927591,S3-44294102,S3-321243116,S2-612566072,S2-760493448,S3-845257179,S3-806447615,S3-239368188
S1-732685298	S3-267000435,S2-525769609,S3-694789390,S2-253765531,S2-543958417,S2-237522117,S2-388318330,S3-977145323,S3-383752042,S3-578536023,S2-883459319,S3-857942793
S1-510808067	S2-319307144,S3-803180127,S2-479176128,S2-301429007,S2-132256137,S2-880358863,S3-989018827,S3-711315961,S2-741332436,S2-282826824,S2-749688682,S2-149959991
S1-794013585	S3-798457345,S2-100405324,S2-263633269,S3-992915107,S3-785465428,S2-267892136,S3-166344918,S2-186489115,S3-195115062,S3-378832067,S2-459504471,S2-726002332
S1-256516065	S2-222912793,S2-620678167,S3-363732993,S3-547994022,S3-488557437,S3-395405879,S3-158888297,S2-943000571,S3-88436460,S3-111303138,S3-110621528,S3-807435383
S1-966729233	S2-808382295,S3-318403092,S3-706652441,S2-669423799,S2-743771575,S3-485557071,S2-17635939,S3-871446735,S3-337564930,S3-350658492,S3-920465941,S3-90613768
S1-9947602	S2-456860302,S2-788868159,S3-98656985,S2-81703425,S2-553521623,S3-212166216,S3-192409391,S2-147017069,S3-89055256,S3-934207973,S3-18643861,S3-844365767
S1-795055024	S3-951634543,S3-467088028,S2-522989451,S3-494985122,S2-948148399,S2-37117223,S3-496710806,S2-857601326,S3-21569020,S2-688422672,S3-617046291,S3-694379377
S1-852481799	S2-572038602,S3-690443307,S3-22756208,S2-731486639,S2-823809193,S3-755133320,S2-634871229,S2-128811149,S2-174334427,S3-983608535,S3-924295767,S2-563456482
S1-148329502	S2-891471154,S2-507471687,S3-7646997,S2-229513326,S3-467075795,S2-281918662,S2-393284100,S2-974097028,S2-969410673,S3-66600140,S3-406281625,S3-179493791
S1-55314251	S2-679823660,S2-66979645,S2-841134373,S2-806506675,S2-245756196,S3-961335568,S3-242278993,S3-771612804,S3-579422079,S2-19491618,S3-715420929,S3-728575766
S1-789963513	S3-298840345,S3-831655969,S3-774452457,S2-722188333,S2-729038225,S2-204672575,S3-796123285,S2-972017648,S3-595745084,S2-973608306,S3-507422531,S2-627420944
S1-369425213	S2-765357069,S2-860425231,S2-209850463,S3-568995681,S3-848815040,S2-196071162,S2-83992599,S3-933120164,S2-436006290,S3-726803605,S3-124888810,S3-696460666
S1-993991136	S2-618800675,S3-688306415,S3-737095002,S3-845251937,S3-527030595,S2-957498519,S3-542826132,S3-286573880,S3-606343934,S3-634822988,S2-475206336,S3-297403891
S1-781558	S3-20298793,S2-663431664,S2-312055552,S2-929649638,S2-5698837,S2-686190595,S3-216989163,S2-70512209,S3-114972592,S3-734052360,S2-604823614,S3-97631436
S1-116190670	S2-314200006,S2-182328907,S3-733374211,S2-107460883,S3-650368883,S3-193572728,S2-871858296,S2-400423706,S3-885282365,S3-30747413,S2-680609278,S2-902316703
S1-6050437	S2-505028118,S3-479202908,S3-394708086,S2-175935227,S3-344465295,S2-912452802,S2-15574385,S2-581064969,S2-566168505,S3-982908574,S3-261166467,S3-240700912
S1-619899141	S3-964331351,S3-62051993,S2-432852230,S2-345914289,S3-434113293,S2-652916833,S2-951162536,S2-813832734,S3-421185091,S3-555671613,S3-289084940,S3-415718823
S1-326439717	S2-985809769,S2-821820211,S3-850014913,S2-585436916,S2-942227551,S3-385318722,S2-313891073,S2-692712904,S3-536867922,S3-124031437,S2-562017920,S2-580834333
S1-979431455	S3-161091159,S3-92262857,S3-937381249,S2-507645030,S2-197235782,S3-206123296,S3-862272828,S2-409491915,S3-676015226,S2-479224691,S2-120215371,S3-390998080
S1-872798424	S3-909502462,S3-831154007,S3-875166282,S3-561919391,S3-943535740,S2-412646507,S2-248012897,S2-241451148,S2-816290245,S2-19643723,S2-249972065,S3-569536361
S1-650118705	S3-609291085,S3-45775702,S2-917958228,S2-794837664,S3-299773005,S2-252135854,S2-541669220,S3-243991007,S3-198680281,S2-987075028,S3-783889190,S2-257416208
S1-296384337	S3-472956120,S2-930706263,S3-243518586,S2-544237207,S3-898070456,S3-770246736,S3-379707630,S2-300570969,S3-923737047,S3-819627850,S2-839777397,S3-129237343
S1-910259031	S3-633339924,S3-309449681,S3-435923441,S3-179965002,S3-684050837,S2-537589473,S2-995311387,S3-477553130,S2-912714662,S2-465929505,S2-409621712,S3-507488067
S1-296967509	S2-684947614,S3-94262036,S3-667362084,S2-422410235,S2-484649124,S2-191989498,S2-479567905,S3-427615444,S2-179265220,S2-517838683,S2-124287905,S3-736733374
S1-999622077	S3-815200349,S3-838773454,S3-804230579,S3-964104123,S2-166693225,S2-976261535,S2-258004686,S2-253275108,S2-539547364,S3-141642369,S3-169221456,S2-618170366
S1-995959368	S3-746651302,S3-36266512,S3-41854000,S2-274901779,S3-69526825,S3-639318673,S3-691186910,S2-949704678,S2-63193135,S2-558041511,S3-561163529,S2-185659670
S1-756604662	S3-437487778,S2-662088491,S2-810791207,S2-988611241,S3-271984341,S2-633581356,S3-668633604,S3-130812926,S3-112048220,S3-36720014,S3-440101076,S3-641073759
S1-26122505	S2-36401138,S2-58709589,S2-281690446,S3-794326974,S2-923731639,S2-964489695,S2-205448765,S3-83880126,S3-16200710,S3-587510636,S3-699479955,S3-949272303
S1-265780055	S2-937478409,S3-442381279,S2-564212058,S2-242211339,S2-872420309,S2-24946455,S3-475189435,S3-720823423,S3-669408412,S3-962936730,S3-59859852,S3-390345727
S1-602285937	S2-474233035,S3-294163010,S2-584183821,S2-878862653,S3-402380149,S2-409584834,S2-604253170,S3-374299283,S3-679769651,S3-873883560,S3-906836239,S3-427805906
S1-651717595	S2-693767813,S3-234983979,S2-622701948,S3-93147175,S3-474571919,S3-62832213,S2-72498265,S2-198832794,S3-703140370,S2-284987530,S3-74140761,S2-615301105
S1-599198316	S2-457125870,S2-901726889,S3-528530020,S2-980224542,S2-741071819,S3-177542634,S3-155607400,S3-552719337,S3-893186967,S3-462283732,S3-437992726,S3-957236815
S1-808617841	S2-404279093,S2-883762485,S3-305674657,S2-539302980,S2-487945664,S2-73654982,S2-264746227,S3-841374510,S3-618294044,S2-791253219,S3-974201212,S2-51564444
S1-329190677	S2-629645462,S2-351020239,S3-554838078,S3-989032753,S2-193704720,S2-209086005,S3-809384668,S2-304215396,S3-955225806,S3-34598709,S2-759717174,S2-19993048
S1-506712967	S3-283795886,S2-520257114,S3-659879099,S2-202155304,S3-498432043,S3-599133653,S2-936999165,S2-404925862,S3-883184480,S3-891831603,S2-297162315,S2-441485285
S1-973821441	S2-913529933,S2-375991876,S3-618065035,S2-542601636,S3-48884903,S3-879959241,S3-118523832,S3-612919606,S2-578773213,S3-780565998,S3-21524980,S2-835562878
S1-685961816	S2-630726155,S3-170978824,S3-178406449,S3-781387640,S3-754403649,S2-795872120,S3-337933932,S3-987591748,S2-419834252,S2-678799554,S3-150729261,S3-670779081
S1-489470181	S3-760112904,S3-383720151,S2-294637543,S3-893012310,S2-761192271,S3-909958736,S3-781242620,S3-252756799,S3-820600271,S3-380155927,S2-709603308,S2-810142818
S1-821332103	S2-750541081,S3-423424189,S3-108506095,S3-19448588,S3-528023886,S2-533638548,S2-156529337,S3-135985415,S3-343406056,S3-476697696,S3-550966514,S3-156544175
S1-918132945	S2-874287712,S3-753763924,S2-669524547,S2-524775822,S2-760676683,S2-559083666,S3-11682117,S2-539792915,S3-826681571,S3-257832328,S3-357734294,S3-779877810
S1-690568734	S2-141755392,S3-657708686,S3-448823397,S3-33330672,S3-207456371,S3-94765098,S3-795707506,S2-778936609,S2-433970873,S2-263470041,S3-213068729,S3-319059176
S1-630920103	S3-549125864,S3-336782745,S3-741021633,S2-949842921,S3-695135055,S3-95043205,S2-387470172,S2-541645166,S3-210138765,S2-87905441,S3-443207502,S2-204030557
S1-816716773	S2-79761809,S2-388048768,S2-60725202,S3-657553901,S3-873963530,S3-950407435,S2-505671419,S3-451465166,S2-509812684,S2-18927113,S2-417121570,S2-232952573
S1-68673311	S2-356398912,S3-716920686,S2-568151023,S3-512384922,S3-674615030,S2-728970122,S3-126222407,S3-723175913,S3-753499278,S2-254404158,S2-272821638,S3-470908704
S1-907629341	S2-865524747,S3-630087449,S3-910266117,S3-711820380,S2-385195722,S2-180583787,S3-82754646,S3-454531568,S3-954584838,S2-724222307,S2-255894451,S3-411560684
S1-963942442	S2-991118966,S2-519002250,S3-918019353,S3-102375481,S3-173449711,S3-193378593,S3-69122372,S3-518287361,S2-466113840,S3-586840216,S2-776993189,S2-409761911
S1-756422121	S3-870643528,S2-850605017,S3-646001450,S2-383281116,S2-437794686,S2-241387076,S3-132389368,S2-925990587,S3-671362324,S3-323618334,S3-35227436,S3-305488185
S1-812350438	S3-707289570,S2-458839381,S2-367952680,S2-443072322,S3-704362675,S2-796656687,S3-393801599,S2-754563084,S2-746966856,S3-965317580,S2-968500247,S2-814650174
S1-843912107	S2-126229702,S3-611637426,S3-650575203,S2-305026456,S3-297940080,S3-905553304,S3-302754612,S2-252791358,S3-797702479,S2-958973518,S2-586307882,S3-179301716
S1-794864653	S2-652650623,S2-575862691,S3-538702714,S2-32266909,S3-909435962,S2-777548788,S3-670127004,S3-625259802,S3-970247890,S3-887518574,S2-351976486,S3-442381279
S1-673296775	S2-74443194,S2-516860840,S3-89317298,S3-226411323,S2-348181544,S3-193002639,S3-222266690,S2-369297641,S2-347502453,S3-129036216,S3-341338642,S3-167852112
S1-335139501	S3-432222362,S3-164758797,S3-325515050,S2-60015481,S3-221572642,S2-250221946,S2-653252558,S2-560314786,S3-345511631,S2-65259590,S3-216599167,S3-596025513
S1-580619755	S3-382113609,S3-939557250,S2-127991249,S3-864800415,S3-38456671,S3-3954223,S2-481721340,S2-330378786,S3-618144044,S3-735143975,S3-472805955,S3-307148448
S1-616866436	S3-991702442,S2-850535601,S2-811402534,S3-95705404,S2-722605008,S2-602474725,S2-284177777,S3-825269609,S2-610950515,S3-898494359,S3-162194062,S2-725895481
S1-73980575	S2-163782735,S3-743538145,S2-628822284,S2-62770741,S3-909670674,S2-243379577,S3-407306290,S3-19315040,S3-92862891,S3-505759735,S3-314661514,S3-359641987
S1-804660285	S3-74594894,S3-500254898,S3-915521028,S3-232663559,S3-901020453,S2-193704720,S3-343808919,S3-23042961,S2-479220997,S2-215988661,S2-462165966,S3-282629505
S1-655156161	S2-351690643,S2-353579216,S3-62072323,S2-724221740,S3-933708101,S2-937767952,S2-428983587,S2-168052032,S3-404695523,S2-61303646,S3-248491592,S2-960058250
S1-499923230	S2-562336586,S3-587865682,S3-499221443,S3-151134650,S2-823465044,S3-721445362,S2-14677876,S3-454823500,S2-693767813,S3-234983979,S2-622701948,S2-350376156
S1-374139094	S2-509713806,S2-601652100,S3-311186006,S3-695294525,S2-321976907,S2-790851315,S3-946272768,S3-672012194,S3-97120983,S2-936460955,S3-346518749,S2-795991519
S1-147354265	S2-457176295,S2-105454093,S3-866078605,S3-267893566,S2-415799632,S2-759534895,S3-511196867,S2-170174397,S2-682688896,S3-745846429,S3-698525683,S3-513438567
S1-718935865	S3-33774454,S3-204896603,S2-592727623,S3-230234972,S3-721552197,S3-818830207,S2-956952534,S3-167176264,S3-605703477,S2-640665676,S3-2936579,S3-198027224
S1-851455205	S2-966863802,S2-638601276,S3-376452337,S3-301962611,S2-320865334,S2-176954990,S2-25803701,S3-569988317,S2-841790543,S3-501594584,S3-459021,S2-920372047
S1-896452405	S3-411348721,S2-698152738,S2-813297213,S3-150301850,S2-271084490,S2-423359833,S3-910085789,S3-657390682,S2-762921248,S2-664666530,S2-970942224,S2-269049876
S1-98745331	S2-229182016,S3-838656243,S3-705776481,S3-283576035,S2-675941212,S3-160697960,S2-488392359,S2-457421662,S3-235892726,S3-679769651,S3-329859995,S3-169416155
S1-173682490	S2-464608645,S3-552345131,S3-338390434,S3-226113232,S2-317628164,S3-720485616,S2-457678324,S2-4449431,S3-836914998,S2-130202809,S3-287041190,S3-117375008
S1-853972582	S3-710954598,S2-985398557,S3-185239365,S2-945995043,S2-156740519,S2-771455752,S3-4723059,S2-706501678,S2-97501844,S3-791069161,S2-786444549,S3-208017524
S1-168165393	S3-666975974,S2-580387574,S2-563718915,S2-110897924,S2-587991613,S3-455711535,S2-742617335,S2-701136617,S3-797180075,S3-782264034,S2-278366066,S2-665950641
S1-589056314	S3-787340021,S2-950752681,S3-143528769,S2-92316804,S3-286932085,S3-95286046,S2-664809111,S2-535946635,S2-625906614,S3-292805950,S2-526510949,S2-189006748
S1-175515723	S3-172821937,S2-138669754,S3-117555234,S2-542472352,S3-39469216,S2-705788674,S3-532923314,S3-533093643,S3-920335794,S2-468555651,S3-459886151,S2-111739721
S1-285841201	S2-462278459,S3-298854560,S2-414065927,S3-523695610,S2-714903549,S2-404407599,S3-394682068,S3-358264537,S3-669205579,S2-874866389,S2-595440568,S3-299871148
S1-372130229	S2-472964406,S3-714036100,S2-162713457,S3-633684066,S3-334490292,S3-697738333,S2-698348699,S2-454021063,S2-517724930,S3-499378627,S3-989096793,S3-289313761
S1-303498435	S3-879459671,S2-668020589,S2-981959035,S3-730506986,S2-901943455,S2-302435559,S2-409154365,S3-845260400,S2-70360406,S3-32712742,S2-44787350,S2-831600925
S1-853292416	S3-20089744,S3-334800315,S3-790201732,S2-535488262,S2-470093651,S2-840196889,S2-580540981,S3-311805070,S3-589237735,S3-814976159,S3-504945150,S3-213001014
S1-496044368	S2-367732319,S2-458185131,S3-411499154,S2-137115049,S2-726078745,S2-318281759,S2-297824873,S2-221333275,S3-57237638,S2-704239740,S3-604722347,S3-807666465
S1-8036214	S3-121949110,S2-227274227,S2-105111614,S3-737723456,S3-548577482,S2-84280912,S2-730975328,S3-854474626,S3-498334565,S3-525360788,S3-179696525,S3-489990009
S1-847698425	S3-376841885,S3-957629768,S2-480853639,S3-852296760,S2-543879523,S3-40440280,S2-71883827,S2-862556531,S2-519867047,S3-689905889,S2-358465531,S3-367021078
S1-810557370	S3-950399030,S2-807600480,S2-709699625,S2-25653971,S3-457709264,S3-886940576,S3-854474626,S3-489990009,S3-525360788,S3-625977759,S2-509069135,S2-881910273
S1-742359393	S3-288908563,S2-818105736,S2-547005574,S2-337114440,S2-261678962,S3-892502067,S3-566045248,S2-46744014,S3-511878745,S3-694352397,S3-103520944,S3-23122923
S1-525057017	S3-645620308,S3-583190212,S2-763458286,S3-270833164,S3-350644848,S2-655337183,S3-914128230,S3-919473014,S2-836208480,S2-308456597,S3-630725420,S2-802228795
S1-336361174	S2-577129374,S3-443660538,S2-314914987,S2-700640128,S2-659494139,S2-909661846,S2-122007609,S2-912418258,S2-808401979,S2-333289326,S3-806581552,S3-355941053
S1-751100918	S3-883063954,S2-103231027,S2-871883285,S3-586422343,S2-230788387,S3-937987409,S2-789041264,S2-549537487,S3-911630764,S2-686119760,S3-272055926,S2-912286076
S1-500587563	S3-535346531,S3-987871029,S2-371301225,S3-681754185,S2-818744341,S2-62527357,S3-459855277,S2-998549205,S3-414313872,S2-124610513,S2-826794482,S2-315290911
S1-184706069	S2-137392174,S3-988340463,S3-242389992,S2-213868012,S2-623611168,S2-92299195,S2-436225119,S2-302390738,S2-727104935,S3-826435210,S3-713512619,S3-847433001
S1-264932422	S2-586515818,S2-46423993,S2-246066930,S3-673078614,S3-626152875,S2-790487573,S3-381525484,S2-964583398,S2-463719683,S2-697631224,S3-652845844,S3-222604426
S1-200008200	S3-783549361,S2-125665033,S3-184734530,S2-699666493,S2-972745854,S3-66200853,S2-170203812,S2-545296166,S3-782883112,S3-274921833,S3-62463112,S2-420960688
S1-102840387	S2-102903734,S3-870460051,S3-884016647,S3-312990956,S3-508153576,S2-871350270,S3-189317928,S2-140835867,S3-603385753,S2-68599838,S3-875055273,S2-185407728
S1-489743084	S3-848602623,S3-439893287,S2-423910740,S3-10603164,S3-227078494,S2-384046014,S2-403688631,S3-94875529,S3-760741134,S3-850738223,S3-589419478,S3-67948428
S1-444074778	S2-141026243,S3-342450424,S3-122539836,S3-519281030,S3-984835212,S2-972430708,S2-337829368,S2-699968655,S2-324555145,S2-429209710,S3-243052972,S2-573797251
S1-212881223	S2-378516741,S3-100963056,S3-70505593,S2-712130797,S3-774264596,S3-460663239,S3-143877398,S2-755574738,S3-785559026,S2-84328231,S2-499184858,S3-297932252
S1-598051322	S2-62619907,S2-58653726,S2-748446388,S2-307103592,S2-221870110,S3-380157613,S2-205036096,S3-820747554,S2-534816795,S3-412636930,S2-751398790,S2-130109143
S1-945010325	S3-492605668,S3-805754468,S3-34941653,S3-226716906,S2-953990862,S2-806711771,S3-509125615,S3-990328228,S3-840102162,S2-531271829,S3-529417413,S3-48562854
S1-491587415	S3-582544215,S2-865451393,S2-214424171,S3-371493993,S2-98754263,S2-808516941,S2-522149655,S2-823763804,S2-504794402,S3-908668070,S2-100250663,S2-639242720
S1-604182153	S2-721806643,S2-955124974,S3-927153761,S2-564531643,S3-373844610,S3-489990009,S3-525146027,S3-854474626,S3-525360788,S3-403113722,S3-442844218,S3-963364032
S1-693960920	S2-69171742,S3-519184557,S3-513226881,S3-674999267,S3-959234198,S2-139541461,S2-166136489,S2-296040203,S2-322830002,S3-926093802,S3-899208006,S3-660553750
S1-562119086	S2-900120305,S3-257876455,S2-101979372,S2-203254838,S3-754645784,S2-191673027,S2-24754062,S3-916821542,S2-469776689,S2-468761903,S3-862730747,S2-207838646
S1-145913166	S3-74153924,S2-102162160,S3-128879623,S2-200428754,S2-121195044,S2-779488030,S3-411161490,S3-32534193,S3-948200483,S2-286822034,S2-118681213,S3-236898315
S1-543827766	S3-583797424,S2-557658469,S2-469632999,S2-90726922,S3-759405449,S2-434518358,S2-261575748,S2-554022354,S3-785662028,S3-832671685,S3-959921569,S3-845960967
S1-594243526	S3-382738873,S3-406935675,S2-367448295,S2-928351182,S2-826294383,S2-145956753,S3-329588040,S3-166241610,S2-388617973,S3-850446413,S2-275963775,S2-581662455
S1-81688923	S2-302817530,S3-135710389,S3-824098983,S3-67087516,S2-686490364,S3-696001139,S3-156495687,S3-958327367,S3-658958637,S2-100374085,S3-345609912,S3-440630539
S1-684246281	S2-466210093,S2-14400743,S2-969157430,S2-76753601,S2-182773354,S3-190593945,S2-547318943,S2-616118408,S3-211873232,S3-337442059,S3-100894554,S2-229836944
S1-43990577	S2-922041950,S2-424289504,S3-369903979,S2-969788791,S3-755251440,S3-262164176,S3-193468516,S2-418998045,S3-760931253,S3-771750381,S2-759476849,S3-452080830
S1-290614538	S2-848597222,S3-955217620,S3-977358294,S3-804607837,S3-647108444,S3-152773841,S2-396789694,S3-760517053,S3-208832026,S3-343318844,S3-678029639,S2-89109290
S1-775622992	S2-71850350,S2-550918189,S2-230246245,S3-351214504,S3-580881763,S2-879839869,S3-666325107,S3-670030022,S3-234828006,S2-798314635,S2-850634497,S2-634498232
S1-876510583	S3-769537397,S3-153549432,S3-776968282,S2-343702892,S2-404084561,S3-806091883,S2-714259036,S3-481698730,S2-187119028,S2-374340532,S3-484853211,S3-787842782
S1-512781012	S2-40381005,S2-631293614,S2-301402965,S2-295499676,S3-505528663,S3-214930668,S2-381427601,S3-420631426,S3-791193930,S2-838289418,S2-757716867,S3-860758689
S1-931880923	S2-354997609,S3-716780643,S2-210412140,S2-204900564,S3-377363986,S3-613140277,S3-80689259,S3-552697063,S3-142162598,S3-819404661,S2-128499980,S2-461036622
S1-897394178	S2-392151401,S2-312855484,S2-20657605,S2-193704720,S3-23042961,S3-695182223,S3-955225806,S2-554927455,S3-9581565,S3-389133840,S2-347200820,S3-539836448
S1-741844363	S2-715465563,S3-585660778,S3-91608123,S2-703604896,S3-184211467,S3-683155307,S3-458257877,S3-144188345,S3-888195871,S2-90166013,S3-306472900,S3-283853789
S1-743687124	S3-684812141,S3-118854252,S2-409928399,S2-61022281,S2-238500553,S2-354071956,S3-909595604,S2-617920654,S2-590802672,S3-477526287,S2-219422603,S2-665250579
S1-938284319	S3-570175403,S2-71050472,S2-591171825,S2-278264592,S3-56170284,S2-497830801,S2-243385981,S2-618324756,S3-480686283,S3-505859372,S3-507640484,S3-506723387
S1-629474230	S3-712760437,S2-122307468,S2-719937012,S3-775152442,S3-337981818,S3-405523235,S3-788717713,S3-707538388,S2-220254022,S3-453198754,S3-640930308,S3-291485853
S1-133662812	S3-503921151,S2-760454830,S2-794308107,S3-496174654,S2-317381617,S2-753320001,S2-401807936,S3-303666863,S3-902812326,S2-351283198,S3-340513707,S3-329216140
S1-502661772	S3-65300259,S3-524343181,S3-139410363,S2-77553254,S3-882377966,S3-628272654,S2-730267765,S3-172936188,S3-873120399,S2-59899526,S2-268372309,S3-786326503
S1-910696730	S3-589135359,S2-990804778,S2-378721506,S3-234545859,S2-575122763,S2-164490641,S2-445358414,S2-791976508,S2-211375380,S3-285890225,S2-599254089,S3-311163185
S1-114537074	S2-960871449,S3-559972480,S2-982591463,S2-195420398,S3-707758775,S2-352124163,S2-123354709,S3-62333067,S3-543231815,S3-176814145,S3-423674212,S3-358716056
S1-849948718	S2-866214810,S3-42038263,S2-637350771,S3-476697696,S2-845396296,S3-78430930,S3-313821476,S3-358895031,S3-132561536,S3-509595808,S3-120427577,S3-222504378
S1-867469689	S2-133216779,S2-793429046,S2-718364013,S2-917393084,S2-809387591,S3-831422196,S3-631619846,S3-541690233,S2-335498934,S2-283920132,S2-618154146,S2-562518301
S1-705175807	S3-89908973,S3-253220775,S2-399407009,S2-369715620,S3-687347702,S3-891015171,S2-891795837,S3-151366048,S2-537179800,S3-299700768,S3-199370618,S3-547319782
S1-372286604	S2-929238536,S3-756654047,S2-540530516,S2-206633284,S3-887460750,S2-820686054,S3-570674143,S3-704957247,S3-354229899,S2-834924415,S3-434462724,S3-257108660
S1-31914565	S3-934695066,S3-128570310,S2-902945740,S3-194711304,S2-808127651,S2-893906682,S3-273351843,S2-966387059,S3-430955167,S3-241111326,S2-317350395,S2-412288803
S1-83974302	S3-675996557,S3-5722199,S2-770012677,S3-622370563,S3-599063962,S2-65929570,S3-863375911,S2-313204558,S2-984542416,S3-172297487,S3-341516904,S2-711588255
S1-917053738	S2-987822267,S3-472341451,S2-911683696,S3-111531395,S3-802994166,S2-674779326,S2-371525267,S3-15062694,S2-18092734,S2-819283953,S3-387374416,S2-666097090
S1-9952904	S2-974045843,S3-941913572,S3-278053249,S3-717853862,S2-17819685,S3-708281008,S3-103729757,S2-84121623,S2-616027763,S2-668192407,S3-813939388,S3-606460071
S1-207149721	S2-289025075,S3-508022831,S3-432392907,S3-895369065,S3-800973487,S2-175742830,S2-45149023,S2-332384832,S3-133660085,S3-387445143,S3-193674964,S3-125647035
S1-73596736	S3-527783838,S3-388273897,S2-596778231,S3-877693075,S2-309111931,S3-954746104,S3-679225536,S3-917612559,S3-73489743,S2-923986110,S3-379130068,S3-801669189
S1-226378956	S2-113615716,S3-154223575,S3-990139610,S2-921480089,S3-439838384,S3-497310716,S3-407306290,S3-909670674,S2-243379577,S3-841923472,S2-154144610,S3-492171645
S1-649312511	S2-651978277,S3-661215696,S3-886268331,S3-482951626,S3-79668520,S3-744193976,S3-190068412,S2-52565565,S3-775367888,S3-599501235,S3-697801120,S3-961193497
S1-142705310	S3-115912613,S2-775410839,S3-669396207,S3-755481977,S3-191473833,S3-788386833,S3-383427282,S3-363737126,S3-939795746,S3-207520872,S3-855317609,S2-328277259
S1-446287229	S3-349263004,S2-600455557,S3-245945772,S3-223963885,S3-928616338,S3-812375355,S3-738011976,S2-623881738,S2-86117573,S3-594171327,S3-494107116,S3-819229714
S1-287055817	S2-165275397,S3-578971588,S3-440927393,S3-731941603,S3-603795171,S3-658923281,S2-525183590,S2-988721908,S3-320869353,S3-66950189,S2-326011275,S3-495471796
S1-778219493	S2-484108271,S3-509775217,S3-331012468,S2-325327200,S3-640087745,S2-866603534,S2-335848515,S3-159426407,S3-120456690,S3-914119353,S3-331928682,S3-337327852
S1-694594382	S2-289250464,S3-536234940,S2-718923670,S3-372153378,S3-311322447,S2-394836889,S2-924133936,S2-413667598,S3-152155772,S3-742094508,S3-828229537,S3-260391730
S1-650062903	S3-411814330,S2-870916008,S3-90889489,S3-783761315,S3-753047703,S2-835136379,S3-424948153,S3-786637165,S3-100784858,S2-305253188,S2-823562951,S3-892379653
S1-718063328	S2-824573291,S2-434591643,S3-908023822,S2-77403499,S2-652994045,S3-442598754,S3-766797944,S3-261509810,S2-368555380,S2-596167790,S3-128056125,S3-781595498
S1-64125038	S2-373741298,S3-324185786,S3-106990786,S3-528624789,S2-947618384,S2-234264946,S2-624100752,S3-674436802,S3-731051013,S3-25947391,S2-387928507,S2-140219861
S1-356910181	S3-610212029,S3-569835151,S3-539890925,S3-196811091,S2-709424988,S3-293180897,S3-781945874,S3-98130720,S2-503109491,S3-796497899,S2-236400075,S3-614508818
S1-135288539	S3-882910924,S2-867089507,S3-210567759,S2-977479304,S3-646761098,S3-727008951,S3-229780182,S3-987945464,S2-650554383,S2-986672245,S2-446519011,S3-615556731
S1-104805819	S3-197483754,S2-87552604,S2-511643950,S3-946751808,S2-76419200,S2-926900396,S3-108035583,S3-932510036,S2-272831039,S3-424231887,S2-110380756,S3-236404909
S1-587135506	S2-880637197,S3-700217877,S2-245449975,S2-823827914,S2-175386597,S3-793980453,S3-524103598,S2-879284092,S2-285026535,S2-129688280,S3-730277820,S2-501745062
S1-696322322	S3-917173396,S3-651960817,S2-70675191,S2-481455465,S2-546115696,S2-294074468,S2-3385082,S2-597978785,S2-846267744,S2-219702469,S2-316362590,S2-781076048
S1-692773296	S3-112884675,S3-871354368,S3-520633567,S3-925165053,S3-175971228,S2-353937946,S3-171511208,S3-746455082,S3-132260569,S3-742735840,S3-195555066,S2-991741813
S1-66143604	S2-791519121,S3-968258906,S2-899284332,S3-647800136,S2-335491539,S2-96859682,S3-112752945,S3-481362539,S3-615405678,S3-289356268,S3-985905841,S3-293155061
S1-121227532	S3-144221487,S2-702563326,S3-169672532,S2-647753053,S2-417914159,S3-267770668,S3-832628695,S3-794484103,S2-532258493,S2-193704720,S3-772381032,S3-166481822
S1-599848717	S3-223029864,S2-979852848,S2-144267403,S2-5319186,S3-423357347,S2-626258773,S3-229331829,S3-872821227,S2-628597093,S2-982332908,S3-55930928,S3-837712073
S1-896288161	S3-327603257,S2-706265627,S2-329138133,S2-130233676,S3-264015762,S2-771572951,S3-444160419,S3-454823500,S2-14677876,S3-853369421,S2-44882290,S3-969598728
S1-188732170	S3-160756639,S3-642317482,S3-201414009,S2-859938161,S2-981642290,S2-737524461,S2-473708127,S3-343954304,S2-548763502,S2-561106760,S2-51200639,S2-351157844
S1-193591784	S2-90135145,S3-198343203,S3-141495098,S2-337550537,S3-445618437,S2-948741527,S2-509095281,S3-97100807,S3-869597442,S3-406173731,S2-303894991,S3-933906975
S1-575402568	S3-610498526,S3-396981773,S2-472752469,S3-100520785,S3-228783161,S2-484719482,S3-6338115,S2-772320310,S3-1764489,S3-852749145,S3-954076964,S2-561848885
S1-777166263	S3-950368656,S2-64872274,S3-72664218,S3-753359914,S2-401544526,S2-505932591,S2-995464582,S3-316039014,S3-384220355,S2-88782291,S2-215826618,S3-931687121
S1-217550996	S3-605951662,S3-15757361,S2-485745456,S2-566399347,S3-557799727,S2-733154625,S2-724663999,S2-380135232,S2-429349314,S2-314112220,S2-807964626,S3-442381279
S1-778827300	S2-409475841,S3-519523990,S3-551563581,S3-601656253,S2-249580606,S2-314211191,S2-685723364,S2-622382494,S3-920462892,S3-763696152,S3-390431600,S3-437854881
S1-538634213	S3-804772987,S2-271427764,S3-801459873,S3-209409694,S2-515953252,S3-605186634,S2-178604895,S2-496527635,S2-952988619,S3-641169124,S2-172853545,S2-262378099
S1-808451538	S3-74351369,S2-1462329,S3-14883211,S2-122358315,S3-483841391,S2-729543116,S2-199821408,S3-184667977,S3-227454535,S2-248096352,S2-491820013,S3-620910368
S1-898329112	S2-183789001,S3-704572916,S3-750829543,S3-663857661,S2-643477594,S2-27194139,S3-472352187,S3-819655104,S2-876839013,S3-165241515,S2-385426788,S2-470917251
S1-365369601	S2-263445155,S3-506086525,S3-970563507,S3-179533,S3-498131213,S3-213232571,S2-236718519,S2-689509473,S2-725959267,S2-299467583,S2-254815859,S3-678250857
S1-294671439	S3-159852550,S3-299113974,S3-466701889,S3-236124374,S3-554435536,S3-746221944,S3-382017557,S2-987205504,S2-430211653,S3-794193880,S3-94172053,S3-998124240
S1-303119710	S2-799992671,S2-150030352,S2-158347123,S2-281716188,S3-445914122,S3-553653458,S3-943410469,S3-188866082,S3-508925021,S2-692345338,S3-738386503,S3-566410572
S1-968812667	S3-906614598,S3-82170664,S2-265867257,S3-176037454,S2-475495094,S2-314472530,S3-583742005,S3-664156176,S3-503986247,S3-350164713,S3-610697773,S3-927316327
S1-711685432	S2-778359872,S2-81863678,S2-448745888,S2-955269391,S3-546980511,S3-215842028,S3-672841913,S3-609425548,S2-435464623,S3-748367475,S3-290363221,S2-909118165
S1-541323034	S3-716402101,S2-426240436,S3-279480094,S2-524189524,S3-52957897,S3-218501787,S2-400950378,S3-797603475,S2-880180624,S2-483106029,S2-711548732,S2-894248834
S1-711831665	S3-523499886,S3-526687421,S3-115700360,S3-150173323,S3-50524334,S2-139613749,S2-541419565,S2-165596212,S2-866049328,S2-890162627,S3-404428141,S2-646618657
S1-63413734	S3-69485855,S3-302801984,S2-522470912,S3-257067412,S3-445219324,S3-611406903,S3-406733600,S2-7977800,S3-572813411,S3-740736832,S3-764499891,S3-807060253
S1-137556848	S2-693149434,S2-975636757,S3-536517180,S3-581235033,S3-4454228,S3-127955796,S3-390860971,S2-420010300,S2-339707748,S2-576269720,S3-862559710,S3-328993667
S1-587759994	S3-740229250,S3-102382241,S2-194977663,S2-618393675,S2-81530634,S2-903728640,S3-860708392,S2-519594808,S2-124635770,S2-330544951,S2-79254422,S2-606476707
S1-793459206	S3-539168240,S3-812773342,S3-652866696,S2-208280901,S3-935855860,S2-577024087,S3-175845255,S3-313450146,S3-193449535,S3-855955018,S3-294251357,S3-383427282
S1-198856613	S3-361881444,S3-590455533,S2-146208420,S2-320584270,S2-696536120,S2-394344347,S3-642096136,S3-43231721,S2-908709469,S3-353837833,S3-682945197,S2-143480668
S1-281610869	S2-895030931,S3-538073994,S2-414495297,S3-740736832,S3-572813411,S3-764499891,S2-683100540,S3-405987410,S3-185349290,S3-509595808,S3-312101455,S3-30842909
S1-911365196	S3-139798637,S2-151335365,S3-805045718,S2-704973799,S2-969723942,S3-759833343,S3-12879173,S3-276614238,S3-435348135,S2-677409931,S2-483066435,S3-19842872
S1-571088997	S3-57681979,S2-681239198,S2-486830285,S2-837970944,S2-187507447,S2-379800720,S2-910476435,S2-468835074,S2-417479156,S3-607344898,S2-748223497,S3-197075200
S1-954948371	S3-193826526,S3-880020777,S2-523987198,S3-984155684,S2-611281876,S2-615653813,S3-228585497,S3-918876406,S2-24041756,S2-943012034,S3-543739161,S3-773246695
S1-829935275	S3-499730411,S3-584349717,S2-574826379,S2-645299974,S3-728276852,S2-757400531,S2-752301108,S2-950833451,S2-767552255,S3-906299962,S2-12367000,S3-744735463
S1-825438680	S2-766405299,S3-824282937,S2-724134785,S2-303406546,S2-352708149,S2-616946953,S3-64251137,S3-712610003,S3-489990009,S3-715220183,S3-523813749,S3-580513386
S1-52898657	S2-79866804,S2-558411387,S2-492915186,S2-973235721,S3-606965330,S3-394651918,S3-706823520,S2-857851027,S2-709469110,S2-12344623,S3-501762654,S2-614558685
S1-262480630	S2-465316332,S3-153784590,S2-405495488,S3-155073574,S2-808521991,S3-573027633,S2-512380738,S3-465712861,S2-153937499,S3-131850935,S2-453477838,S3-203848901
S1-534279681	S2-795071805,S2-270288531,S3-257408077,S3-992164285,S3-562962377,S2-63312247,S3-651907386,S3-603456018,S3-622554060,S3-262262527,S3-244475505,S2-475495094
S1-720674272	S2-166774142,S2-536014501,S3-331608055,S2-809657536,S3-772717203,S3-815218419,S3-323641053,S3-553811381,S2-43775413,S2-102597969,S2-165064193,S3-476671450
S1-781714673	S3-110835870,S2-784733534,S2-291955914,S3-883260771,S3-906384697,S3-535891008,S3-714996125,S2-473976340,S2-203425634,S3-975772345,S3-704206561,S3-571712433
S1-773899929	S3-78944346,S3-942672423,S2-469325094,S3-204049267,S3-142121026,S2-184908117,S3-563774839,S3-806110669,S3-137413065,S2-935161961,S2-627064364,S2-232352856
S1-543924836	S3-267510344,S2-738118856,S3-82094653,S3-81407877,S3-67647655,S3-322277916,S2-851452245,S3-892751576,S2-159528490,S3-163448436,S2-301435722,S3-984078374
S1-448605698	S3-960843272,S3-29411598,S3-720547766,S2-801815937,S2-815710366,S2-972196467,S3-382670401,S2-929719742,S2-474907704,S3-816107333,S3-145238709,S2-240390556
S1-178722153	S2-443789513,S3-313623487,S2-547246204,S3-524500207,S3-515707650,S3-603719766,S2-295276987,S3-606281249,S2-758319515,S3-403911225,S3-520179699,S3-358860489
S1-434733722	S3-480672539,S2-438629428,S2-371750519,S3-559622928,S2-611515880,S2-211243469,S3-129549243,S3-481368077,S3-888824330,S3-302871169,S3-927828944,S3-782652515
S1-272803689	S2-175344120,S2-428791668,S2-860585966,S2-606267808,S2-18586063,S3-204094805,S2-915051207,S3-594984887,S3-56901660,S3-540719014,S2-969841252,S3-657027286
S1-441381671	S3-816265414,S3-376487742,S3-531041909,S3-280973948,S2-842442529,S3-736955284,S3-894468022,S3-225385906,S3-807335156,S3-236104221,S2-546625846,S3-639335133
S1-513194253	S3-622157618,S2-419909027,S3-22830373,S2-449441263,S3-397415899,S2-237345708,S2-229997147,S2-806933413,S3-713488823,S2-44904190,S2-445653166,S3-428890509
S1-667026639	S2-991038940,S2-861436082,S3-759805279,S3-890913960,S3-720022198,S2-164490641,S2-378721506,S3-234545859,S2-575122763,S2-445358414,S3-285890225,S2-211375380
S1-384471409	S2-657184758,S3-614266117,S2-617624034,S3-295765667,S3-788281021,S3-211987047,S2-221508927,S3-640589380,S3-980970144,S2-976581244,S2-425553573,S3-151370252
S1-750417959	S2-274953789,S3-990560903,S2-668594611,S3-929647194,S2-535118754,S2-103143288,S3-400520678,S2-899414282,S3-293729765,S3-985995843,S3-578854097,S3-813956189
S1-480136104	S3-991692257,S3-700446015,S2-984233029,S3-129124070,S2-812557011,S3-143783637,S3-677494333,S2-933447502,S2-135303884,S2-278243263,S2-84908016,S3-486812123
S1-114152669	S3-797487859,S2-435839525,S2-694296783,S3-507656567,S2-975081015,S2-182514411,S3-140727900,S3-491351038,S3-34549528,S2-581424976,S2-480456671,S3-180259295
S1-531829757	S2-358601851,S3-457972800,S2-869855393,S2-752076957,S3-392668624,S2-154713183,S3-974686260,S3-620591203,S3-361387769,S3-567801945,S3-762774633,S3-556856614
S1-757174767	S3-871676904,S2-960450404,S2-113165581,S2-714952026,S2-335205412,S3-484123327,S3-295286071,S2-205950081,S2-40563428,S3-225675458,S2-725134449,S2-781651421
S1-516462083	S3-893640404,S2-437464959,S2-229950835,S2-286229781,S3-934525617,S3-711399066,S2-911102041,S3-997810686,S2-123958135,S3-55773549,S2-902391816,S3-198185266
S1-381740390	S3-146379488,S3-565477101,S2-623801738,S3-179363348,S2-298974766,S3-338592125,S3-655549867,S2-820659659,S2-430508677,S3-785139458,S3-847163837,S2-894856766
S1-417445630	S3-861847069,S2-653737267,S2-298984969,S2-96605001,S3-902684634,S2-942128770,S3-315517824,S2-419970148,S2-731877209,S3-366652324,S2-823991395,S3-355750638
S1-859120413	S3-964566196,S3-401333476,S3-824218015,S2-614865338,S3-747854892,S2-830388360,S2-183219675,S2-500491238,S3-500076300,S3-830672229,S3-750073304,S3-31463507
S1-548376060	S3-906724601,S3-850072918,S2-679729089,S3-672660107,S3-412580676,S3-59018747,S3-937100831,S3-8935653,S3-883584037,S3-276797623,S3-777282658,S3-907991977
S1-246114460	S3-103118957,S3-940161320,S3-557532095,S3-69747914,S2-159468787,S2-265758336,S3-341495388,S3-166849247,S2-471453400,S3-759940815,S3-729552685,S3-344610770
S1-924312039	S2-431568746,S3-550192278,S2-613824411,S3-425901708,S3-651806918,S2-945899335,S3-667615059,S2-124241844,S2-720984662,S3-659669429,S2-782183936,S3-805676478
S1-13696999	S3-559069881,S3-713512982,S3-544565665,S3-29583699,S2-952918244,S2-418425669,S3-463998814,S2-412805406,S2-78832301,S2-50153450,S3-217158747,S2-811952056
S1-156332917	S2-870616039,S2-248745631,S2-692327198,S2-317077474,S3-145058025,S2-524729010,S3-93257690,S3-322732626,S3-76895240,S3-739112124,S3-707954064,S3-338054191
S1-459939121	S3-932221935,S2-869627975,S3-455577830,S3-376177388,S3-179142757,S3-438836738,S2-497090536,S3-684262090,S3-458366513,S3-826388620,S2-326274026,S2-713961862
S1-758376974	S2-21515911,S3-304724440,S2-252334114,S2-133908862,S3-509491510,S3-141925465,S3-850290876,S2-939142393,S3-985689304,S3-546162811,S3-182265122,S3-855937169
S1-510693128	S2-232253872,S3-463791035,S2-940961672,S2-524304771,S3-15070319,S3-547522143,S2-746852187,S2-947538968,S2-264064659,S3-626313448,S2-619394878,S2-44719286
S1-851357382	S3-793984147,S2-410816316,S3-932282543,S3-780595034,S3-916172367,S2-252271663,S3-862823908,S3-793195019,S3-759822573,S2-977399038,S3-889777376,S3-832474656
S1-721277087	S3-410281865,S2-296246020,S2-462258800,S3-869404084,S2-609881323,S2-547574055,S3-302275041,S2-751866055,S2-820844282,S3-91150983,S2-832988836,S2-759431119
S1-930812469	S3-387368951,S3-278318707,S2-87172820,S2-194246845,S3-955814781,S3-321128471,S2-968178017,S3-871574040,S2-113286128,S2-518187409,S2-654830128,S2-802430221
S1-771641576	S3-613147077,S2-245861528,S2-326363466,S3-981683052,S2-252349238,S2-436370697,S3-803872409,S3-111612644,S2-823490516,S3-499202286,S2-802996098,S2-527368930
S1-587594980	S2-610636385,S3-338234731,S2-715356847,S3-867492628,S3-445227718,S3-897170773,S2-171150943,S3-340934063,S3-90027541,S2-96929425,S3-604591704,S2-907623221
S1-988978156	S3-630903863,S2-412766421,S2-540928479,S3-166132591,S3-996673795,S3-194711304,S3-430955167,S2-856529436,S3-792043312,S2-48240965,S3-333427234,S3-26035268
S1-163720167	S3-152145168,S3-558714361,S2-733477170,S3-211641084,S2-542175777,S3-186544045,S3-706021264,S2-718177344,S2-922718939,S2-467170098,S2-394724321,S3-134262818
S1-103621572	S2-165522981,S3-615171544,S2-966697488,S2-430884987,S3-217501983,S3-557114126,S3-207781010,S3-335365286,S3-847163837,S3-704494686,S3-416922977,S3-868295224
S1-70293770	S2-740656671,S3-19559370,S3-608431837,S2-328210202,S3-47071038,S2-215787249,S3-761498904,S3-844476345,S3-103900187,S2-67750418,S3-585644466,S2-427266576
S1-191305751	S2-784322237,S3-573641444,S2-369412869,S2-254862890,S3-34158010,S2-23659701,S3-339376545,S2-707052586,S3-39330684,S2-633427814,S3-307761178,S2-470850930
S1-280605287	S3-928807744,S2-646598206,S2-116439296,S2-787656092,S2-351236467,S3-767000875,S2-608191041,S3-891698137,S3-510963758,S3-1065037,S2-532999418,S3-552863040
S1-274439512	S3-452691998,S3-776127022,S2-907306788,S2-412509166,S2-351930677,S3-588734428,S3-897841247,S3-504741581,S3-517710232,S3-780929548,S2-996499003,S2-269010233
S1-593926946	S3-610974303,S3-917612559,S3-73489743,S2-923986110,S3-628841889,S3-801669189,S3-379130068,S2-768489416,S2-210992704,S3-945466734,S3-325785684,S3-796217442
S1-125025505	S3-723379811,S2-302218044,S2-831627287,S3-266728764,S2-639987780,S2-415988665,S2-345560047,S3-623424595,S2-99979129,S3-52297952,S2-62319125,S3-925460383
S1-611430399	S3-308554079,S3-734299707,S3-983299151,S2-620138628,S2-113504101,S3-91627769,S2-85075252,S2-175639036,S3-649572599,S2-590612880,S2-233669427,S2-686399621
S1-167263856	S3-838702526,S2-188033592,S2-917198487,S3-792727838,S3-830227172,S2-799851223,S3-755874396,S3-967257585,S3-456655078,S3-542959173,S3-244411308,S2-560477641
S1-662401331	S2-955896737,S2-238220033,S3-874418198,S2-561930528,S2-929311420,S3-669716757,S3-84931247,S2-741819296,S2-751920892,S2-256275939,S2-57355212,S2-802519105
S1-816518355	S3-753936089,S3-829237029,S2-392564199,S2-187853617,S2-650298166,S2-370076390,S3-242377060,S2-462883323,S3-956106013,S3-913086868,S3-468789194,S3-786829330
S1-727212756	S2-186112000,S2-40319845,S2-806726764,S2-504618044,S2-600738472,S3-301961896,S3-712722638,S3-158404419,S2-827377907,S2-488854574,S3-738615581,S2-772081391
S1-858927096	S3-127263354,S3-105475138,S3-226031230,S3-665915481,S3-344586734,S3-25412077,S3-57059173,S3-387947062,S2-636543094,S3-997830566,S2-54200074,S2-755612325
S1-449077415	S2-665277311,S3-791325030,S2-434066480,S2-689324542,S3-296287884,S3-393289996,S2-970461541,S2-583626164,S3-331175348,S2-43457291,S2-183872129,S3-947245834
S1-122497577	S3-261903046,S2-665088535,S2-901783337,S3-765984425,S3-719515034,S2-52323248,S3-297202819,S3-163887684,S3-355553747,S3-899426213,S3-142585688,S3-717297087
S1-735879974	S2-594336484,S2-226488419,S3-313864720,S3-233881112,S3-635968148,S3-599168277,S2-793344250,S2-293898177,S3-331422713,S2-670657606,S3-580696024,S3-210772792
S1-328268468	S3-320290986,S3-240068881,S2-750127912,S3-200383079,S2-962778826,S3-245230326,S2-737696365,S3-607702679,S2-555122044,S2-975484186,S2-102266111,S3-640834483
S1-244828452	S3-410902403,S3-945685579,S3-961479302,S2-183718444,S2-182288978,S2-166547922,S3-306387867,S3-604151420,S2-276069656,S3-464910077,S3-467850268,S3-215322167
S1-94308528	S3-583388462,S2-188010330,S2-692003404,S3-729868866,S2-676465564,S2-762944498,S2-475775791,S3-570647159,S2-895148042,S3-21191800,S3-319246656,S3-166687517
S1-475336161	S2-732181040,S2-872371414,S3-88197469,S2-91485566,S3-927351778,S2-403212984,S3-104856913,S2-541094114,S2-863432754,S2-156021320,S2-77985100,S3-759669228
S1-225293326	S2-188412300,S2-858745135,S3-301853550,S2-347682503,S3-201822535,S3-334547039,S2-686127336,S2-745035423,S2-512022644,S3-107710393,S2-373211658,S2-356853955
S1-765145863	S3-557932300,S2-404062778,S3-265793218,S2-69220333,S3-809729690,S2-103027755,S3-665568210,S3-318573687,S3-149287901,S3-280983346,S2-514275477,S3-435423153
S1-258614736	S2-166156021,S2-269361881,S2-658913368,S2-428266791,S3-876599601,S2-974781885,S3-187195322,S2-934852859,S2-466524811,S3-861076286,S2-263642834,S2-1999031
S1-434672916	S2-85451538,S2-666740095,S2-77315174,S2-694310614,S3-624076054,S2-115090558,S3-233189440,S2-464842062,S3-281529438,S2-432878310,S3-12688806,S3-442270777
S1-119207121	S2-222600171,S3-843611780,S3-872093131,S2-935917802,S2-133328037,S3-324210168,S2-469672690,S3-338428290,S3-930596863,S2-338809133,S3-794770921,S3-668084698
S1-420520788	S2-780923014,S2-543547194,S2-589471636,S3-371871522,S2-134190997,S3-710524377,S2-604115878,S3-778784298,S3-900213955,S3-223840749,S3-328720956,S2-363448000
S1-492350006	S2-912406554,S2-260083676,S2-659379391,S2-579707613,S2-359417102,S3-498078188,S2-784518321,S2-989509657,S3-372314656,S3-916265607,S2-845413146,S3-377965607
S1-871488428	S3-559479847,S3-1853743,S3-280737719,S2-466129379,S2-611195334,S2-230463139,S2-421921524,S3-560495223,S3-830409938,S3-625568942,S3-247484464,S3-458673388
S1-660999095	S3-841676387,S2-489830327,S3-247048459,S3-538151055,S3-128318874,S2-538588010,S2-302675157,S2-322334261,S2-258976286,S2-601052129,S2-907160335,S2-277055894
S1-286788571	S2-450503598,S3-496453632,S3-417423075,S3-95012650,S2-301386202,S2-889580120,S3-848078077,S3-442756564,S2-182737898,S2-148336058,S3-840618602,S2-39039109
S1-185386080	S2-950260453,S2-904951614,S3-60854625,S2-246365340,S3-104433023,S2-233199036,S3-193461759,S3-6065678,S3-36923915,S3-845445437,S3-10687263,S2-301328117
S1-878841015	S3-403867339,S2-37676547,S2-817018347,S3-11979063,S3-161563072,S3-703405107,S2-556207950,S3-998538081,S2-7007165,S2-25179500,S2-406294803,S2-330336344
S1-446107841	S3-324771729,S2-234508983,S3-412742040,S2-581797690,S2-366904057,S2-983526431,S3-342595631,S2-444587252,S3-932243265,S3-739370761,S3-715438140,S2-177421158
S1-635865601	S2-399193512,S2-896338594,S3-313047030,S2-936609780,S3-804181066,S3-56857417,S3-24123956,S2-556201065,S3-319992441,S2-888727498,S3-77666081,S3-782501791
S1-445245971	S3-749934080,S3-938361762,S3-713953410,S3-276640568,S3-161023059,S3-990808014,S2-311364274,S3-470149861,S2-906897053,S2-498615213,S3-602060929,S2-448609593
S1-217504902	S3-692336844,S3-852743082,S2-643712408,S3-645892042,S3-732896675,S3-809146971,S3-264170035,S2-776989054,S2-412120300,S3-204410083,S2-923573880,S2-409127710
S1-636111173	S3-281784847,S3-952860424,S2-345171386,S3-790712827,S2-631717539,S3-265897111,S3-595530223,S2-85267960,S2-826032539,S3-172143183,S3-116377846,S2-254484151
S1-874495319	S2-861542038,S3-777217194,S2-86016930,S2-367120591,S3-914119353,S3-154491893,S3-867623456,S3-923334728,S3-787554825,S3-694238107,S2-792165323,S2-374236750
S1-887506603	S2-797940257,S3-781643187,S3-112081947,S2-699648387,S3-353043318,S2-117934617,S2-149532795,S2-183276574,S3-603246542,S2-387411788,S3-993031904,S2-142874483
S1-543250757	S3-427389228,S2-486196338,S3-534641156,S3-46569040,S3-479942122,S3-445301292,S2-804286401,S2-685829175,S2-119293159,S2-884725207,S2-619751619,S2-279729826
S1-191159197	S2-759912283,S2-511870804,S3-686065826,S3-865971274,S2-384428494,S3-132808947,S3-523077,S3-175533006,S2-991411261,S3-743231773,S3-647871867,S3-704995272
S1-413536272	S3-821282080,S2-505980026,S3-963020038,S3-449876910,S2-615658106,S3-113526224,S3-821935841,S3-830885433,S2-780990987,S3-122909798,S3-873630757,S3-941347945
S1-938759189	S2-394657559,S2-487199889,S3-644035534,S3-697134659,S2-731677423,S2-577704932,S2-54057881,S3-830945332,S2-759967907,S2-359136590,S2-190588286,S2-262712293
S1-442926348	S2-175718922,S2-632071192,S3-183782645,S2-974856070,S3-729825582,S2-579163308,S3-633281783,S2-618931310,S3-814282012,S3-283760875,S3-569687506,S3-886091309
S1-418561015	S3-31792778,S2-518972811,S3-573639949,S2-678842330,S2-97938137,S3-647991992,S3-361387769,S3-992758029,S3-292451840,S3-921320373,S3-693400650,S3-555077565
S1-684279709	S2-545707600,S2-29817339,S2-640159203,S2-185325895,S2-425635274,S2-488165655,S3-481929244,S3-909969816,S2-919766414,S3-376156748,S2-990122747,S3-659346637
S1-391174636	S2-283233359,S3-157104007,S2-752316768,S3-144472442,S3-626166896,S2-116711627,S3-931643314,S2-80607877,S2-200824137,S3-124428141,S2-291349685,S2-374494346
S1-905700364	S3-151224609,S3-194458443,S3-247143470,S3-693606443,S3-395793466,S3-333343721,S3-149984407,S3-111228918,S2-205496937,S2-196432081,S3-412847783,S2-980195509
S1-352710272	S3-437115656,S2-826018862,S3-498392113,S3-629616009,S2-703855126,S2-625672381,S2-111762928,S2-813783866,S3-283563563,S3-394137689,S2-32914948,S3-990419675
S1-659203491	S3-897419258,S2-510916158,S3-498579487,S2-437181170,S3-886344502,S2-852290623,S3-414196174,S2-241096591,S3-340995120,S3-277125184,S3-998905097,S2-230967893
S1-824645142	S2-644619643,S3-320765600,S3-440462662,S3-717429591,S2-443162479,S3-516273652,S3-845787348,S2-235918798,S3-888368731,S3-868715334,S3-94066640,S3-548676712
S1-603618278	S2-972398052,S3-442032356,S3-257985894,S3-429905229,S3-279758720,S2-230710452,S3-300759974,S2-113957254,S3-41348518,S2-725515859,S3-38935072,S3-72073179
S1-602531569	S3-456009258,S2-419654214,S2-53159882,S2-404695323,S3-19670721,S3-541690233,S2-344915157,S3-670621102,S3-242331507,S3-222253804,S3-120441951,S2-575803285
S1-362178416	S3-269587524,S2-378641979,S2-604565980,S2-827876258,S3-550378526,S2-886913041,S3-492395293,S2-467471631,S2-346786286,S2-68978508,S2-484267943,S2-576738311
S1-837666764	S3-460851936,S3-225654010,S3-998578994,S3-132545674,S3-634275821,S3-483231166,S3-371267122,S2-937874406,S3-655186834,S3-664474981,S3-197371402,S3-8153789
S1-498116067	S2-495659644,S2-983921045,S3-80897134,S3-244860986,S2-846420567,S2-708842614,S2-265283430,S2-995015997,S2-843008233,S2-216480065,S2-73463995,S2-622385281
S1-974672077	S3-899370313,S3-664652210,S3-545712752,S3-496661393,S3-878839817,S3-49257441,S3-265722833,S2-217869961,S3-254901695,S3-752068419,S2-635896238,S3-34159615
S1-339466721	S2-449924842,S2-569529287,S3-365303261,S3-250091577,S3-141067283,S2-902395900,S2-640217891,S2-536585788,S2-820040158,S2-12922681,S2-448828216,S2-564087428
S1-841665230	S2-761435666,S3-891303011,S2-443326581,S3-81356948,S2-810273894,S3-184029111,S2-72126080,S3-70987327,S2-163813576,S2-674058876,S2-289029810,S2-490233082
S1-150937930	S2-110329304,S2-336114820,S3-222979043,S2-896380976,S3-458928143,S3-926626443,S3-488343703,S3-83761589,S2-348692851,S2-678108475,S2-921098491,S3-218219611
S1-19390499	S3-815330799,S3-39371670,S3-573208819,S2-115615348,S2-710440432,S3-139362603,S2-990286967,S3-131788238,S2-290724983,S3-285716054,S2-248548862,S3-431561522
S1-488103014	S2-989462392,S3-421720096,S2-956319010,S3-824622172,S2-440953452,S3-511700832,S2-993034465,S3-421672430,S2-834297238,S3-997011246,S3-822361669,S3-804337743
S1-404496153	S3-882428615,S3-912964095,S3-534183162,S3-979524658,S2-842864041,S3-521046100,S3-531215043,S3-758029161,S3-69307689,S3-596575774,S3-144695080,S2-212361084
S1-523864827	S2-375198444,S2-318929959,S2-46523339,S3-796881621,S2-544713361,S3-56372213,S2-396914332,S3-920887444,S2-379375373,S3-199445009,S3-470379404,S3-818122972
S1-438691656	S2-889783680,S3-447839404,S3-678579511,S3-632479379,S3-215118941,S3-598776814,S3-909649389,S2-403007541,S3-238640005,S3-25912833,S3-280516198,S3-599829395
S1-869754765	S3-802933431,S2-279480393,S2-838320837,S2-981415596,S3-822499226,S3-208759011,S2-839014563,S2-356907697,S2-340063264,S3-712306971,S3-542501226,S2-857031710
S1-748915132	S3-843328862,S3-914704095,S2-552262220,S2-284578546,S3-68095336,S2-34733554,S3-130431603,S2-380174684,S3-447230222,S2-930058420,S3-786812330,S3-292451840
S1-623749877	S2-440993482,S2-176988134,S3-478255404,S2-70641273,S3-375067487,S2-876423271,S3-902246492,S3-72629283,S3-78912673,S3-376751649,S3-58176274,S3-449855572
S1-481606629	S3-684781767,S2-441714527,S3-36147340,S3-274357706,S3-913674873,S2-551971161,S3-627089085,S3-319875286,S2-487092780,S3-349220695,S3-885015135,S3-416502383
S1-308343739	S2-831917501,S3-119572177,S3-613988440,S3-693690442,S3-345767393,S3-844440002,S3-186446839,S2-443006741,S3-328159432,S2-718594580,S2-398751750,S3-397648481
S1-288044761	S3-550798286,S2-434511568,S3-54051728,S3-925431929,S3-852641040,S3-776962803,S2-780545012,S3-987557781,S3-539836448,S2-193704720,S2-116568965,S2-294562451
S1-587661516	S2-12744481,S3-769413828,S2-402503997,S3-765398609,S3-532451921,S2-304954577,S2-307903400,S3-30391551,S3-282763637,S3-380915350,S3-628345178,S3-835886688
S1-582116327	S2-498824500,S3-367899726,S2-655331596,S2-295535971,S2-588392409,S3-594720776,S3-632178831,S2-127138818,S3-334619443,S2-89337798,S2-59586022,S2-391450509
S1-626593568	S2-708982966,S3-937489484,S2-578659215,S2-655078083,S3-843353370,S3-779514069,S3-865706952,S3-274597503,S3-791753539,S2-625284858,S2-857322289,S2-44524635
S1-171275131	S3-969369664,S2-35595236,S3-650703430,S2-72441222,S2-163337732,S2-952480516,S3-842553868,S3-641073759,S2-498190836,S2-470571825,S2-715285070,S2-349748594
S1-703185312	S2-734191309,S3-733658614,S3-348472737,S2-75390746,S3-561839301,S2-279383604,S2-416537152,S2-783776294,S2-898567177,S2-101058101,S2-351364628,S2-70608528
S1-805821773	S2-89173227,S2-292469133,S3-646050338,S2-662289100,S2-943163986,S2-696351228,S3-270991833,S2-56235181,S2-533526820,S2-838061578,S2-857572114,S3-560225065
S1-128384349	S3-479282975,S2-472707870,S2-906894630,S3-399351384,S2-428312891,S2-500192058,S2-734514388,S2-602596078,S3-528430682,S2-198664118,S2-32929904,S3-644973281
S1-366540280	S2-705273612,S3-555180167,S2-896401813,S2-735997143,S2-611433815,S3-839750872,S2-938378373,S2-882612403,S2-140851716,S3-281690970,S3-216247142,S3-18173728
S1-302660713	S3-698781590,S2-843585320,S2-507399349,S3-312260226,S2-909085265,S2-665599684,S2-619695353,S2-461639103,S3-315774494,S3-874302658,S2-872048863,S2-461718350
S1-951411134	S3-38085289,S3-117036722,S2-746664868,S3-297149542,S2-438210833,S3-275506907,S3-361933441,S2-681083087,S2-137527445,S3-939465073,S3-399358772,S2-292422111
S1-603323305	S2-29000544,S2-192152107,S2-999310684,S3-736307469,S2-285399252,S3-896652150,S3-743073624,S2-302380914,S3-694546782,S3-538816520,S3-224961366,S3-473272673
S1-66776291	S2-711421475,S3-619907696,S3-136339542,S2-292729774,S3-616376936,S2-341803256,S2-712593022,S2-704500070,S3-756539874,S2-193196479,S3-367928182,S2-833636501
S1-790646959	S3-910969458,S2-370644173,S2-773870734,S2-40760376,S3-19786584,S2-325917902,S2-415720234,S2-174850659,S2-526954268,S2-969367816,S2-706220774,S3-926304872
S1-351513137	S3-853468985,S2-418077948,S2-779762391,S2-597019247,S2-676405551,S3-323848634,S3-542795722,S3-136467435,S3-171249941,S3-798562591,S3-294993431,S3-611265805
S1-863345031	S2-581507349,S2-743768442,S3-895617429,S2-875828534,S3-870184244,S2-623728273,S3-776026726,S3-876586939,S3-384781474,S2-862142868,S3-172012710,S3-886947332
S1-110223912	S2-130284427,S3-390493348,S2-188576894,S3-991162692,S3-373272525,S2-78264182,S2-484799223,S3-45796223,S3-663772611,S3-644837245,S2-873068172,S3-366423329
S1-91953405	S3-94474495,S2-382585102,S3-683392843,S2-554378088,S2-807016001,S2-198317013,S2-723844725,S2-192666953,S2-917070252,S3-947809317,S3-740811758,S3-426882225
S1-327745923	S2-693026771,S2-608214485,S3-922654722,S3-234750455,S2-975494390,S2-366083503,S3-948339963,S3-791116349,S2-230872209,S3-604589843,S3-885253060,S2-770265293
S1-558583597	S3-396838002,S3-194147497,S2-355263855,S3-64276141,S2-151430865,S3-59052098,S3-770454557,S2-80205617,S3-338078238,S3-71262578,S2-491956721,S3-137549528
S1-327581020	S3-876612460,S2-36396143,S2-216466519,S3-209676676,S2-474687994,S2-610724683,S3-534488990,S3-246292163,S3-52519360,S3-551756412,S3-182400995,S3-104182667
S1-246775354	S3-951708864,S3-427071832,S3-874600974,S3-650518856,S3-230593795,S2-909242340,S2-52616816,S2-747927826,S3-677380466,S2-231673530,S2-242020939,S2-707915950
S1-384415428	S3-591671182,S2-494874024,S3-582399386,S2-86927159,S3-784264055,S2-713672719,S2-913468796,S2-743307737,S3-408416254,S2-25392279,S2-423564687,S2-540306224
S1-457479224	S3-369025477,S2-165800987,S2-521199015,S2-977448684,S2-165219150,S3-453989554,S2-361637658,S3-348174690,S3-892471062,S3-174414390,S3-841593003,S3-125907925
S1-841745884	S2-355054687,S2-934284860,S3-991337934,S2-467583249,S2-514892066,S2-622802977,S2-118496572,S2-51545894,S2-765282483,S3-93093082,S2-232724576,S2-943146956
S1-70388735	S2-333255372,S2-677721438,S3-404286686,S3-202739977,S3-61240229,S2-453767792,S2-308002297,S2-798248181,S2-627399249,S2-413805418,S3-300994962,S2-617996350
S1-934351443	S2-281597929,S3-296922805,S2-440453832,S2-790015566,S2-315227902,S2-295415478,S2-252859145,S2-856031019,S2-908649940,S2-494052535,S3-198635882,S3-779132326
S1-334507874	S2-434965147,S2-921229667,S3-809599935,S2-193990014,S3-429905229,S3-279758720,S3-41348518,S2-725515859,S2-797237030,S3-837278903,S3-38935072,S2-425635274
S1-145802131	S2-689584098,S3-435935882,S3-931333043,S3-509238935,S3-133463497,S3-342751055,S3-370352671,S3-726407944,S3-90191639,S2-234076937,S2-297227227,S3-290870424
S1-41123689	S2-447195618,S2-634684136,S3-375535881,S2-557984864,S3-150980692,S2-902026423,S3-343640194,S3-737587186,S2-126423538,S3-698201091,S3-894095807,S2-626524058
S1-968277761	S2-207875376,S2-367445842,S3-470079859,S3-349057074,S2-314472530,S3-905592907,S3-973833263,S3-554052817,S3-732768300,S3-176037454,S2-475495094,S2-265867257
S1-876779119	S3-680211076,S3-779796787,S2-613294105,S2-919932634,S3-122089925,S2-272520218,S2-272115690,S2-131850182,S3-189243256,S2-541907472,S2-793313262,S3-66449906
S1-862253651	S2-514162097,S3-112884802,S2-174758356,S2-776728708,S2-874497008,S3-613332819,S3-896593769,S2-913778355,S2-882749433,S2-967175357,S3-109266789,S3-290339100
S1-751852220	S2-147826860,S3-475451318,S2-18141827,S2-49818044,S2-877047953,S2-371928266,S2-262628859,S2-701527814,S3-88063224,S3-133185131,S3-859731098,S3-856455526
S1-421776055	S2-856846082,S2-285730073,S3-143223188,S3-183176862,S2-930302331,S2-687483138,S2-386337039,S3-801850931,S3-824864543,S2-937597566,S2-375289677,S3-955138882
S1-705775700	S3-729825582,S3-499674989,S3-58987076,S3-665340030,S3-440226277,S3-733903990,S3-126277402,S2-439971438,S3-690304912,S2-126483286,S3-276882977,S3-33982952
S1-995776736	S3-898196478,S2-121189326,S2-807897583,S3-199104481,S3-321974661,S2-682321429,S2-702164474,S3-317648254,S3-80334096,S2-402355176,S3-811758851,S2-586614421
S1-269020082	S3-80889540,S2-897657615,S3-923589642,S3-821136214,S3-495540157,S3-326986911,S3-705197290,S2-701298774,S2-817061499,S3-348761943,S3-103358676,S3-919964137
S1-693742675	S2-110639610,S3-385091152,S3-45390061,S2-645012894,S3-345516694,S2-957969790,S3-89955669,S2-604301238,S3-158206020,S2-159248787,S2-20382423,S2-673678481
S1-51675394	S3-880424300,S2-307105562,S3-428695113,S2-849939518,S2-185142648,S3-845217556,S3-687908631,S3-652292989,S2-14677876,S3-454823500,S2-32650632,S2-652129372
S1-686566894	S2-378846601,S2-620586633,S2-246357864,S3-567955127,S2-39252072,S2-57047567,S3-914783251,S2-877914500,S3-873066719,S3-652906401,S3-845092414,S3-966807187
S1-726816257	S3-928972322,S2-416966326,S2-718181857,S3-748858809,S2-686387230,S3-757717049,S2-349113295,S3-801830258,S3-676928805,S3-252265726,S3-964928388,S3-177278985
S1-158394689	S2-319869269,S2-531164510,S2-934332998,S2-360298506,S3-319607756,S2-412096916,S2-288542504,S2-348181785,S3-183234208,S3-847350719,S2-539652394,S3-35360833
S1-768522030	S3-351725544,S2-186905863,S3-156509054,S3-386751037,S2-779639132,S3-728043427,S2-284656871,S3-481526001,S3-809181687,S2-136813459,S3-223964909,S3-165066443
S1-39113238	S3-952437140,S3-594036063,S2-893966256,S2-52084660,S3-39928969,S2-411546741,S3-65343743,S2-306840688,S3-279987167,S2-385034693,S2-147993369,S3-180545722
S1-652066512	S2-311308553,S3-756335032,S2-200648686,S3-180860660,S2-135451898,S2-918671848,S3-890707364,S3-936712109,S3-622964372,S3-549578490,S2-208987555,S2-294562410
S1-85006892	S3-739388045,S3-329973241,S3-379575811,S2-444793184,S3-243730841,S3-756834143,S2-817073184,S2-824279678,S2-245084622,S3-905402392,S2-215216417,S3-385037441
S1-730912626	S2-22729766,S3-728888883,S3-996518205,S2-415133729,S2-15639585,S3-708512881,S3-22351788,S3-810837643,S3-631392146,S2-637104498,S3-909781330,S3-622147561
S1-776872831	S3-97613167,S2-848294583,S3-564193218,S2-563810508,S3-642554116,S3-253649214,S2-131496384,S3-637872167,S3-475600337,S3-777134940,S3-800793400,S3-639646737
S1-886474869	S3-418812810,S3-634826925,S3-921320373,S3-529114215,S3-464624624,S3-735042653,S3-527604539,S3-329308713,S3-200097559,S3-30270731,S3-245521563,S2-76154283
S1-705673419	S3-596802414,S3-919191817,S2-541416353,S2-7558209,S3-936180155,S3-520231410,S2-336775275,S2-51548546,S3-809211215,S3-188916496,S3-813684823,S3-932448533
S1-313568703	S3-879241489,S2-401499191,S3-916275320,S3-530337911,S3-388660899,S3-485001905,S3-697501714,S3-486074734,S3-113271646,S3-408593706,S3-858461824,S3-510428098
S1-772790152	S2-412261222,S2-900572840,S3-218186468,S3-813776025,S2-518322437,S2-847822766,S3-361587709,S3-938344260,S3-733903990,S2-939240678,S2-127096579,S2-487567872
S1-423491708	S3-185239365,S2-945995043,S2-156740519,S2-771455752,S3-208017524,S3-67646565,S3-45722161,S2-97501844,S2-786444549,S3-791069161,S3-425708295,S3-996373638
S1-136613780	S3-740293967,S2-785590724,S2-874808700,S2-908826128,S3-204329004,S3-118490402,S3-568241343,S2-777894389,S3-269312543,S3-390459950,S3-344978827,S2-523952605
S1-371369881	S3-493857007,S3-885561909,S2-620139573,S3-711205358,S3-276413741,S3-911599008,S3-693232949,S3-765041411,S3-311769947,S2-771514492,S2-293496504,S3-542196845
S1-173730021	S2-447348242,S2-429945555,S3-405393146,S2-183169361,S2-625183005,S3-769115438,S3-71493784,S3-212333252,S2-518531253,S3-567161605,S2-213849497,S3-702324583
S1-160199310	S2-363190469,S2-661778726,S2-624676417,S3-808339475,S2-434529922,S3-929496993,S2-278308985,S3-149465981,S3-814748534,S3-765884806,S2-128025070,S2-70760098
S1-437215053	S3-548108773,S3-395655265,S2-940302516,S2-607177608,S3-643162054,S3-902376880,S2-562222000,S3-595663113,S3-99914830,S3-966695943,S3-501917547,S3-964418501
S1-265011297	S2-442055373,S2-63416480,S3-181685037,S3-303624584,S3-656610616,S3-613236172,S3-106346716,S2-264439471,S3-441090033,S3-415560206,S3-970689433,S2-351161460
S1-60146060	S2-836220430,S3-746217537,S3-209526036,S3-697729335,S2-227944185,S3-348323282,S3-440285172,S2-566342888,S3-975320869,S3-629199496,S3-853939832,S2-48222154
S1-910770637	S2-568315771,S3-660024341,S2-812579409,S3-937466573,S3-917644692,S2-429683269,S3-19130127,S2-351585976,S3-669329055,S3-479599809,S3-226009431,S3-96748708
S1-77244396	S2-458030603,S3-591760797,S2-926312113,S2-291272524,S3-38398738,S2-321551799,S2-688945966,S3-967919699,S2-24846855,S3-656451237,S3-576770515,S3-844227669
S1-498090786	S3-161731602,S2-840070678,S3-104933024,S3-793933816,S3-496880456,S3-528163701,S2-456313290,S3-115597361,S2-607354550,S2-594329503,S3-418941415,S3-390911430
S1-542045157	S2-105547996,S3-974872590,S2-778542713,S2-24264424,S3-519172123,S2-124348018,S3-851267048,S2-686869386,S3-665626204,S2-293156382,S2-913503453,S3-748353175
S1-913429492	S3-405032119,S3-699272094,S3-942539036,S2-753185228,S3-777465518,S2-625749899,S2-432723391,S2-42621961,S3-620360140,S2-973605647,S2-248575181,S2-181243519
S1-720173797	S2-543924050,S2-265712082,S3-174379145,S3-784167090,S2-175923286,S3-385247026,S3-485201843,S3-92407061,S3-634858804,S2-840205266,S2-72515139,S3-329029465
S1-572971614	S3-348215989,S3-733547908,S2-815608247,S2-62819721,S2-964452075,S3-327697225,S2-462954943,S3-242524671,S3-203993876,S3-277756691,S2-304421491,S3-491952658
S1-372650216	S3-290424417,S2-716835728,S3-45750395,S2-285293738,S3-890637625,S2-852642239,S2-359822308,S3-771451881,S3-185713696,S3-133101125,S3-51004541,S3-12763191
S1-153738016	S2-596073179,S2-628003476,S3-199275158,S3-736038730,S3-830991847,S3-577113001,S2-189144821,S3-716193994,S3-468577929,S3-668247894,S2-461690026,S2-22369872
S1-333564597	S2-802168997,S3-690369886,S2-686410652,S2-479643187,S3-302931471,S2-166552012,S2-20844502,S3-87567518,S2-75152655,S3-830059042,S3-535511313,S3-952368508
S1-986059943	S2-898229244,S3-103232730,S3-483738445,S3-750916239,S3-73072525,S2-464931907,S3-509307069,S2-218714543,S3-431356922,S2-532596679,S3-911750544,S2-455887297
S1-384324522	S2-767160461,S2-976506277,S2-566229108,S2-813733153,S3-911175594,S3-98183595,S2-275874358,S3-860760877,S2-731621080,S3-735486104,S3-486991937,S2-931611467
S1-436612584	S2-596406899,S2-668013954,S2-853455449,S3-736717575,S2-716553065,S3-944247234,S2-833014384,S2-531221675,S3-842553868,S3-835903862,S3-860707369,S3-952299104
S1-466239086	S2-869933586,S2-677544916,S2-770625625,S3-288633406,S3-831307115,S3-813565415,S3-11220532,S3-435481974,S3-194821087,S2-960973679,S2-64264681,S2-189195385
S1-849962484	S2-650819190,S2-939551486,S2-401968708,S2-976131311,S2-950117859,S2-539758757,S2-442606682,S2-661225823,S3-229673015,S2-512641864,S3-535649234,S2-726865684
S1-442191277	S3-318531381,S3-579936947,S3-58987076,S3-36381454,S3-835347543,S3-999869034,S2-542582389,S3-514249640,S2-96214664,S3-214872093,S3-55587206,S2-217968517
S1-367630731	S2-324113972,S3-47281870,S3-852314986,S2-477149058,S3-50693102,S2-393590647,S3-940612512,S2-807102686,S2-202179193,S3-59221790,S3-562229256,S3-729650363
S1-892327168	S3-586501147,S2-453864338,S2-248210596,S2-879524967,S3-937766206,S2-919752640,S2-888264495,S3-734823178,S2-698004225,S2-842165819,S2-131547476,S3-144156995
S1-918820119	S3-849252615,S2-905291057,S3-206503371,S3-305676785,S3-249995235,S3-99843350,S3-870736705,S2-544961570,S2-241859249,S2-887364933,S2-326210861,S2-87968132
S1-165695258	S2-246935422,S2-554331257,S3-387289215,S3-295107019,S2-479085104,S3-856569327,S2-100800211,S3-528478592,S3-470011934,S3-898834515,S3-594179578,S2-724719524
S1-846463741	S2-305626848,S3-577996533,S3-541889876,S2-236458720,S2-865758716,S3-79374,S3-842685246,S2-849922596,S2-91777039,S3-709400091,S2-933967327,S3-973152782
S1-928848055	S2-837986824,S3-815529349,S3-329706778,S3-864065894,S2-973374558,S2-298956122,S2-633384747,S2-909528457,S3-783025253,S2-893183434,S2-65405764,S2-394655272
S1-707541729	S2-805566386,S3-72801832,S2-311610256,S2-782844897,S3-75556178,S3-48018785,S3-914057063,S3-288694869,S3-798269251,S2-890497251,S3-629625267,S2-995411094
S1-290402587	S3-774199200,S2-883459134,S2-659760420,S3-786251997,S2-408762279,S2-908512108,S3-536627146,S3-834687199,S3-221509805,S3-951577326,S3-406232379,S3-420134937
S1-771815853	S3-731976344,S2-879716725,S3-465450140,S3-127279770,S3-546575817,S3-385310799,S2-840713025,S3-294511365,S2-942876667,S2-865720501,S3-571918928,S2-751095831
S1-165395883	S3-784568462,S3-522526987,S3-232102003,S3-642648572,S3-546575817,S2-463443133,S3-145195233,S3-525809120,S2-350634617,S3-619430424,S3-298874496,S3-421383045
S1-348659950	S3-523580105,S3-198635882,S2-252859145,S2-295415478,S2-856031019,S2-494052535,S2-908649940,S3-295078491,S2-185013334,S3-82512599,S3-284372914,S2-109973717
S1-2563151	S2-277490533,S3-222911903,S3-354065545,S3-132521353,S3-6743271,S3-695733042,S2-603700342,S3-623550544,S3-385310799,S3-61339072,S2-443121598,S3-25926435
S1-906601997	S2-583523439,S3-457744321,S2-233521369,S2-965712048,S2-343620757,S3-99704861,S3-952948991,S3-738722356,S3-280589018,S3-479032999,S3-649177173,S3-197596053
S1-321558078	S2-448825198,S3-451833949,S2-951700444,S2-374666352,S3-730031932,S3-444518975,S3-831807209,S2-516152654,S3-19712171,S3-5985416,S3-604490852,S2-588527488
S1-274859351	S2-852272055,S3-422179133,S3-33573645,S3-126427278,S2-229943268,S2-791479827,S3-382922042,S3-780854188,S2-202585553,S3-670292674,S3-454823500,S2-14677876
S1-763330413	S3-652489016,S3-673127985,S3-543618199,S2-124671863,S3-208987795,S3-257900514,S3-663319032,S2-402887144,S2-678764489,S2-468479694,S3-878255524,S2-324256070
S1-933943347	S3-195171551,S2-599875944,S2-804874634,S3-460015219,S2-27816342,S2-928583584,S3-40029266,S2-650273898,S2-704686336,S3-730686264,S2-66299004,S3-353385609
S1-719401244	S2-536465780,S3-221207814,S2-660722659,S3-906735106,S2-287405057,S3-204191573,S2-76443961,S2-588983723,S3-146224032,S2-941182576,S2-386039822,S3-16740174
S1-385587567	S2-632349882,S3-969608326,S2-984497730,S3-112710887,S3-471010201,S3-930512244,S2-529073543,S2-188324358,S2-165121543,S2-462361740,S3-185697863,S3-866366900
S1-714193069	S3-625605946,S2-898008264,S3-734998892,S3-543215169,S3-671872759,S2-768924271,S3-273228772,S2-942826481,S3-205243665,S3-942931571,S3-951713011,S3-600380915
S1-563781208	S2-44455524,S3-412760461,S2-948167256,S3-128802124,S2-328945733,S3-211420359,S3-179696525,S2-31712364,S3-767000875,S2-787656092,S2-351236467,S3-64251137
S1-883533495	S2-858691551,S3-344049178,S3-459415299,S2-107096142,S3-580811923,S2-9335612,S3-273139762,S3-765948109,S3-904211704,S3-914119353,S2-629514862,S2-813875772
S1-813971034	S3-303121824,S3-283539330,S3-672198411,S3-220461953,S3-247522783,S2-772926940,S3-528530020,S3-831834531,S3-635817427,S3-436899730,S2-56958105,S2-871817230
S1-378671183	S3-440887529,S3-425653517,S3-212342646,S2-811910926,S3-219726959,S3-778337303,S3-54359210,S2-575992111,S2-311656,S2-871062689,S2-204037419,S2-146141767
S1-268963612	S3-830832341,S2-194451560,S3-749963974,S2-408695812,S2-651668141,S2-116275769,S3-574939626,S3-300107917,S3-303807213,S3-437681537,S3-508479619,S3-180431138
S1-463094310	S3-465353113,S3-859239648,S3-585451013,S2-282406411,S3-169997164,S3-41205267,S3-991436070,S3-989377869,S3-305460300,S2-850663542,S2-937328621,S3-376453367
S1-251165503	S3-599030432,S2-323782949,S3-989397672,S3-944058506,S2-108138791,S2-714019027,S2-830844905,S2-920345392,S3-280953745,S3-748740064,S2-402064959,S2-454574826
S1-719087055	S3-716424749,S3-983438752,S3-542538267,S2-309117743,S3-715544771,S3-484389112,S2-509298153,S2-611240135,S3-418397859,S2-487897492,S3-562547779,S3-53253586
S1-423495495	S3-916666640,S2-51101740,S2-886883092,S2-227379652,S3-378078345,S3-267104226,S2-231295117,S2-786635132,S3-370637364,S3-341643443,S3-594872994,S3-879419875
S1-682952752	S3-15044904,S2-23911132,S3-482005052,S2-876149299,S2-325627686,S3-537680789,S2-807022429,S2-900891760,S2-623707842,S3-226113232,S2-403681619,S3-533130249
S1-803185643	S3-418900676,S3-7866705,S2-457457253,S3-715570030,S3-640189006,S3-730733971,S3-245215279,S3-782908440,S2-313482547,S3-825496342,S2-478527658,S2-102059703
S1-818046720	S2-730322126,S2-451465504,S3-208093028,S3-202480133,S2-776868376,S3-247403394,S3-523467177,S2-758107672,S2-309187659,S3-240067768,S2-969286892,S3-521353654
S1-326684351	S3-735233285,S3-917217592,S2-329106485,S3-547334734,S3-316449241,S2-497526502,S2-579699313,S2-309314551,S2-649151735,S3-119888664,S3-149844637,S3-337418309
S1-941540320	S3-756053753,S2-63312247,S3-659476283,S2-61671190,S3-921375010,S3-970496608,S2-82950284,S3-706627618,S2-991687645,S3-176037454,S2-265867257,S2-475495094
S1-193370220	S3-992890603,S2-88332769,S2-909066395,S3-695500338,S3-716667507,S2-927558698,S3-58563929,S3-808107637,S3-288950639,S3-139434088,S3-213800279,S2-572450256
S1-239782936	S2-123994843,S2-421438127,S3-351728593,S3-63057624,S3-93329448,S3-19401281,S3-70217882,S3-675063370,S3-742481539,S2-437893389,S2-917880064,S3-442503105
S1-793849160	S3-840563949,S2-747687567,S3-909900633,S2-440406506,S3-496979820,S3-456120253,S2-247039652,S3-13401503,S3-622195119,S3-681047680,S3-499610883,S2-48947987
S1-714129489	S2-839390944,S3-59575439,S3-305777915,S3-926342213,S3-776809202,S3-947842422,S2-868277296,S3-868917046,S2-627753237,S3-460363033,S2-295677234,S3-996422362
S1-288397112	S3-270069902,S3-39323634,S2-37993692,S2-614605106,S3-921848505,S2-392747534,S3-385166329,S3-962403824,S2-535207599,S3-211303730,S2-417507612,S2-918293707
S1-270490698	S2-510021520,S3-145585749,S3-38088662,S2-97536312,S3-87888386,S3-942560233,S3-740069114,S3-651723289,S2-770029116,S2-975082527,S2-978656292,S2-549920897
S1-735859944	S2-825497016,S2-645383329,S2-546508424,S3-775059013,S2-889646624,S2-700750486,S3-363977359,S2-346577691,S3-906192191,S2-680092409,S2-180838468,S2-503286090
S1-926940737	S2-751374361,S3-336999852,S3-716045121,S3-66449906,S2-222116723,S2-216753114,S2-786181769,S3-886837614,S3-28917346,S2-551820645,S3-745958630,S3-841879032
S1-400130143	S3-720038886,S3-406245793,S3-988553586,S3-785016605,S3-980365282,S3-312833976,S2-744481982,S3-502643470,S3-886805074,S3-975999983,S3-885681585,S2-949547316
S1-234907379	S3-238342916,S3-33237805,S2-141264408,S2-969340839,S2-318043630,S3-363398360,S2-404913760,S3-274645891,S3-764459101,S3-321084733,S3-887182160,S3-917252810
S1-345575013	S3-546645214,S2-810150182,S3-892431668,S3-313594633,S2-369809388,S2-940462597,S2-224059288,S3-849044421,S2-232257565,S2-191775593,S3-702273435,S2-332238024
S1-948488334	S3-674404283,S3-323361829,S3-820778618,S2-223294038,S3-512823279,S3-780839499,S3-268529201,S3-716069825,S3-860707369,S2-661459371,S3-324251700,S3-987028717
S1-671773513	S2-67060897,S2-899718027,S2-684153458,S3-144033397,S2-854999203,S2-618975836,S3-556183637,S3-448918728,S3-712081220,S2-293427405,S2-724616279,S2-324344707
S1-425510950	S3-168482973,S2-52555975,S2-394228556,S3-143088141,S2-337526663,S3-593655365,S2-827013615,S3-653263523,S2-970598703,S2-679903831,S2-379591329,S3-842553868
S1-932004104	S3-714269867,S3-765544996,S2-246764427,S2-16586119,S2-371868845,S3-287709527,S3-814344335,S3-766971063,S3-993943372,S3-233233278,S3-625066405,S3-337197489
S1-330238544	S2-145687738,S2-536657939,S2-733097913,S3-480441613,S2-114963010,S2-877827936,S3-300635499,S2-895879403,S2-979921066,S3-545851597,S2-539098487,S2-67775567
S1-210664753	S2-203376139,S3-363781066,S2-847724264,S2-702799004,S3-885913137,S2-446257531,S2-286590742,S3-412407288,S2-399706725,S3-853762958,S2-642850550,S3-79161313
S1-70463540	S2-212467088,S3-797463703,S2-231486089,S2-106646586,S3-85131135,S3-783952113,S3-773051640,S3-958448381,S2-191433367,S2-626204209,S2-816228947,S3-290083840
S1-4594024	S2-869189651,S2-114199719,S3-170704787,S2-231234774,S2-710146736,S3-103978720,S2-761769278,S3-279136461,S3-892663519,S3-245400271,S2-356569658,S3-82580822
S1-78637407	S2-968396926,S2-545975474,S3-562820375,S2-499609249,S3-878322291,S2-636831808,S3-469116991,S3-809148745,S3-635648586,S3-667566933,S3-255142295,S3-817212178
S1-414077399	S3-841894851,S3-854249750,S3-48178927,S2-483660504,S2-390972054,S3-12147214,S3-253649214,S3-332400262,S2-544963859,S3-348802550,S2-461733782,S3-176825848
S1-455601603	S3-865370391,S3-83605199,S3-47321990,S2-695629121,S3-470909637,S2-125862393,S2-828955860,S2-835465453,S2-45631603,S2-535598281,S3-55470865,S3-19182452
S1-493140418	S3-142790086,S3-766155743,S2-871530156,S3-870990103,S3-19836996,S3-108804917,S3-852389417,S3-835422090,S3-872107026,S2-231623214,S3-175696166,S3-440000472
S1-365476311	S2-539371534,S3-291686720,S3-699193092,S3-353723874,S2-597663805,S2-143554068,S2-869599996,S3-640843647,S2-106054065,S2-513690195,S2-886265758,S3-127939601
S1-709081128	S2-62544521,S2-726341251,S2-442213031,S2-345644036,S3-53462726,S2-376093983,S2-864960822,S3-697377397,S2-495522165,S2-544145941,S3-253963649,S2-565745244
S1-761813210	S3-247161586,S2-223643961,S3-622804766,S3-553790164,S3-674337127,S2-773466284,S3-832827938,S2-743203367,S3-492588146,S2-618558320,S3-554889726,S2-654937126
S1-621858672	S3-611861981,S2-71841184,S3-768231437,S3-845579094,S3-50735729,S3-770046938,S2-420162762,S2-984252847,S3-767134089,S3-782860375,S3-893906126,S2-465988489
S1-570131259	S3-503672206,S3-411836726,S2-427277488,S2-906189272,S3-678051235,S2-83858616,S2-635833325,S2-521991420,S3-594002267,S3-878154336,S3-110798936,S2-707503672
S1-596497687	S3-722811918,S3-877439987,S3-780358011,S2-527389425,S2-132166821,S3-370972405,S2-472849444,S2-302585508,S2-410649855,S3-111814951,S3-134002071,S3-177699731
S1-522425656	S3-864042631,S3-857916896,S3-292134676,S3-483434205,S3-993015795,S3-476250315,S3-544725327,S3-88373875,S2-767984580,S3-342117537,S3-190205260,S3-871180421
S1-14107319	S3-440030762,S2-89523565,S3-910661865,S3-946045582,S2-254661767,S2-683368104,S3-740979153,S3-273327849,S3-377845350,S3-995009247,S3-353144736,S3-145477171
S1-386619697	S3-219913817,S3-813881134,S3-297677551,S3-199847324,S2-255071565,S2-30819903,S3-28474314,S2-440526489,S3-900213955,S3-223840749,S2-280359803,S2-597347174
S1-662755677	S3-970387949,S3-689525957,S2-104301463,S3-328250791,S3-662099504,S3-415996404,S3-163620954,S3-874833779,S2-701126245,S2-965002007,S3-629843008,S3-490002767
S1-187803549	S3-430777283,S3-485915564,S3-677993926,S2-423450640,S2-454629372,S3-418106378,S3-419196199,S3-795674391,S2-502746677,S3-618498900,S2-536548674,S3-339116653
S1-670059667	S3-166253851,S3-772716358,S3-795764149,S2-200886314,S3-991981984,S2-357842891,S3-902137291,S3-678459287,S2-317106297,S2-209800202,S2-673940355,S3-85639626
S1-362988756	S3-425015196,S2-881627622,S3-913774965,S3-483377599,S2-421911617,S2-845668585,S3-724521177,S3-569907372,S2-212463371,S2-279262198,S2-472581962,S2-545706047
S1-384736158	S3-585212737,S3-769699218,S3-533042645,S2-189442581,S3-386953156,S2-513810897,S2-183948803,S2-871095597,S2-622834877,S2-714630618,S3-650050268,S3-56830896
S1-906766515	S2-487547218,S2-694449740,S2-478766247,S2-829975715,S2-921331480,S3-301520741,S2-875311595,S2-288383178,S2-116066443,S2-777238140,S3-252509709,S2-774581206
S1-46663671	S3-973408499,S3-764454129,S2-528453011,S3-494776335,S2-979101682,S3-137605528,S2-458697660,S3-834516845,S3-44241202,S3-35184491,S2-595171569,S3-495432030
S1-238061588	S3-185071787,S2-338158951,S3-421329071,S2-336145138,S2-161507348,S3-572400815,S3-557069402,S3-761429796,S3-673813081,S2-479124541,S2-915534507,S2-675636993
S1-470665817	S2-73589798,S2-130039122,S3-641432879,S3-155797580,S3-923829943,S3-254949797,S3-164704767,S3-994014912,S2-217451080,S3-265489006,S2-193107545,S2-620556521
S1-851475903	S3-568571786,S3-31777312,S2-269733882,S3-180746073,S3-798196842,S3-756980480,S3-443480452,S3-269293970,S2-123157259,S3-260321967,S3-853009676,S2-101911067
S1-124582409	S3-91249617,S3-696279711,S3-732480057,S2-406069048,S3-485062013,S3-727047017,S3-212333252,S3-507932802,S3-730931855,S2-391696224,S3-635435066,S2-679046917
S1-732893950	S3-208397277,S3-696399972,S2-719522880,S2-499472238,S3-175743662,S3-702243995,S2-650780819,S2-925431640,S3-459528212,S2-779846538,S3-867102175,S3-862024903
S1-121071786	S3-861550129,S2-722329647,S3-869591426,S3-474141122,S2-984007469,S2-707200704,S3-633839298,S2-614289578,S2-764083788,S3-13745969,S2-311019091,S3-510737229
S1-10709202	S3-651970601,S2-258726537,S2-877425247,S2-651468879,S2-592050762,S2-415342722,S3-968933532,S2-296899078,S2-171839485,S3-702437824,S2-54420228,S3-592825922
S1-357733807	S2-169336792,S3-893770773,S2-913367596,S2-482845274,S2-216122012,S3-88242252,S3-409565234,S3-846291428,S3-468486755,S3-634994795,S3-253572853,S3-429075783
S1-858577120	S3-707164852,S2-629758771,S2-651197400,S3-100337681,S2-409411309,S3-597250720,S2-193704720,S3-868587327,S3-318032940,S3-53979786,S3-338832582,S3-776452770
S1-739780291	S3-820414587,S3-667386504,S2-717051566,S2-42883309,S3-243816463,S2-80691271,S3-677073930,S3-323947552,S2-676989726,S2-57423607,S3-355960169,S2-218075323
S1-212491785	S2-718740847,S3-325935204,S2-496253169,S3-833579919,S2-911069811,S2-993885813,S3-684067553,S3-793844985,S3-602417593,S3-527141840,S3-398874051,S3-8352271
S1-254994588	S3-465842247,S2-146950200,S3-394371414,S2-571791191,S3-600177288,S2-535619344,S3-176262039,S2-249915829,S2-549311957,S3-74491596,S3-960479381,S2-151994713
S1-465753912	S2-394043984,S3-137979720,S2-813065074,S3-606492330,S3-356530327,S2-461614268,S2-307635484,S3-319941223,S3-902171433,S3-536748873,S3-951592105,S3-827696016
S1-790101416	S2-327826713,S2-764006734,S3-140219724,S2-741201405,S3-574011566,S3-962165185,S3-477861038,S2-238943981,S2-139037634,S3-760708982,S2-720003293,S3-722811929
S1-985553472	S2-3928081,S2-558377914,S3-45024927,S3-193272967,S3-700075277,S3-981678831,S3-379213023,S2-455591922,S3-901487283,S2-887137817,S2-5185190,S3-83004736
S1-442536774	S2-575984320,S2-395119906,S2-966544713,S3-782076336,S2-247057286,S2-569846046,S2-459129297,S2-74325863,S3-25490819,S3-107928018,S3-10323165,S2-906887360
S1-815009377	S3-277626085,S3-743997769,S2-385811873,S3-895047806,S3-350309084,S3-458760926,S3-811939775,S3-896681443,S3-24123956,S3-319992441,S3-369810629,S2-575556539
S1-662414248	S3-50939963,S3-473673915,S3-712178241,S2-707251476,S2-933738826,S2-294726121,S3-507773780,S2-740278977,S2-105594687,S3-85173037,S2-369727413,S2-696535688
S1-738766854	S3-534015645,S3-195612798,S3-871222562,S2-259624122,S3-981004490,S3-621503663,S3-333019253,S3-250638975,S3-171383772,S3-622985157,S2-936855005,S2-201352023
S1-104600962	S2-551892090,S2-572150634,S3-738707061,S2-946620605,S2-21691519,S2-248830147,S2-196469768,S3-965735823,S2-359643603,S3-565698506,S2-642854736,S3-76010194
S1-772695055	S2-513367965,S3-485183174,S2-417107832,S2-623945783,S3-644206148,S2-49741275,S3-192718625,S3-652292989,S3-413174814,S3-172840669,S3-384368033,S3-306633412
S1-152219113	S2-664264141,S3-12966335,S2-33139405,S3-1907260,S3-194471240,S3-959714119,S2-61675814,S3-340331632,S3-482672670,S3-148690220,S2-664036635,S2-645361993
S1-31414402	S2-71923579,S3-911881528,S3-558363086,S3-20017343,S2-497859184,S3-452911673,S2-287101788,S2-215242563,S3-38144354,S3-242819736,S3-654021712,S3-889304882
S1-324613163	S2-321252712,S3-105237148,S2-579971232,S2-562659755,S2-219152633,S3-578388591,S2-829410237,S2-714576835,S2-147987847,S3-643016158,S2-219579840,S2-580572459
S1-230333939	S2-27201071,S3-833678753,S3-664687057,S3-545898525,S3-21865106,S3-159268257,S3-918570859,S3-472546591,S3-539882386,S3-331316502,S3-11052742,S3-35272354
S1-630718602	S2-204758693,S2-843136276,S3-716676481,S3-481811557,S2-327080509,S2-838793080,S3-550158860,S2-756134265,S3-77433925,S3-558566724,S3-717325182,S3-197079689
S1-796965540	S3-812643699,S2-992414199,S2-324840877,S3-955540289,S3-158526444,S3-846035685,S2-236017153,S2-947286157,S3-963778837,S3-231192924,S2-889599663,S2-540056036
S1-684460146	S3-266426144,S2-831900436,S2-49056543,S2-283210249,S2-444891179,S2-580066990,S2-327694565,S3-641920402,S2-359682613,S3-998200897,S3-680460486,S3-65784096
S1-854484757	S2-935349564,S3-428227149,S3-771546154,S3-109257642,S3-909188299,S2-194070664,S2-750592146,S3-317882407,S2-42335302,S2-786319296,S3-459375519,S3-798689326
S1-340955445	S3-895625867,S2-201411173,S3-597366606,S3-648363092,S2-855899112,S3-36790287,S3-625831500,S3-371445818,S2-542889340,S3-738754026,S3-520992290,S3-38793967
S1-433921722	S3-716282454,S2-744593628,S2-698984226,S3-644649229,S3-62854376,S3-125262682,S3-871180421,S2-661654370,S2-157339401,S2-310118916,S3-98555992,S2-107077514
S1-833896484	S3-381003891,S2-648544514,S2-555067777,S3-228750733,S3-48538549,S3-962751392,S2-524081516,S2-568315771,S3-871359329,S3-660024341,S3-864418625,S3-12679860
S1-658951963	S2-506440668,S3-557200755,S3-206327645,S3-711363540,S2-554572239,S3-55177159,S3-972023829,S2-728214822,S3-555671613,S2-481979440,S3-454093770,S2-442158283
S1-983735998	S2-403031275,S2-173953425,S2-981316982,S2-856147614,S2-74384625,S3-545719135,S3-645430392,S3-868002958,S3-268175784,S3-480534145,S3-921017374,S3-870681143
S1-253130904	S3-20690956,S2-767106082,S3-752296784,S3-834366037,S3-410943990,S3-390178012,S3-590280453,S2-615682260,S2-753535264,S2-294785576,S3-538291141,S2-704382554
S1-621444492	S2-922728557,S2-932327758,S2-620842356,S3-265874394,S3-337197489,S3-139436796,S3-682836749,S3-733680932,S3-206040579,S3-872869912,S2-534771430,S3-993943372
S1-948200402	S3-285464589,S2-45462465,S3-117554304,S2-915785137,S3-287267703,S3-287174692,S2-221758106,S3-564796997,S2-258804870,S2-651273250,S3-160248785,S3-137538848
S1-835169169	S2-404456094,S3-682167426,S3-225611998,S3-51042986,S3-320075631,S2-408815471,S3-991102530,S2-801866078,S3-622837265,S3-753533166,S3-952532764,S3-170506969
S1-723757055	S2-83568993,S3-463498986,S2-275624563,S2-229611195,S3-855451546,S2-394424735,S3-397119602,S3-893251665,S3-599735195,S3-851827280,S2-772635217,S3-223889880
S1-605998856	S3-299348234,S3-432394312,S2-509945623,S3-594538276,S2-3486955,S3-130872324,S3-289027137,S3-858590196,S3-656823451,S2-502573121,S2-374161536,S3-703687148
S1-913114838	S3-759674200,S2-333860333,S3-420117259,S2-335802423,S2-418135873,S3-476697696,S3-78430930,S3-664859579,S3-313821476,S3-358895031,S2-876255439,S2-383947212
S1-380038693	S3-722752425,S3-293732726,S2-124641064,S2-122991754,S3-629751524,S2-108193153,S2-637985135,S2-372443598,S2-774204906,S2-78578575,S2-47116980,S2-127412559
S1-548478106	S2-216481196,S2-412910346,S2-979359753,S2-194341157,S2-989691610,S3-682839232,S3-802902195,S2-909239373,S2-416529115,S3-633839459,S2-422359022,S2-542382999
S1-138012485	S3-346943568,S3-192167470,S3-895109217,S2-150965678,S3-92596768,S3-589651616,S2-503299800,S3-172369817,S3-603799229,S3-172037158,S3-934553659,S3-909189771
S1-205613147	S3-246634028,S2-439026320,S3-59491876,S2-634410066,S3-456248719,S3-476250315,S2-465113331,S3-692382699,S3-194232465,S3-873300220,S2-336774102,S2-984937436
S1-676169096	S3-668577698,S3-330223400,S2-775512281,S3-439655790,S2-726047553,S2-486082578,S3-450381800,S3-594065904,S2-194861698,S2-220775643,S2-598724518,S2-503387785
S1-324104760	S2-424786099,S3-131451276,S3-132752359,S2-454578223,S2-989906500,S3-499432437,S3-724944119,S3-469868421,S3-104038162,S3-772291601,S3-813820716,S2-125770958
S1-213761521	S3-459661935,S2-4302271,S2-70908644,S3-869567544,S2-154761137,S2-747350353,S3-996093885,S2-45930158,S3-310857044,S3-176738163,S3-328756669,S2-949195021
S1-263581701	S2-666676041,S3-940182656,S3-805512061,S2-673156746,S3-180951509,S3-693441203,S2-471475347,S2-550490659,S3-656937460,S3-42620230,S3-94747723,S3-532988008
S1-888818443	S3-537394362,S2-507968180,S3-605571655,S3-197741855,S3-863643679,S3-837855405,S2-167801098,S2-334445077,S2-382887534,S2-253532284,S3-658777138,S3-370137134
S1-725456636	S2-238276155,S2-402511904,S3-69488281,S3-614192032,S3-911401223,S2-898156367,S3-195345029,S2-25537503,S2-162639977,S2-608090416,S2-69220430,S2-151611697
S1-599220705	S3-978375178,S2-568548832,S3-139436796,S3-94924753,S3-337197489,S2-841419660,S3-406057774,S3-956826711,S2-975711330,S3-268631378,S3-621132199,S3-640095769
S1-959847953	S2-920832028,S2-144007273,S2-916888613,S3-777446702,S2-262439880,S3-23197084,S2-206549652,S3-564699335,S3-123817278,S3-212905272,S2-873811891,S2-720085883
S1-31426607	S3-23495437,S3-882946873,S3-154297897,S2-599547068,S2-794442930,S3-882634886,S3-427726355,S2-830801293,S2-182976981,S3-671804934,S3-283481683,S2-1840066
S1-319661524	S2-7036913,S2-807616423,S2-355908658,S3-216949764,S3-310187753,S3-516257159,S3-550334006,S3-490638915,S3-692241427,S2-721541098,S3-172885252,S2-264905502
S1-56722290	S3-537501329,S3-645000462,S3-235211921,S2-102214752,S2-382155500,S2-956650895,S2-548388374,S3-826096984,S3-792117935,S2-945931689,S2-132298766,S2-49862523
S1-42981169	S3-38476315,S2-97985534,S3-125146526,S2-322187688,S3-354819906,S3-375023597,S3-309754744,S2-683664917,S3-121810783,S3-661266786,S3-206280288,S3-241748156
S1-849625455	S2-159175513,S2-150138231,S2-796595950,S3-124163517,S3-580329660,S3-871600037,S3-102295190,S2-813557011,S2-913062535,S2-64182989,S3-878752516,S2-617147506
S1-819627520	S2-686055430,S3-849467894,S3-436286816,S3-179350593,S2-18838561,S2-659643659,S3-682035056,S2-295344049,S2-907592911,S2-524826001,S2-313388116,S3-291856241
S1-903481382	S2-980307321,S2-959905561,S2-681667490,S2-726381389,S2-873077188,S2-398154898,S2-654305169,S2-935152042,S2-79699972,S2-453526429,S2-659670939,S2-225997654
S1-248186287	S3-393004935,S2-301201834,S3-766647927,S2-779475164,S3-55580681,S2-365752944,S2-850962305,S3-274321950,S3-3359733,S3-657839170,S2-657616957,S3-637064178
S1-370341929	S3-843067623,S2-285520881,S2-525762236,S3-291116796,S3-245736798,S3-331281570,S3-330710144,S2-569122942,S3-113380576,S2-41560685,S3-779130395,S3-843892305
S1-712682553	S3-324079263,S2-449529427,S2-252740975,S3-663390137,S3-110457568,S3-265337929,S3-643224178,S3-876045558,S3-435847555,S3-227254299,S3-238151236,S3-250149458
S1-599193422	S3-781571113,S3-402378729,S2-900533304,S2-511580240,S2-332562185,S3-929998080,S2-479576014,S2-368602324,S3-637423479,S2-227634817,S2-223998441,S3-19094213
S1-4226494	S2-202336440,S2-4552727,S3-530996257,S2-275499295,S3-168234199,S2-554821220,S3-159487450,S3-782180487,S3-272020062,S3-996390266,S2-293613144,S3-123103392
S1-380917708	S3-363401648,S2-203944477,S2-484081037,S2-580307617,S3-134568441,S2-949610781,S2-338540630,S3-317321582,S3-156390038,S3-286727217,S3-73626875,S3-252859276
S1-518015168	S3-335574286,S2-107501443,S3-50458424,S3-956847380,S3-975641925,S2-375443090,S2-863059084,S3-664403659,S3-930177506,S3-538989922,S3-884801194,S3-976507005
S1-705681159	S3-557023954,S3-944696578,S3-99504523,S2-380548379,S3-310224323,S2-168059149,S2-76445534,S3-861542122,S3-625765466,S2-624713661,S2-209875579,S2-588847906
S1-703741450	S3-173372140,S2-131578384,S3-717941835,S3-214842736,S2-248197442,S2-42316109,S2-381169715,S3-828136370,S2-517083592,S2-343752011,S2-558989326,S2-166508856
S1-795777722	S3-284915688,S2-578140171,S3-796961267,S3-109246782,S3-711185716,S3-325530749,S2-227808189,S3-180256074,S3-416922977,S3-10406885,S2-237128665,S2-316038636
S1-528622859	S3-219843647,S2-98298476,S3-76928004,S3-685507481,S2-175228801,S2-25663641,S2-978982282,S2-471421657,S3-564669073,S2-152417086,S2-931518369,S2-142631019
S1-297978670	S2-678701924,S3-666385320,S2-42362373,S2-691804461,S2-732473513,S3-336061533,S3-749100345,S3-418630579,S3-229002998,S3-575273698,S3-54416092,S3-920068504
S1-23415507	S3-681833103,S2-277926090,S2-559960992,S2-7202621,S3-587721127,S2-138179531,S3-798439776,S3-458366513,S2-188874958,S2-335713969,S3-250704737,S2-199959397
S1-970335259	S3-39335140,S2-594064745,S3-536665829,S3-170370259,S3-715285649,S3-293330881,S3-419038218,S3-959209450,S2-708459473,S3-330663936,S2-221593553,S2-203778059
S1-152111877	S2-42313920,S3-724240895,S3-935563221,S3-94761340,S3-785053735,S2-344609808,S3-925969865,S3-627817013,S3-308172423,S3-138447111,S2-850723596,S2-187543331
S1-900803431	S2-876822055,S2-784913712,S3-884824605,S3-257571824,S2-313089478,S3-574097839,S2-241566842,S3-730229783,S3-340496033,S2-605241955,S3-888476064,S2-585923829
S1-448693929	S3-856692283,S2-40628222,S3-996580378,S3-27438031,S2-287633153,S3-669675554,S2-559281604,S2-440524060,S2-151248659,S2-40001906,S2-784347235,S2-437914016
S1-453279692	S3-672631626,S3-908044181,S3-115773247,S2-18015216,S2-269095075,S3-403757658,S3-476825808,S2-770208335,S3-422005063,S3-136549648,S3-815793066,S3-710816531
S1-16898118	S3-426881626,S2-381740708,S3-899270700,S2-373270133,S3-225018104,S3-472836647,S3-741534050,S2-121617120,S2-421977660,S2-180184836,S3-234890304,S3-850234417
S1-711530078	S3-19207441,S2-553633822,S3-425065004,S2-660182328,S3-929595017,S3-838653383,S2-35518892,S3-1410733,S3-915616599,S3-772953865,S3-744134421,S3-617181290
S1-446039042	S3-862545415,S3-429384582,S2-857107502,S3-44786689,S3-840746320,S3-501018284,S3-611467421,S3-528077632,S3-560384321,S3-641959350,S3-679905772,S2-198672551
S1-152667248	S3-209588249,S2-567417600,S2-481846951,S3-42013742,S2-713225110,S3-814091365,S2-932914050,S3-690572239,S3-132722275,S2-638859801,S2-762757778,S3-327501643
S1-714532797	S3-463854024,S3-90065095,S2-254376593,S2-644193488,S3-331220131,S2-166997195,S2-93488651,S2-286875185,S2-395842790,S2-172372799,S3-168223469,S3-560698567
S1-323255385	S3-998990119,S3-50138625,S3-809640709,S2-889190492,S3-872443277,S2-160324322,S3-237143418,S2-990642276,S3-879153716,S3-86533842,S2-271660136,S3-757149293
S1-834061544	S2-457867432,S3-72063169,S2-59419655,S3-312360702,S2-529963754,S2-78030343,S3-895103677,S3-764378808,S3-177290460,S3-348812711,S3-513005719,S3-807522134
S1-238800051	S3-381860975,S3-662625899,S2-317235209,S2-17201872,S2-44246128,S2-56038245,S3-140469496,S2-81695740,S3-248342444,S2-556360735,S3-951492579,S3-630527314
S1-618260617	S3-166695993,S2-857251697,S2-438287461,S3-498306119,S3-225440541,S3-691359491,S2-665950641,S3-982138402,S2-278366066,S3-317521067,S3-803733146,S3-462468726
S1-386190690	S3-167554213,S3-540453061,S2-778829149,S2-491029945,S2-291000228,S3-601762869,S2-973400440,S2-558850415,S2-535897875,S3-178238587,S3-639086931,S2-204843331
S1-371322857	S2-993298852,S2-273121545,S3-262893953,S2-421095557,S3-361630942,S3-447137640,S3-258709676,S2-610264410,S2-846180410,S2-341895868,S3-135553808,S3-86331246
S1-569367313	S3-340864847,S3-228628869,S2-742235875,S2-775551172,S3-130024761,S3-293226065,S2-324823471,S3-338383124,S3-830302759,S3-344265728,S3-317045121,S3-504343446
S1-795575873	S2-112263826,S3-420134065,S3-774650825,S2-700120840,S2-940771069,S3-907846799,S3-963311623,S3-161086953,S2-271508336,S2-39428834,S2-577024087,S2-228641381
S1-651570009	S3-446309113,S3-405844223,S2-223287247,S2-998847018,S3-567898056,S2-219351516,S2-683904884,S3-632483567,S3-287295598,S3-512738887,S3-127815607,S2-927840109
S1-565716156	S3-984385881,S2-804743004,S3-20414388,S2-179201895,S2-378308586,S2-539713065,S3-823486191,S2-791598177,S3-410030342,S2-587658664,S3-360131311,S3-899834313
S1-201731782	S3-902507850,S3-738197012,S2-59334254,S3-203574398,S3-22447851,S3-61869184,S2-170917040,S3-718436492,S3-790886774,S2-805117745,S3-201998478,S3-697092021
S1-226560489	S2-773872026,S2-339634124,S2-759858236,S3-34003384,S3-98780691,S2-248909580,S2-191944874,S3-527411090,S2-256477278,S3-51213777,S3-865843484,S3-48303380
S1-851348700	S3-427807472,S3-617279217,S3-537067404,S3-198820063,S3-242093191,S3-808270700,S3-193748704,S3-15137494,S3-316528876,S3-504138274,S3-915639262,S3-366461218
S1-188370132	S2-459746837,S2-635609191,S3-455566730,S2-629922571,S2-278576195,S3-877762229,S3-772241668,S2-999328180,S2-22997044,S2-128574153,S2-585363498,S3-186928486
S1-730215445	S3-852100304,S2-601524234,S2-937819440,S3-632107290,S2-838730832,S3-213134637,S3-823902297,S3-287949355,S2-475691550,S3-381129017,S3-11939904,S2-728435475
S1-579644462	S3-564712222,S2-520895315,S2-459190072,S3-762101549,S3-713745770,S3-616513452,S3-399434707,S2-791994345,S2-67323479,S2-832410455,S2-486861339,S2-612112758
S1-384070789	S2-108163358,S3-418421529,S3-445218987,S3-463290441,S2-696419278,S3-162284841,S2-428475835,S3-268743919,S2-526496478,S2-198389915,S3-239952397,S2-123691379
S1-515965443	S3-123764892,S2-661842294,S3-174659559,S3-565636992,S3-161406116,S3-79326789,S3-280454084,S2-841790312,S2-156252764,S3-865956847,S3-601842555,S3-763185726
S1-884568718	S3-975500312,S3-737294376,S3-603208826,S2-645225875,S2-592273751,S2-816596647,S2-68196199,S2-783038066,S3-184701356,S3-649432249,S2-254198137,S2-87757485
S1-420372701	S2-849200265,S2-879759758,S3-990565196,S3-810049510,S2-158974594,S2-168615043,S2-602733258,S2-289895274,S2-754543085,S3-695018556,S2-759563874,S3-298510305
S1-8583890	S2-870758533,S2-777548998,S2-966696813,S3-627676214,S2-18415341,S3-647713238,S3-892115896,S3-962468193,S2-856333599,S3-693300074,S3-838943909,S3-960783194
S1-412366012	S3-503983387,S2-326125027,S3-475583596,S2-386890656,S3-476849176,S3-325174324,S2-112842813,S2-666656459,S2-991486198,S3-661788019,S2-464420272,S2-867239765
S1-528228320	S2-374690515,S3-342810840,S2-434683591,S2-862523084,S2-839578898,S2-577176924,S3-159384815,S3-591057900,S3-947091191,S3-639791894,S2-643059406,S3-980494176
S1-998515247	S2-73043798,S3-335316269,S3-830413158,S3-962456284,S2-373746217,S3-694735204,S2-42017939,S2-214763052,S2-700714418,S2-992076151,S2-993828178,S2-470233726
S1-512857526	S3-625543796,S2-909201120,S2-265867257,S3-176037454,S2-475495094,S2-314472530,S3-583742005,S3-350164713,S3-503986247,S3-664156176,S3-839018752,S3-505435301
S1-141244613	S3-757772327,S3-129723046,S3-977948459,S2-581894705,S2-123003515,S3-317181698,S2-257891728,S2-413889444,S3-258541954,S2-313551018,S2-373518157,S2-912767962
S1-554313994	S3-999706444,S2-561978167,S2-618177016,S3-789304346,S3-808386661,S2-724077564,S3-350568718,S3-482324397,S3-674536022,S2-802037499,S2-156199307,S2-715489785
S1-689208456	S2-98759458,S3-494645171,S3-203677930,S2-538393351,S2-589337455,S3-134885567,S3-311197626,S2-659080943,S3-594548242,S3-41002347,S3-863462184,S2-91710222
S1-88017471	S3-584925762,S3-735583436,S3-90017175,S3-541225846,S2-834056478,S3-552605632,S3-37592893,S3-835196251,S3-369323341,S3-790339521,S3-339502435,S3-138655790
S1-75788184	S3-62431864,S2-160483076,S2-17130118,S2-984553500,S2-238108307,S2-5923066,S2-801753416,S3-87364919,S3-400368347,S3-266362756,S2-29431525,S3-145784723
S1-67822539	S3-645718642,S2-151416527,S3-197906959,S2-445063498,S3-864735102,S2-735211317,S3-413958901,S2-242674354,S2-597388903,S2-214746928,S2-838499189,S3-453455851
S1-35181658	S2-456568085,S2-837228857,S2-533353020,S2-13024974,S3-197080331,S3-210788880,S3-967562460,S3-684674112,S3-653439318,S3-505819803,S3-982965783,S3-706399945
S1-785619243	S3-864393189,S2-285157639,S3-399193775,S3-332038067,S2-686142357,S2-869840499,S2-935867011,S3-488854963,S3-148463419,S2-645941136,S3-181620638,S3-128554103
S1-151818773	S2-424621905,S2-256855080,S3-862089421,S2-402515223,S2-830537792,S3-225285435,S2-530533477,S2-596085907,S2-190764622,S3-359582232,S3-391573350,S3-311813561
S1-843275108	S3-251097173,S2-753340324,S3-981851326,S3-379684487,S3-616211161,S3-437863888,S2-244506517,S3-390441253,S3-971913175,S3-693797603,S3-368589974,S2-894904692
S1-297139756	S2-224642319,S3-52275504,S2-646564389,S3-168973314,S2-447631706,S2-174132387,S2-123642039,S3-606003666,S2-855922404,S3-14683306,S2-750779471,S3-637796434
S1-749646569	S2-249188205,S3-948171885,S2-696854026,S3-76698258,S3-773919275,S2-299297477,S3-385180377,S3-167081128,S2-790453496,S2-758226442,S3-875266300,S3-60166319
S1-201486056	S2-436985587,S3-854113316,S3-781723288,S3-957174908,S2-525979338,S2-360387528,S3-125081939,S2-567638535,S2-142591368,S3-104819723,S2-998552778,S3-59010679
S1-458489652	S2-405388834,S2-809035059,S3-937452589,S3-9268702,S3-966474257,S2-547049148,S2-750907743,S3-509595808,S3-55456190,S3-39065566,S3-181756925,S3-805984574
S1-774635280	S2-437403222,S2-769656332,S3-437190536,S2-234325228,S3-92594023,S3-511691454,S2-211320575,S3-97677299,S2-635191116,S2-786740733,S3-116277098,S3-773596850
S1-683848296	S2-586378863,S3-719826178,S2-392282732,S2-638401632,S3-902225103,S3-195478570,S3-16069001,S3-33433876,S3-604062801,S3-434283299,S3-644853857,S2-529069619
S1-75876695	S2-783900972,S3-175440699,S3-256758626,S2-161643335,S2-778312319,S3-263282808,S3-623396831,S3-88857487,S3-122281522,S3-349198057,S2-524804793,S3-371302168
S1-928892735	S3-385767199,S2-305695522,S2-629488998,S2-841324922,S2-280827230,S2-56189462,S3-593013846,S2-57752400,S2-45576658,S2-3661635,S3-777282658,S3-8935653
S1-877353024	S2-141095841,S2-79252240,S2-210749881,S2-266119637,S3-457890173,S2-659915848,S3-937398234,S3-894205539,S3-768565865,S3-871887364,S3-371596237,S3-244667508
S1-195435381	S3-559051190,S2-951964498,S3-99917741,S2-250282139,S3-389390979,S2-66590536,S3-239803953,S3-122439209,S2-278913696,S3-371482835,S2-451353594,S3-54164639
S1-630775847	S2-46610667,S2-426083069,S3-679472902,S3-552152019,S3-798291161,S3-128782332,S2-267954498,S2-739591763,S3-1907260,S2-469063317,S3-684289546,S2-443174630
S1-561721009	S2-10849153,S2-545959487,S3-976267788,S3-733651117,S3-923165736,S3-500022585,S3-514523722,S3-952611217,S2-671802808,S2-348740725,S2-450808991,S3-136526804
S1-33260597	S2-482690270,S2-67072573,S3-15930353,S2-483363261,S2-84322162,S2-480552143,S2-709163619,S2-314817634,S2-497188302,S3-119552967,S2-310767138,S3-273388288
S1-471884779	S2-472769445,S3-34018727,S2-47043768,S3-844325331,S2-383019518,S3-886305176,S3-847163837,S3-379877454,S3-868295224,S3-630609730,S3-350451582,S3-297771892
S1-937414407	S3-918691099,S2-596894516,S3-573425804,S3-477481215,S3-144023295,S3-57658176,S2-185332024,S3-221639513,S3-624696885,S3-743115774,S3-849387085,S2-998594769
S1-800313285	S2-189167415,S3-49021910,S2-732225693,S3-688420154,S2-251726904,S2-154457599,S2-425153541,S3-531950,S3-668607253,S3-810084954,S3-542272268,S3-902412111
S1-640722916	S3-692859891,S2-801707027,S3-426204373,S3-193223681,S3-328474175,S3-582417687,S3-551192425,S2-593037711,S3-169052087,S3-290204049,S3-717790715,S2-342875858
S1-195846285	S3-201494066,S2-337106599,S3-544267842,S3-846927264,S2-122158580,S2-51940352,S3-605199874,S2-490481053,S3-538440133,S3-430164823,S2-106866358,S3-942038962
S1-588788903	S3-400797395,S2-291054662,S3-477526287,S2-547997580,S2-170747533,S3-810372962,S2-330756782,S2-905797247,S2-590802672,S3-909595604,S2-219422603,S2-617920654
S1-561167553	S3-92871605,S2-423097171,S3-171093105,S3-209478259,S3-760544037,S2-789234678,S3-39721660,S2-971306075,S3-395211188,S3-614625185,S3-145781555,S3-346804371
S1-226659904	S3-857746707,S3-915128713,S3-338013650,S2-36168230,S2-252053885,S3-218786342,S2-456842678,S2-943652224,S3-283827928,S3-110981204,S2-340884519,S3-484611424
S1-680937888	S3-479571797,S3-290541390,S2-58469579,S2-376268572,S2-332140062,S3-263424039,S3-674158969,S3-615857840,S3-53228994,S3-289944611,S3-964227624,S3-225850792
S1-932812504	S2-637436991,S3-134205816,S2-810826333,S2-416075943,S2-706741999,S2-495047647,S3-875410584,S2-920233245,S2-18550877,S3-835996898,S2-198575692,S2-431092627
S1-728635493	S2-969850425,S2-24350409,S2-645755844,S3-570007844,S2-204639884,S3-58188940,S3-320435855,S3-575346856,S2-421095557,S3-61254850,S3-477493556,S3-637943257
S1-792394223	S3-941996228,S2-803057957,S3-106040779,S3-593881520,S3-823660035,S3-590221683,S2-181538093,S3-211380801,S2-487258003,S2-330360958,S3-530825597,S3-356174615
S1-703848928	S3-455333956,S2-292623498,S3-500655945,S2-860263957,S2-961520250,S2-818902693,S3-935962053,S3-291167663,S2-2486819,S3-193877144,S2-734767742,S3-780257200
S1-74968588	S2-441859651,S3-336056522,S2-294157476,S3-985752107,S3-932647463,S2-374608658,S2-68629904,S2-637103661,S2-807090342,S3-250771743,S3-894992590,S2-722992855
S1-111912948	S2-539276740,S3-452986383,S2-824327105,S3-820306706,S3-965488597,S2-311407931,S3-825921299,S3-908851902,S3-869469551,S2-704138310,S2-650276049,S2-626164970
S1-557408785	S2-252470067,S2-299835574,S3-963438654,S3-49809852,S2-650031341,S3-487381677,S2-358995918,S2-355244246,S3-570412861,S3-568111637,S3-749072913,S3-802489987
S1-149175189	S3-900601454,S2-197241624,S3-722832968,S2-160713368,S2-49482510,S2-751824747,S2-603880262,S3-814616736,S2-456169017,S2-123358766,S2-252484228,S2-932510390
S1-691828136	S3-586509029,S3-646509461,S3-719028110,S2-400222269,S2-796446117,S3-341417998,S3-997237698,S3-287940082,S2-148081392,S3-531843180,S2-169224183,S3-996353993
S1-374376629	S2-104961522,S2-789303893,S3-657184152,S2-245860397,S2-172847250,S2-631803166,S3-955521983,S2-964021182,S3-466938085,S3-449937263,S3-720331416,S3-656249822
S1-655702867	S2-922562223,S3-932091768,S3-265435267,S3-73257971,S2-79581242,S3-535524427,S3-883161860,S3-761099344,S2-231014398,S3-231538951,S3-964784770,S3-901152636
S1-685030263	S2-180412815,S3-413971987,S3-22534287,S3-302315650,S2-616713119,S2-940292611,S2-910014745,S2-519212252,S2-524215551,S2-184712635,S2-140264540,S2-524013035
S1-344992065	S3-675506568,S3-217599398,S3-598226489,S3-483231166,S3-371267122,S2-900464581,S2-856739652,S3-282628875,S3-141952405,S3-825289247,S3-331830172,S2-105371906
S1-502075909	S2-975134500,S2-27636184,S3-412261955,S2-928296756,S3-787765334,S2-434643772,S3-303537039,S2-172054392,S3-78939759,S3-319643798,S3-553364386,S3-409274321
S1-320126869	S3-243893355,S3-903424786,S3-589241684,S3-758310515,S3-561845387,S2-471516180,S3-238252417,S2-687805836,S3-353787590,S3-675464393,S3-401466688,S3-283941391
S1-779869016	S3-568885057,S2-953075229,S3-150764031,S2-500560178,S3-375225023,S3-616419372,S2-495772720,S2-44415388,S3-948848324,S2-955352539,S2-531460266,S3-22118858
S1-337882514	S2-175879048,S2-702566753,S3-767995261,S3-274645891,S3-321084733,S3-103694625,S3-808760203,S3-653663704,S3-666385320,S2-678701924,S2-42362373,S2-503403320
S1-388738074	S3-1082658,S2-930371940,S2-979033570,S2-887547746,S2-971801986,S3-488742094,S3-704714013,S2-134255647,S3-169732859,S3-652157598,S3-737617114,S3-9175203
S1-180425935	S2-48226819,S2-472527304,S2-926885800,S3-471551483,S2-680647982,S2-79564327,S2-79045019,S2-27931758,S2-590932829,S2-979136525,S2-428616381,S2-231906300
S1-980883433	S2-617861393,S2-329970376,S2-879458859,S3-134969397,S3-660784677,S3-611066125,S2-24486435,S3-721843597,S3-995752293,S2-613183703,S2-304555862,S3-10522576
S1-227880948	S3-85251817,S2-617912671,S3-627821437,S2-243228362,S2-416645357,S3-781195129,S3-484485596,S2-486376005,S2-192631328,S3-906718279,S3-853039252,S3-150354232
S1-756190461	S2-426340935,S3-956139428,S2-635556739,S2-49918354,S2-717036821,S2-162796545,S3-990940530,S3-589484717,S3-697679281,S3-572148840,S2-491576129,S2-481048726
S1-350074796	S3-660402203,S3-457749769,S3-662212144,S2-551746790,S3-875619067,S2-665179187,S3-619451088,S3-64154102,S3-879621090,S2-719851909,S3-613092115,S2-89107509
S1-268437161	S3-323233123,S2-802256970,S3-320962580,S2-718061332,S2-559938269,S3-579936947,S2-892115012,S2-494647633,S3-58987076,S3-302698411,S2-643004343,S3-632188745
S1-836327264	S2-145832710,S3-498326864,S2-722640839,S3-153544723,S2-513714444,S2-1816873,S2-794672631,S2-729604953,S2-415229660,S3-247965162,S2-555694197,S3-315220384
S1-748977449	S3-382548370,S2-8175609,S2-760333741,S2-237219549,S3-585481670,S3-359245337,S2-742106572,S3-217793835,S2-569616901,S3-930595623,S3-205504337,S3-712639127
S1-288146550	S3-525847275,S2-726261010,S3-987330554,S3-271599294,S2-265867257,S3-176037454,S2-475495094,S2-314472530,S3-583742005,S3-503986247,S3-664156176,S3-350164713
S1-631815952	S3-810840035,S2-954047664,S2-418751182,S2-328487169,S3-771716314,S2-579643982,S3-42600147,S3-339100727,S2-666585549,S2-423412095,S2-581979453,S3-573245592
S1-996081748	S3-856981610,S3-346547687,S3-169522633,S3-41768995,S2-630826293,S2-841702718,S3-751650234,S2-94691385,S2-38309713,S3-493284011,S2-943812249,S3-952519554
S1-259550784	S2-950118341,S3-201594470,S2-784765897,S3-382250908,S3-351189097,S2-50293376,S2-545659685,S2-584652085,S2-888830499,S3-240087306,S3-955672462,S2-198503882
S1-836564513	S3-60641847,S2-164673692,S2-155529320,S3-628182323,S3-528249061,S2-72837635,S2-451331242,S3-439663962,S2-455559677,S2-930556818,S3-262893953,S3-735997374
S1-329916893	S3-895571260,S3-896906606,S3-571306705,S3-486308427,S2-819670564,S3-809122076,S2-961987009,S2-452261010,S3-762142441,S2-596013534,S2-374097472,S3-611388615
S1-209184514	S3-600488855,S2-824758576,S2-88963722,S3-324325674,S3-620591203,S3-207221919,S3-594548242,S3-554319831,S3-92899558,S3-808621810,S3-138809050,S3-204021511
S1-886959181	S3-733649559,S3-347778684,S2-945536771,S3-355659900,S3-940320514,S3-188175797,S2-150918168,S2-513304162,S3-909960285,S2-292062074,S2-676580255,S3-259083073
S1-743361812	S3-957339251,S2-397916190,S3-348579221,S3-803713160,S2-689997102,S3-158888297,S3-395405879,S3-567293354,S2-397769957,S3-458975701,S3-119679588,S3-64879212
S1-723333584	S3-377965752,S3-896435327,S2-721111379,S2-698170126,S2-978835785,S2-711305777,S2-770875732,S2-986578999,S2-715402554,S3-234989967,S3-509491510,S2-483258379
S1-404667296	S2-131077109,S3-637101309,S2-271193743,S2-808434058,S3-802545939,S2-851956155,S2-840322016,S3-336289241,S2-393661815,S2-436956325,S2-540820114,S3-172768184
S1-128691483	S2-65899304,S3-824445666,S2-391094768,S3-6763720,S2-50472496,S2-685639713,S3-62322842,S3-485263162,S2-47498344,S2-869593090,S2-795101232,S3-304336735
S1-182282083	S2-326072184,S2-151671375,S3-882041376,S3-452032428,S3-575049753,S3-496039879,S3-854267777,S3-391574634,S2-666655351,S2-809861244,S3-57769113,S3-458084463
S1-551815578	S3-409776008,S3-351668564,S2-444279497,S3-94630377,S3-30089738,S2-59335674,S3-103385832,S2-831036635,S3-173072322,S2-143372869,S3-600019202,S2-621598290
S1-348046126	S2-964921228,S3-676300573,S3-902076662,S2-798815814,S3-211775256,S3-536879365,S2-380905620,S2-916352737,S2-741356166,S2-740095040,S3-940083063,S2-442977872
S1-119170377	S3-512483213,S3-878626518,S2-503609929,S3-63478847,S3-92214163,S2-9815163,S2-191834016,S2-511376581,S3-223413614,S3-788113314,S3-942110137,S3-653689063
S1-175772456	S3-174314900,S2-323053735,S3-82397083,S2-575965930,S3-512626143,S3-287839827,S3-45254574,S3-513779724,S2-406563179,S2-703011091,S3-907400599,S3-51411409
S1-395638812	S2-990665260,S3-789777190,S2-757282907,S3-83560848,S3-880485119,S3-829750903,S2-565253484,S3-816906636,S2-768394835,S3-393537393,S2-181538092,S2-358202032
S1-750385851	S2-843803414,S2-890410794,S2-582637391,S2-63768841,S3-869030756,S3-129983706,S2-515773950,S3-316355269,S3-192521153,S3-892481224,S3-935784745,S3-238252176
S1-471056937	S2-22865185,S2-377495445,S2-348299863,S3-653572077,S3-310970796,S3-88126451,S3-549400472,S3-791858011,S3-820674583,S3-86477921,S3-400124422,S3-675925515
S1-608082322	S2-373007602,S3-299348234,S2-8135177,S3-432394312,S3-993906546,S3-630449765,S2-178048626,S3-554600286,S2-701809454,S3-133356705,S3-351286964,S2-291221560
S1-491256942	S3-281863367,S2-566326958,S2-67053931,S3-551130830,S2-100847895,S2-887247459,S2-535081579,S3-830153424,S3-352995883,S3-287668851,S3-600783576,S3-323858368
S1-507205629	S2-85529001,S3-263925406,S2-304709848,S2-615448941,S2-39212479,S2-308079486,S2-733848188,S3-686709463,S3-840675338,S2-21112094,S3-849348637,S2-370953304
S1-74630739	S2-8390565,S2-89275398,S3-52664068,S2-938253796,S2-635720460,S2-324927572,S3-854569180,S2-816428402,S2-103004921,S3-359432472,S2-598696941,S2-873882207
S1-537828355	S2-61869354,S3-98919769,S3-362966336,S2-855402162,S2-630729055,S3-49340104,S2-880688864,S3-963776365,S3-676486019,S3-270338775,S2-560939839,S2-421095557
S1-399301204	S3-520406390,S3-948136218,S3-220483729,S2-379795098,S2-982544708,S3-847653573,S3-458897327,S3-247405625,S2-277929594,S2-447666911,S3-542273288,S3-793612271
S1-977187100	S3-352872645,S3-761509531,S3-129802730,S2-599203681,S3-831766035,S2-372635398,S3-100083395,S3-127751949,S2-143179490,S3-278829331,S2-63731342,S3-127831849
S1-914364235	S2-19993652,S2-96186491,S3-659785062,S3-607399128,S3-512009661,S3-446991174,S3-230906212,S3-529358043,S3-678685928,S2-924419040,S2-489352968,S2-774900276
S1-432221760	S2-394030965,S2-472199779,S2-523904467,S3-972078101,S3-709442341,S3-395728042,S2-176092970,S2-346106231,S3-833587260,S2-278465558,S3-220461953,S3-713744653
S1-497666210	S3-544853171,S2-4282456,S3-837712260,S3-838308888,S3-703378208,S3-692906976,S3-770756565,S2-555561479,S3-684022752,S3-960317005,S2-226067206,S2-533652044
S1-831256823	S2-581561943,S2-11673980,S2-890340904,S2-14335006,S3-579163381,S3-388696434,S3-829618964,S3-872789152,S2-943235878,S3-595966750,S2-803441270,S3-487611724
S1-622759347	S3-810532998,S2-371928266,S3-475451318,S3-48141481,S2-299101086,S2-184760878,S2-652750710,S2-49818044,S2-147826860,S3-867141102,S2-877047953,S3-968313221
S1-752621677	S2-398905360,S3-16488658,S3-888208488,S3-250967488,S3-300610969,S2-880956131,S3-99321982,S3-845602920,S2-198219133,S3-344543510,S3-65414875,S3-495879655
S1-591496468	S2-402500769,S3-821574258,S2-624597011,S3-28120754,S2-829574519,S3-419180794,S3-817750796,S3-73136454,S3-785768406,S3-489990009,S3-154229674,S3-762617301
S1-852203502	S2-970141857,S2-186935128,S2-226638501,S3-628774546,S2-400702749,S3-340345573,S3-676936941,S2-945866720,S3-888496177,S3-780468516,S2-998856336,S2-58971569
S1-986498451	S2-570147844,S2-895992215,S3-299318159,S3-501866565,S3-824891671,S3-207317406,S3-597890108,S3-740680783,S3-957820021,S3-554621382,S2-427595977,S3-176654236
S1-562601733	S2-654636232,S2-554467671,S3-134776749,S3-646253887,S2-14990179,S3-471840142,S3-939148912,S2-911849456,S2-120297141,S3-762063385,S3-18235754,S2-912751027
S1-735287257	S2-670525371,S3-619451088,S3-717216636,S2-769282951,S3-381488163,S3-395167271,S3-875619067,S2-719851909,S2-776639231,S2-486794573,S2-665179187,S2-980282242
S1-600541138	S3-53452914,S2-56946684,S3-156545238,S3-812435025,S2-245147975,S2-211692349,S3-184000534,S2-27935376,S3-723599195,S3-758491252,S2-821985900,S3-810450482
S1-582126603	S3-713853687,S2-868695143,S2-724152238,S2-979745969,S3-657900181,S3-576177263,S3-924539108,S2-239077169,S3-446284632,S3-287588369,S3-707697583,S3-86331246
S1-333004230	S2-283916749,S3-284662571,S3-835182563,S2-546521243,S2-832265911,S2-733190764,S3-810232601,S2-676876611,S2-713440834,S3-298121928,S3-823910695,S3-140597700
S1-122853205	S3-729988818,S2-28240092,S2-451166024,S3-139222229,S2-336313156,S3-925826887,S3-69401167,S2-172845187,S3-829682770,S2-181549946,S2-742309844,S2-29273353
S1-163679948	S3-900158254,S3-499516171,S2-85973238,S2-702112288,S3-622735656,S2-147948477,S3-570979724,S3-13511660,S2-886132053,S2-25950408,S2-499811600,S3-825800731
S1-238714172	S3-961950623,S2-828749698,S3-85198768,S2-371916634,S2-907310616,S3-746227425,S3-461871953,S2-383594893,S3-950623410,S3-612869185,S2-415909037,S2-594024579
S1-573955415	S3-770764210,S3-280700244,S3-181745396,S2-779893177,S2-454806783,S3-676859678,S3-941731763,S3-87843819,S3-413951577,S2-78597754,S3-843898510,S2-236310979
S1-565861016	S3-114595164,S2-668096991,S2-218167287,S2-868647868,S2-281147793,S3-107357305,S3-677840005,S3-436434008,S3-931367289,S3-330049491,S3-452047286,S3-131730632
S1-629811526	S2-618793238,S3-647618952,S2-770222456,S3-694102632,S3-652777670,S3-321007090,S3-153775561,S2-694617286,S2-793034110,S2-447334362,S2-400510696,S3-672725476
S1-796842081	S2-430703732,S3-687972217,S3-963185675,S2-810816073,S2-20154886,S3-239270705,S3-418551835,S3-121823281,S2-224528474,S3-707644447,S2-787328818,S3-123352898
S1-598954163	S3-510067334,S3-564746506,S2-653340241,S2-923938415,S3-292534605,S3-116400594,S3-882629112,S3-424743413,S3-874487399,S2-429912150,S2-731965355,S2-923545285
S1-986306848	S3-732264398,S3-476103944,S2-816433301,S2-547488665,S3-579936947,S3-719322918,S3-58987076,S3-929192109,S3-819924471,S2-710020321,S3-442731338,S3-490390775
S1-135504215	S3-901371736,S2-709451666,S2-812638626,S2-803581302,S3-840201946,S3-694164594,S2-335209993,S3-701170531,S3-914025655,S3-139560575,S3-630609730,S2-467108327
S1-762749449	S3-153316911,S3-306344890,S3-999384474,S2-836528843,S2-578994135,S2-453636816,S3-323032639,S3-84159354,S2-194029775,S2-77864992,S2-809865511,S2-837041686
S1-733732461	S3-240111331,S3-799415509,S2-645056182,S2-466928030,S3-519260636,S3-368420802,S3-492288862,S3-202354878,S2-150201318,S3-867284667,S2-985197157,S2-779320075
S1-122306631	S3-656287805,S3-76251197,S2-83338706,S2-418221122,S3-563127356,S3-964906476,S3-53851078,S3-252750838,S3-653439318,S3-210788880,S3-684674112,S3-963269110
S1-944664517	S2-550845515,S3-649192381,S2-841688706,S2-469245268,S2-791941420,S3-936515685,S3-116431875,S3-857108098,S2-203981812,S2-245824605,S2-770198287,S2-665410017
S1-186664511	S3-233268297,S3-678719654,S2-850196876,S3-37263770,S3-928857009,S3-396461726,S3-300450020,S3-439330200,S3-154239150,S2-844395035,S3-620591203,S3-792186623
S1-737968489	S2-488226474,S2-29597860,S3-98625468,S3-883319135,S3-595550314,S2-571903326,S2-180162621,S3-760985218,S3-657527018,S2-76405804,S3-321128471,S3-109755197
S1-41031187	S3-529830922,S3-279976795,S2-53479102,S2-197072834,S2-316484066,S3-503988460,S3-142603856,S3-827427041,S3-234914811,S2-162636103,S2-154771693,S2-392705892
S1-155831239	S2-849823402,S3-745093364,S2-811601842,S3-712641256,S3-893220468,S3-506428344,S2-224131680,S2-596544864,S3-388045304,S2-222006391,S3-848901628,S3-772123687
S1-350512778	S3-126632368,S3-863006534,S3-445419225,S3-397458693,S3-297294353,S2-891500413,S2-225574278,S3-730285012,S2-384303407,S2-725326293,S3-483370048,S2-48962477
S1-512388209	S3-830964873,S3-77711796,S3-848940049,S2-626461225,S2-359191336,S2-459441229,S2-331631393,S2-844772327,S3-735132006,S2-799437472,S2-91400025,S3-974885343
S1-813863874	S3-892795415,S2-687630798,S2-640574228,S2-320335182,S2-490911882,S3-403497305,S2-868982184,S2-6241540,S3-830006702,S2-785045577,S2-830827980,S3-344937211
S1-998412698	S3-272945048,S3-416294747,S2-819644955,S2-129630919,S3-322782389,S3-73511561,S3-867457966,S3-483098569,S3-248790104,S3-266945136,S2-733645417,S2-741513692
S1-289931344	S2-67678912,S2-680655726,S2-711121033,S3-516827466,S2-912532018,S3-75099658,S2-977266268,S2-386937443,S3-692471778,S2-13883992,S3-92340925,S3-80252548
S1-398157588	S3-940131546,S3-10650268,S3-126196083,S3-760156533,S2-844929308,S2-791138232,S3-434243480,S2-258645675,S3-896315795,S2-734053203,S3-574877863,S3-35550467
S1-575380144	S3-141423487,S2-913918452,S2-383345784,S3-656240933,S2-633108048,S2-285288401,S3-603719394,S3-665714849,S2-110081375,S3-400032446,S3-333170044,S3-989480128
S1-350562637	S2-115144176,S3-916991551,S2-532040870,S3-867330763,S3-36899945,S3-607028085,S2-497558043,S2-261883221,S2-46962702,S3-83219210,S3-306483948,S3-678874528
S1-26222866	S3-632415983,S3-945349203,S2-846396503,S3-979354746,S2-980905007,S2-642476179,S3-778432539,S3-28280547,S3-338579149,S3-228732766,S2-706241621,S3-315694663
S1-158292441	S3-725461552,S2-288717007,S3-431035432,S2-951450780,S2-704792544,S2-828166210,S2-688070877,S2-541874126,S3-364276509,S3-816283733,S3-421229406,S3-367904930
S1-197052752	S2-160080736,S2-156872571,S3-583828661,S3-808846844,S2-435128207,S3-505348720,S2-54660989,S2-290432428,S3-280441275,S3-930600984,S3-695989750,S2-360314541
S1-774483375	S2-684344680,S3-160064050,S3-971303374,S2-506579578,S2-165646623,S3-420744845,S3-192571113,S2-690556589,S3-148120840,S2-732126978,S3-120318188,S3-67766432
S1-686292908	S2-418173815,S3-335054727,S2-506224961,S2-948380348,S3-967014784,S3-316729470,S2-689070361,S3-793937989,S3-483459102,S2-205628218,S3-992671239,S2-6536727
S1-794304529	S2-503091004,S3-95761238,S2-434566315,S3-587471681,S3-606661156,S2-524053452,S2-67193746,S2-374902685,S3-408645920,S3-53046634,S3-589481910,S3-754427248
S1-241980790	S3-579939094,S3-964392326,S2-675157986,S2-559214152,S2-357696011,S3-566244126,S3-78430930,S3-476697696,S3-358895031,S3-331289317,S3-313821476,S3-780048723
S1-527516907	S2-710893179,S2-703540329,S3-946157640,S3-998053326,S2-791903652,S3-175434368,S3-380892500,S3-513160373,S2-110611822,S3-335169978,S2-643404816,S3-515754509
S1-531784663	S2-787920115,S3-348313117,S2-19471836,S2-212037387,S2-911163058,S2-467740937,S2-18837569,S2-360607471,S2-265868250,S3-225538998,S3-51259675,S2-59460024
S1-827648557	S3-517040079,S3-998932422,S2-85097899,S2-993323615,S2-555756487,S3-773104175,S2-340863291,S2-582137596,S3-755596497,S2-685067564,S3-956117638,S2-836981764
S1-743991708	S3-433599850,S2-993902043,S3-434560748,S3-512803117,S3-594066376,S3-501500,S3-949557106,S3-704515223,S3-859962936,S3-712610003,S2-375180854,S3-860821930
S1-510025263	S2-62181152,S2-973318649,S3-763937203,S2-709801241,S2-785142738,S3-552080929,S3-9264875,S3-432422532,S3-889130578,S2-755259038,S2-185977226,S3-756451053
S1-619662688	S2-401016752,S2-522718060,S2-255740851,S3-606825162,S3-149286968,S2-158690332,S3-19488735,S2-553445473,S3-314552894,S2-642694111,S3-735285513,S3-226295100
S1-56832416	S3-549373269,S3-206118249,S2-206044985,S3-648483760,S3-198994616,S2-768095392,S3-949660626,S2-93539939,S3-511691454,S2-211320575,S3-908636811,S3-318289605
S1-310765723	S3-671205278,S2-346699613,S2-455293881,S3-587757273,S3-634668729,S2-812126129,S2-261391483,S3-816691724,S3-552496993,S3-612402789,S3-75741043,S3-800952948
S1-515940832	S2-716109049,S2-278690262,S3-368132411,S3-175693586,S3-18023472,S3-326251201,S3-695398514,S2-782644298,S2-198758814,S3-910231681,S2-584067434,S3-415283962
S1-551133911	S3-819222590,S3-632696535,S2-104343134,S3-596680105,S2-108667432,S3-940112412,S2-288846094,S3-920019568,S3-507213475,S2-496647090,S2-361070147,S3-74794609
S1-833683535	S3-572346169,S3-74358356,S2-429858476,S2-937835129,S3-58579122,S2-618510874,S3-401963856,S3-366177170,S3-772030081,S2-452624362,S2-957806211,S3-315002270
S1-647524038	S2-482031326,S3-632226796,S3-732603774,S3-602091979,S3-902977407,S3-410391954,S3-921659030,S3-707470930,S3-403093161,S2-715489492,S3-39822308,S3-382424440
S1-641150902	S3-653835142,S3-713098135,S3-231007016,S3-77588078,S3-428448765,S3-21413988,S3-907488369,S3-2212918,S3-785666601,S2-739086598,S3-969681070,S2-226653927
S1-984245298	S3-326026892,S3-697594222,S3-301425123,S3-275221813,S3-720260847,S3-647700654,S3-2051743,S3-962602216,S3-453374355,S3-416647391,S3-230576574,S3-309860103
S1-315957540	S3-327131086,S2-140738183,S3-471555267,S2-652440344,S3-700012568,S3-813453073,S2-586040668,S3-855745785,S2-688491717,S3-908371855,S3-273382116,S3-712110087
S1-891883062	S3-795181970,S2-786979688,S2-707070009,S3-241851301,S2-689731067,S2-33643489,S3-973012188,S2-43651682,S2-228213416,S3-576741549,S2-249093785,S2-663744733
S1-450909281	S2-186811269,S2-709747482,S2-502830313,S3-357596026,S3-476569101,S3-899156662,S2-321458246,S2-883156273,S3-714476343,S2-782750187,S3-453995724,S3-439583348
S1-570825615	S3-522076240,S2-329403122,S2-11393985,S3-461217600,S3-1907260,S3-959714119,S3-194471240,S2-61675814,S3-340331632,S3-482672670,S3-870815971,S3-970400889
S1-103963804	S3-375620126,S3-231291656,S3-484173292,S2-646752318,S3-658611589,S3-468779868,S2-535954006,S3-689778397,S3-778555285,S2-992923454,S3-689428971,S3-620416556
S1-422870235	S3-658140434,S2-441294821,S3-948818940,S2-315815856,S3-110002621,S2-736802852,S2-683399128,S2-628004200,S2-713374497,S3-611222164,S3-77772586,S2-504795594
S1-527779722	S3-748565287,S3-469019429,S3-920699140,S2-787271316,S3-287846052,S3-849296654,S3-101893007,S2-165173923,S3-503768242,S3-942104751,S3-323320965,S3-174003735
S1-501678057	S3-845338735,S2-958653497,S3-97449793,S3-317911656,S3-301861464,S2-425752951,S2-801460888,S3-403804700,S2-225498017,S2-13541141,S2-160646544,S2-182769938
S1-999783885	S3-687475081,S2-139589604,S2-887419364,S2-485886326,S2-353484830,S3-577127615,S2-9714589,S3-308741364,S2-972557232,S2-731701374,S2-895665739,S2-939491531
S1-526816877	S2-758904229,S3-572838580,S2-9354432,S3-6253160,S3-710093473,S2-18643096,S2-654534104,S3-578681679,S2-959829858,S3-368939138,S2-537556252,S3-425760392
S1-342092969	S2-470284966,S3-648137045,S2-328128272,S2-135656677,S2-425631171,S2-177881513,S3-10406885,S3-416922977,S2-882360305,S2-345531502,S3-626603475,S3-569451641
S1-23962992	S2-803436525,S3-252489939,S3-131080528,S2-157124419,S3-996518090,S2-218504840,S3-56638449,S2-725127383,S3-548061282,S3-911416149,S3-330147682,S2-744386982
S1-8812511	S3-812700014,S2-401201984,S2-293535497,S2-290483884,S2-449552818,S3-677036009,S3-955129343,S3-567267035,S3-280843465,S3-17289821,S2-711790582,S2-333806848
S1-240876533	S3-879618696,S3-308843864,S2-938146875,S3-133330621,S3-35013290,S3-630927249,S3-458257877,S2-182735478,S2-395884334,S3-283853789,S3-306472900,S3-160360130
S1-956127544	S2-721601886,S2-784803224,S3-418574167,S2-443961041,S3-916596069,S3-905832206,S3-631754810,S3-990906729,S2-671435688,S2-70713977,S2-758449806,S3-477785367
S1-258248378	S2-640392541,S2-620247937,S2-958646458,S3-72831779,S2-202167792,S2-71286572,S2-99373369,S2-460857912,S3-701968573,S3-677280292,S3-12546262,S3-373899452
S1-28596333	S2-194417617,S2-28738788,S3-489494306,S2-616959676,S2-393237226,S2-452202404,S2-344574037,S2-461284019,S2-428152081,S2-837324190,S3-597983259,S3-630436497
S1-196302795	S2-693817530,S2-882256571,S2-712716791,S3-768239742,S2-35880194,S2-207750149,S3-715428614,S3-883708268,S3-376487742,S2-310237901,S3-997388834,S3-343048748
S1-881150973	S2-644405106,S2-492488454,S2-665405944,S3-558060384,S3-912715094,S3-966212790,S3-78609368,S3-928321037,S2-988416495,S3-603121420,S3-428526708,S3-550905413
S1-741571243	S2-10843950,S2-803798658,S2-962900765,S2-602769612,S3-317262507,S3-486519732,S2-578024993,S2-994611456,S2-393765493,S3-288804975,S3-832670970,S2-850177394
S1-568140947	S2-878257891,S2-563139164,S3-379058989,S2-151775103,S2-484130494,S2-424284175,S2-613080315,S3-671416531,S2-429254721,S3-235172585,S3-639745834,S3-118044037
S1-52356503	S3-979972094,S2-746482255,S3-470031993,S3-955443353,S3-597361564,S3-291297654,S3-39283074,S3-349716522,S3-162175324,S2-908360941,S2-495099730,S3-514356034
S1-405703041	S2-572665508,S2-964165652,S3-349135787,S3-877258543,S3-1800524,S3-568676944,S3-263162326,S3-913860673,S3-682626935,S2-550869989,S3-706875428,S2-170941315
S1-662880554	S3-827355571,S2-106651223,S2-244051391,S2-224421952,S2-253151252,S2-927825964,S3-359060660,S3-480466223,S2-498484549,S2-101987516,S2-436971226,S2-913175565
S1-748279819	S2-591324765,S2-22300985,S2-315745075,S2-84690645,S2-450905075,S3-792206124,S2-559669644,S2-15242555,S2-48840606,S3-448081962,S2-972721993,S3-113642805
S1-683303556	S2-172054392,S3-553364386,S3-831590901,S2-434643772,S2-794244508,S3-409274321,S2-439597500,S2-785768586,S3-144579739,S3-395796682,S3-699049843,S3-708831936
S1-276467548	S2-29776039,S3-748894227,S3-52899561,S3-59832237,S3-666270293,S3-254380050,S3-197966979,S3-654767252,S3-208529709,S3-630856046,S3-352606716,S2-719548783
S1-60055547	S2-621101915,S2-661980481,S2-758659219,S2-316707888,S3-510957874,S3-23843062,S2-874677428,S2-791994345,S3-399434707,S2-67323479,S3-398686012,S2-587935
S1-924696932	S2-74910963,S2-188452067,S3-499426400,S3-403519064,S3-851530583,S3-589197448,S3-512622252,S3-34003384,S3-395609658,S2-773872026,S3-915171239,S2-410587260
S1-420895424	S3-825970722,S2-341041782,S3-644891762,S2-82252154,S2-399399375,S2-5227653,S2-512837868,S3-442814405,S2-616966952,S3-313055860,S2-725428162,S2-922145709
S1-970562133	S3-892990291,S3-866145143,S2-474949768,S2-114339671,S2-228747359,S3-451384060,S3-736448096,S3-425860481,S3-426983191,S3-51343859,S3-250110462,S2-739101888
S1-234921713	S2-519867047,S2-56737624,S3-85301364,S3-359229976,S3-77175256,S3-405382720,S3-345630414,S3-292220829,S2-656338942,S3-588423198,S2-342822283,S2-620914278
S1-156088083	S3-597413654,S3-374752539,S3-48158727,S3-384215662,S3-865830731,S3-995907410,S2-61528646,S3-489421251,S2-437037073,S2-462564644,S3-441817467,S3-817239926
S1-826321192	S3-5841487,S3-777155695,S2-359631129,S3-998580554,S3-575680725,S3-822619211,S3-765628468,S3-763200513,S3-536517180,S2-918820808,S3-127955796,S3-390860971
S1-806780528	S3-961982683,S2-483531919,S2-67012903,S3-437992726,S3-462283732,S3-826761743,S3-283299379,S3-335831090,S3-454488366,S3-821477832,S2-393388541,S2-221288312
S1-962325814	S2-440719521,S2-755747190,S2-221014602,S2-299764921,S3-852021398,S2-212345248,S3-584679818,S3-432138320,S3-570487494,S3-892566466,S3-434670140,S3-837858373
S1-178691596	S2-294998398,S2-511855369,S2-529066038,S2-210286053,S2-388794265,S3-794610558,S2-870965095,S2-204626947,S3-494459358,S3-545726505,S2-393402622,S3-357775010
S1-419081258	S2-715210089,S3-243454345,S3-332840362,S2-121276615,S3-153705118,S2-623000428,S2-178138081,S2-958093939,S2-351428736,S2-693727553,S3-901584436,S3-744868809
S1-742499491	S3-551397736,S2-319505474,S2-202304658,S3-733903990,S3-913292654,S2-604432381,S3-423779957,S3-804161156,S3-949782252,S3-666519764,S3-189453178,S3-369419208
S1-301988151	S2-559304906,S3-594672739,S3-657927457,S3-502519225,S2-895524263,S3-119323858,S2-403213075,S3-332337768,S2-740452398,S3-706399945,S3-148540908,S3-422214367
S1-306869528	S3-529350306,S2-430904065,S3-627263963,S2-97616625,S2-868364880,S3-430705777,S3-271340605,S2-815896323,S3-427856043,S3-738245458,S2-848149166,S2-536774713
S1-284324749	S2-494752529,S2-829397786,S2-842704451,S2-754616150,S2-373983286,S3-317748556,S2-593729655,S3-426446994,S3-225557484,S3-323703112,S3-710598484,S2-206709795
S1-159784487	S2-300780832,S3-578315063,S3-112220533,S3-465973955,S3-215260917,S2-401534967,S2-611696617,S3-530333956,S3-857633874,S3-876045558,S3-205869948,S3-827262466
S1-968986221	S3-811722181,S2-983077872,S3-8889223,S3-225190720,S2-532015330,S3-487499315,S2-318229215,S2-14509352,S2-750069143,S2-427620595,S3-435777888,S2-868855973
S1-487555635	S2-849173958,S3-749633153,S2-795342866,S3-447976393,S2-152324729,S2-630438735,S2-289886258,S2-207132271,S2-490601190,S3-496516527,S3-669205643,S3-932569077
S1-639880684	S3-782601274,S2-52561201,S2-366615553,S2-819516340,S3-64696923,S2-237796778,S3-219663128,S3-268633081,S3-968649397,S2-576313708,S2-144479802,S3-939601294
S1-290261586	S2-83447466,S2-23006598,S2-450174533,S2-570016421,S3-95660928,S3-148375172,S3-990787035,S2-27236606,S2-157022926,S2-187320317,S2-700597472,S3-676410100
S1-819246383	S3-210896629,S2-880923327,S2-726606405,S3-575721001,S3-211858509,S3-403219227,S2-902346332,S2-632432035,S3-167954879,S3-835082519,S3-210847085,S3-321502711
S1-582444261	S3-447275075,S3-230611034,S3-96283285,S3-849124414,S3-924831705,S2-832964798,S2-759133825,S3-938361163,S3-849720820,S3-201008520,S2-686054982,S3-432632928
S1-170207731	S3-729778757,S3-550252739,S3-753200846,S2-71345678,S2-377832798,S2-859018285,S2-281946521,S3-166021663,S2-194504900,S2-378055304,S2-482809687,S3-125974257
S1-474655667	S3-271237156,S2-965778821,S3-459466260,S2-617989750,S3-622940782,S3-159661538,S3-614995030,S2-836429373,S2-656706073,S3-619650015,S3-961022631,S3-133759872
S1-254106669	S3-677212048,S3-144417869,S2-554944061,S2-369334621,S3-180439136,S2-895891165,S2-201496147,S2-296350575,S2-454912002,S3-993818438,S3-682874403,S3-415137532
S1-902137395	S3-891850122,S2-729706233,S3-304963094,S3-90927471,S3-900298404,S3-715632503,S3-18393735,S3-71465244,S3-120490751,S2-907463713,S3-684466099,S2-298178513
S1-834741964	S3-578416118,S2-262946097,S2-617465141,S2-79737285,S2-710184660,S3-343808919,S2-112563944,S2-445645284,S2-424527878,S2-95533915,S3-287847388,S2-826358095
S1-141789042	S3-44637798,S2-987889342,S2-900431839,S2-531648169,S2-951868016,S2-50934360,S3-966550287,S2-588886905,S3-224278918,S3-81041481,S3-436415215,S2-280802307
S1-929576622	S3-295601266,S3-908127477,S2-848745583,S3-654576650,S3-874715634,S2-292814967,S2-144443066,S3-151885974,S2-99155116,S2-684803606,S3-465905162,S2-456623773
S1-118899888	S3-12459949,S3-369154506,S2-9193251,S2-797240998,S2-100965645,S3-164664181,S3-603530285,S2-616388328,S2-286968769,S3-323189047,S3-290434658,S2-620868546
S1-759511099	S2-281612728,S3-167631055,S2-689294004,S2-849530711,S3-644394117,S3-497360412,S3-40186742,S2-28554277,S3-958019130,S3-675776597,S2-594512651,S2-178052327
S1-216382304	S3-512285604,S3-39627977,S3-649487838,S3-850619271,S2-236724430,S2-587624716,S2-626978987,S3-891073310,S2-747026974,S3-276010363,S3-552327472,S3-109349578
S1-411036798	S2-594064745,S3-293330881,S3-715285649,S3-419038218,S2-864276253,S2-550770573,S3-170532618,S3-491086347,S3-536665829,S2-221593553,S3-330663936,S2-708459473
S1-783268034	S2-891990559,S2-756603041,S3-443726176,S2-202710642,S2-106465117,S2-92490688,S2-534239805,S3-989505918,S2-120356991,S3-640050984,S2-503124849,S2-879575288
S1-886418488	S2-485686520,S3-579784995,S3-195426830,S3-325629078,S3-822663127,S3-393596750,S3-748984434,S3-375877959,S3-877143317,S3-393840024,S2-200628455,S2-244274785
S1-509794143	S3-131819645,S3-72494927,S3-498853144,S3-165066443,S3-687203286,S3-269360556,S3-807825859,S2-953590496,S3-507582140,S3-965638793,S2-591470400,S3-831532991
S1-344045659	S3-615422104,S3-387933969,S2-224699283,S3-396905265,S2-993183306,S3-906592235,S2-239553526,S3-981266415,S3-34910066,S2-750306586,S2-949921640,S2-873282140
S1-425858133	S2-299098618,S3-165380341,S3-700232518,S3-963405349,S2-421095557,S3-603026408,S3-142739135,S2-318427226,S3-447137640,S3-239497466,S3-269339569,S3-537197789
S1-524436702	S3-131034052,S3-959419474,S2-960971814,S2-9454675,S3-614950743,S3-394121958,S3-835196251,S2-912132298,S2-491579713,S2-509836132,S3-138655790,S3-339502435
S1-122167934	S2-680778918,S3-679794652,S2-431574700,S2-786148585,S2-53916937,S2-113550267,S3-553600377,S2-26563546,S3-507144762,S3-723320194,S2-743660338,S3-223319646
S1-145367448	S3-56028662,S3-708956048,S2-440914482,S2-116061710,S2-435180032,S3-273395588,S3-315775939,S3-465507549,S2-39477738,S2-918533333,S2-596371103,S2-743274040
S1-943500699	S3-759914942,S3-296645597,S2-699954514,S3-878192965,S3-372171143,S3-487814118,S2-406587180,S3-103111775,S3-135712112,S3-145646701,S3-127814289,S3-384795109
S1-291665506	S2-183663564,S3-544544619,S2-970074490,S3-539690091,S2-963953678,S3-114446986,S3-16748732,S2-894009186,S2-772910687,S2-503220578,S2-245356107,S3-781490431
S1-981973886	S3-79934894,S2-655317568,S2-267275763,S3-524050106,S3-298121928,S3-479569840,S3-551918429,S3-140597700,S3-823910695,S3-35272989,S2-470812337,S3-811589213
S1-525293191	S3-132687379,S2-788950692,S3-505710344,S3-842311745,S2-48805422,S2-655523639,S2-721402730,S3-854599360,S2-513078168,S3-612548439,S3-484362791,S3-882241112
S1-33989137	S3-132551620,S3-931087193,S3-457867166,S2-56396159,S2-750093634,S2-11554381,S3-794441030,S2-53596265,S3-771446264,S2-294432970,S3-139291426,S2-907557108
S1-272318458	S2-545592547,S2-657583002,S3-960324143,S2-427849267,S2-913728116,S2-225690231,S3-266006697,S3-839986628,S2-434323496,S3-428786570,S3-43099804,S3-890435044
S1-969294577	S3-878974744,S3-173818582,S2-333676299,S2-713023015,S3-194228985,S2-52563442,S2-798328575,S2-719206721,S3-704963153,S2-824331421,S3-316722593,S2-720799879
S1-456237351	S2-940815365,S2-254504809,S3-709127304,S2-566649870,S2-151429263,S3-556739782,S3-888250882,S2-750190818,S2-727729949,S3-941666351,S2-855831267,S3-528834475
S1-456542559	S2-605174946,S3-80633110,S2-107079936,S3-229359242,S2-647029011,S3-963553409,S2-810579590,S2-117460005,S2-76694973,S2-904322836,S2-129928245,S2-517439278
S1-500525996	S2-925909431,S3-99763146,S3-472572874,S2-757891962,S3-973894461,S2-477707456,S2-234146499,S2-594324236,S2-56426651,S3-145587229,S3-873833376,S2-116431946
S1-819017483	S3-510896100,S2-997762676,S2-875125828,S2-838863360,S3-935199434,S3-405090176,S3-917703597,S3-670207555,S2-175145819,S3-528614430,S2-926431410,S3-276357610
S1-455921859	S3-337297400,S3-287288508,S3-657236362,S3-642570225,S3-711373573,S2-114885507,S3-914346697,S3-915761303,S2-115894217,S2-410518559,S2-181780952,S3-540298825
S1-334001476	S3-803628699,S3-14874335,S2-276090163,S3-833942715,S2-112446519,S2-238129122,S2-753102653,S2-318968059,S3-428803690,S3-67330860,S2-875539627,S3-994199439
S1-723969007	S2-131336004,S3-175663724,S3-295495409,S2-632136073,S2-256814557,S2-901398006,S2-657314946,S2-660535480,S2-588887584,S3-510184304,S3-423265837,S3-584595205
S1-963441692	S2-545870767,S2-437447910,S2-206707510,S3-622161234,S3-842553868,S3-615256,S2-935350012,S3-146087839,S3-137725556,S3-721266714,S2-435278671,S3-99682133
S1-281801879	S3-27489687,S3-955385102,S2-253477260,S2-260653847,S3-720331416,S2-488907931,S2-357666060,S2-286033459,S2-340813506,S2-83690819,S2-390765431,S2-486998863
S1-49664537	S2-595785076,S2-789610640,S3-588800649,S3-808049855,S3-89362425,S2-159440078,S3-454304831,S3-189458229,S3-217918237,S3-801276921,S3-887567947,S2-47303924
S1-185464070	S2-495427146,S3-340124983,S2-458593980,S2-19906453,S2-673691643,S3-92801102,S3-492489344,S3-819289592,S2-601024185,S3-717871677,S3-805307798,S3-785777499
S1-914814636	S3-295686938,S2-827803858,S3-188624871,S3-270464089,S3-404751159,S2-817539379,S3-802534304,S2-388101489,S3-89244508,S3-818566303,S3-325107082,S2-483554437
S1-134750140	S2-590066113,S3-210802336,S2-241532362,S3-426705720,S3-17764646,S2-586976810,S3-90742574,S3-792656752,S3-320685360,S2-256248381,S2-709649201,S3-320295625
S1-336103241	S2-537626199,S3-705076537,S2-168947520,S2-853780032,S2-20256600,S2-509498721,S2-822389813,S3-502072475,S2-504447425,S2-273871849,S3-695188413,S3-99022674
S1-909084824	S2-348308845,S3-906675461,S2-195075829,S2-986125655,S2-797334749,S3-593327389,S2-765676817,S3-471952165,S2-969376714,S3-281897381,S2-157228325,S3-561188319
S1-171902915	S3-263111754,S2-971999208,S3-233735545,S2-960126952,S3-382978741,S2-95114608,S3-916426242,S2-72263523,S3-325491894,S3-147509774,S2-354772024,S3-372720036
S1-841003956	S3-152733407,S3-262835480,S2-785188212,S2-247351025,S3-531617276,S2-70203947,S2-89164113,S3-875545174,S2-325242798,S3-245268066,S2-32923898,S3-929181406
S1-254495377	S3-140840255,S2-455369793,S3-134289495,S3-802013290,S2-419879340,S2-227787638,S2-2158783,S2-668601881,S3-29198671,S2-525244030,S3-479876080,S2-79068769
S1-2729849	S2-875502935,S2-731912586,S2-385823196,S3-264252521,S2-659687484,S2-836482805,S2-813329776,S2-890435166,S3-320648652,S3-622151224,S3-154382464,S3-758260096
S1-957276004	S3-665797492,S2-939972717,S3-600282181,S3-300926759,S2-171095455,S2-122678901,S2-320690746,S3-942508320,S2-373616666,S3-782669537,S2-442244940,S2-385947563
S1-672675536	S3-140938128,S2-477188100,S2-1969763,S2-230855413,S3-214260284,S3-471763478,S2-499345143,S3-62518731,S3-190995029,S2-429566904,S2-536796939,S3-114673455
S1-85711831	S3-272534255,S2-457342615,S2-353259240,S2-618734777,S3-736851780,S3-917892170,S3-205964157,S2-596278208,S2-894636968,S3-138886458,S3-95986626,S2-780176244
S1-156042507	S3-888213746,S3-816784982,S2-651337256,S3-24521039,S2-370022517,S2-288262992,S2-98173654,S3-876769383,S2-450435575,S3-558895109,S2-487703212,S2-930299168
S1-991438248	S2-848371497,S3-872410390,S3-681490503,S3-898030259,S3-422418366,S3-37241745,S3-29657154,S3-399434707,S2-791994345,S2-67323479,S2-417578372,S2-405968902
S1-288085959	S2-372358163,S3-795203434,S3-576849654,S3-652788520,S3-845735066,S2-955643309,S3-935977951,S2-383770742,S3-121732340,S2-259422437,S3-627107943,S3-107170681
S1-551650587	S3-490459835,S3-976109868,S3-320861474,S3-398645899,S2-228371623,S3-63951107,S3-490762769,S3-379297616,S3-182868899,S3-361096874,S3-804245296,S3-460500301
S1-758655771	S2-479374440,S2-829046569,S3-675388089,S3-35134673,S2-4981931,S3-362435910,S3-946672593,S2-192848528,S3-710956354,S3-524036361,S3-637539429,S2-980673965
S1-327390279	S3-962789139,S3-715208987,S2-231852233,S2-670358483,S2-655572938,S2-521006878,S2-855576405,S2-350993357,S3-665174853,S2-30580799,S3-71089309,S3-513334235
S1-400981824	S2-509673784,S3-656627628,S2-906978859,S2-239803814,S3-169433857,S2-673448637,S2-548369272,S3-299103094,S3-806882425,S2-411824038,S2-43470021,S2-570059028
S1-264897737	S2-942038401,S2-210234184,S3-278711829,S3-950435928,S2-574047881,S3-282562634,S3-947133182,S2-273804936,S2-232806653,S2-964185571,S2-53688134,S3-178188813
S1-630258424	S3-648961077,S3-380240719,S2-814332866,S3-688160010,S3-603805573,S2-749690681,S3-736257831,S2-937903397,S2-841941069,S2-483490946,S3-997237698,S3-287940082
S1-632133062	S3-267485921,S3-739905947,S3-869123557,S2-27271530,S2-632589261,S2-701271922,S3-755745394,S2-335498934,S2-660403209,S3-728644475,S2-946216627,S2-239184544
S1-388458561	S3-890882466,S3-350019049,S3-155842380,S3-877437697,S3-170020114,S3-316349486,S2-2209328,S3-260150631,S3-676939391,S3-503635254,S3-930424807,S3-16575503
S1-142520179	S3-588494896,S2-220211189,S3-180481691,S3-991620221,S2-603539229,S2-180396487,S3-570382143,S2-432582475,S2-465940647,S3-237325620,S2-976598529,S3-557252581
S1-233598397	S2-879612023,S2-369347083,S2-298549752,S2-182274243,S2-238193763,S3-352531484,S3-983704954,S3-191975627,S2-71753286,S2-237541367,S3-288264703,S3-604088019
S1-475052968	S2-476090787,S3-196032939,S3-226260331,S3-803083787,S2-122112032,S2-4600390,S2-396841726,S3-845031084,S2-595846278,S3-410346107,S3-610350521,S2-713733518
S1-363044878	S3-851546199,S2-975996791,S2-994353923,S2-38662496,S3-536859754,S2-641073661,S2-699912513,S2-626434919,S3-494524301,S3-442734012,S3-16534806,S3-590784291
S1-181421789	S2-843982302,S3-934497575,S2-809213320,S3-223658143,S3-588728790,S2-553693812,S3-822984725,S3-533937383,S2-57908833,S2-624177842,S3-952069143,S3-467977712
S1-789962661	S3-766124155,S2-172397658,S2-194022537,S2-817926399,S3-465110693,S2-465443255,S2-789521870,S2-335019398,S2-999287421,S3-56288974,S2-405206702,S3-789496710
S1-261705839	S2-183103150,S3-477244121,S2-65144577,S3-380765058,S3-907757803,S2-745340685,S2-73923660,S2-783886720,S2-816210434,S3-166877850,S3-366071149,S3-873172659
S1-447752581	S3-279198225,S3-195625783,S3-588210374,S2-953962349,S2-194767360,S3-840794542,S2-492293576,S3-462439087,S2-67296625,S3-653550673,S3-651973597,S3-481167971
S1-912866440	S2-865217588,S3-253314896,S2-91091397,S3-595473091,S3-507187515,S2-166072072,S2-351364935,S3-277683482,S3-288906744,S2-741797586,S2-349624801,S3-149945910
S1-692866791	S3-134344108,S2-811928500,S2-401809040,S2-518028930,S2-850694871,S3-201860641,S3-471030517,S2-948300698,S3-430634988,S3-959471242,S3-869579396,S3-97514576
S1-110921684	S2-474093463,S3-550669640,S3-773464743,S2-466636531,S2-906431395,S2-843561976,S3-329539606,S2-788556774,S3-967729901,S3-521139183,S3-489421284,S2-82718006
S1-739557270	S3-161916944,S3-365674813,S2-956202079,S2-11095462,S2-494600576,S3-102203149,S3-974078197,S3-606871739,S2-183676000,S3-823062032,S2-455699470,S2-225002831
S1-912338932	S3-844411180,S2-340291178,S2-563764848,S3-805716603,S3-396246241,S3-638280721,S3-151461435,S2-956576068,S2-419056787,S2-303728537,S3-494875647,S2-92041537
S1-481440620	S2-185243764,S2-424368991,S3-331471361,S3-712854134,S3-212117429,S3-349451447,S3-490327647,S3-874542517,S2-835097744,S2-964484687,S2-698934147,S2-961927637
S1-204729315	S2-760655492,S3-144862903,S2-957582148,S3-896836893,S3-763204858,S2-16582450,S3-522628259,S3-620591203,S3-643336772,S3-228107633,S3-636899938,S2-890259370
S1-993173601	S2-710881572,S3-632853645,S2-956298526,S2-945512687,S2-416860930,S3-830509812,S2-879585979,S2-562039456,S3-641517409,S3-762448221,S3-684992094,S3-887423836
S1-660744222	S2-217473174,S2-259077037,S2-956091036,S2-412834014,S3-85109837,S2-181062346,S3-887858054,S3-306985268,S3-193025205,S3-243226208,S2-109267394,S3-388337850
S1-542551683	S2-440398985,S2-329476263,S2-436815047,S2-134685694,S2-983888063,S2-266477203,S2-832779608,S3-707210764,S3-754606135,S3-669701973,S3-183942378,S2-170937598
S1-877344328	S2-354944074,S3-535397350,S2-858230680,S3-120416445,S3-572193867,S2-738802267,S3-582743281,S2-169820737,S3-8448589,S2-487342582,S3-800737450,S3-787193079
S1-610092826	S3-163041115,S2-19075200,S3-751807101,S3-846873777,S3-353043170,S3-744418617,S3-312318290,S2-433752799,S2-384076141,S2-72687943,S3-741049318,S2-947565849
S1-569905279	S3-867783698,S2-784761138,S2-979938385,S3-957171929,S2-730527750,S3-966648648,S3-5985416,S3-604490852,S2-299782911,S2-986265512,S2-94195475,S2-781349524
S1-201776668	S3-602853554,S3-358523373,S2-553526256,S3-836043798,S3-72285986,S3-182011513,S3-149697950,S3-13053199,S3-26242934,S2-783549225,S2-1747124,S3-545038662
S1-569415764	S2-516720513,S2-442419830,S3-107324827,S3-319409253,S2-912564408,S2-679936781,S3-404556942,S3-794610558,S2-561406330,S2-388164534,S2-146977489,S3-390247367
S1-576762633	S3-873536677,S2-522398943,S3-516922246,S3-115523453,S3-300504243,S2-903785071,S2-765212437,S2-89537870,S2-294873901,S2-956475384,S2-420306932,S2-398697607
S1-344188171	S3-386162316,S3-169738014,S3-819946235,S3-349815210,S2-166479355,S2-458598587,S2-819854536,S2-840037499,S3-374087948,S3-813299294,S2-684560739,S2-814870670
S1-385241066	S3-312507707,S3-728530715,S2-872139341,S2-986393890,S3-844574544,S3-45131447,S2-264992030,S3-27613612,S3-797051555,S3-665255305,S3-376011974,S3-812457440
S1-857776183	S2-741911817,S3-130595980,S2-224883233,S3-123448901,S2-798765666,S3-732591398,S3-730051851,S3-212206272,S3-764804926,S2-428794732,S2-677724680,S3-388710386
S1-613667141	S2-481813804,S3-235024831,S2-902128579,S2-763305686,S2-936347191,S3-271757618,S2-222186265,S3-461004928,S3-709008780,S3-245873589,S3-562335247,S3-991739467
S1-594774091	S2-221762857,S2-138603973,S2-675041449,S2-150428362,S3-495213767,S3-994089624,S3-343914809,S2-591636351,S2-968019044,S2-291747727,S2-974543856,S3-396942950
S1-390572652	S3-543418041,S2-284336315,S3-500680113,S2-956010555,S3-613103870,S3-703908801,S2-494936688,S3-825307580,S2-519161457,S2-927666185,S2-537822135,S2-137188550
S1-126533201	S2-861011237,S3-288151980,S3-491442975,S2-420800981,S2-119916068,S3-739821710,S3-532147495,S2-161138388,S2-797943063,S3-705856453,S2-39620422,S2-565674775
S1-610898222	S3-508797169,S2-214175927,S2-426323800,S3-597889361,S3-452359898,S3-392617401,S3-515014508,S2-804040520,S2-849810274,S3-845217556,S2-141889065,S2-14677876
S1-944475881	S3-458251061,S3-597552602,S3-332551554,S3-171997606,S2-295415478,S2-252859145,S2-856031019,S2-908649940,S2-494052535,S2-776938864,S3-5356545,S3-270260872
S1-871818298	S3-141067283,S3-365303261,S2-902395900,S2-983625389,S2-569529287,S2-449924842,S2-564087428,S2-448828216,S2-34843360,S2-12922681,S3-680091890,S3-903488173
S1-384253846	S2-202797400,S3-410343439,S3-551252498,S3-402717092,S3-149626694,S2-611566032,S3-835976784,S3-752219241,S3-349614240,S3-948929977,S2-257318543,S2-174334427
S1-625785052	S3-124361789,S2-348395984,S3-814144050,S3-987553831,S2-82434478,S3-429622790,S3-774242809,S3-82171324,S3-285476293,S2-268932411,S3-710578372,S2-736173395
S1-833159379	S2-800507364,S3-52065327,S3-558705234,S3-284655355,S3-759017141,S3-427203433,S2-410726408,S2-988254604,S3-415459743,S2-800038340,S3-121861600,S2-211747021
S1-421136815	S3-246866014,S3-873389198,S2-131673400,S3-132792065,S3-429553604,S3-438618322,S2-75697150,S2-276951270,S2-106420408,S2-478397144,S3-873390930,S3-506423858
S1-240128923	S3-705799157,S2-310385454,S2-844423106,S3-762062276,S2-868206021,S3-689373799,S3-176020570,S3-401725374,S3-920462635,S3-762493107,S3-641291857,S2-204815037
S1-169362627	S3-664891528,S3-216710929,S3-617437234,S3-978268764,S2-421095557,S2-140452938,S3-324808194,S3-447137640,S3-4626838,S3-259029795,S3-553463118,S3-589353665
S1-956633757	S2-378234017,S2-70586510,S3-370930017,S3-755765319,S3-175758945,S2-933938746,S3-886606878,S3-186427047,S2-963757178,S3-19853665,S3-538027845,S2-379076326
S1-269173661	S2-393960355,S3-231247238,S2-548516701,S2-534415647,S2-580654467,S2-26502919,S3-868519349,S3-206879661,S2-354719897,S2-511139947,S3-674298941,S3-665626204
S1-357986149	S2-133628945,S2-171160370,S2-796580785,S3-815698133,S2-414395106,S3-165993452,S3-861012353,S3-20268168,S3-854822436,S3-28474314,S2-957231813,S2-553324959
S1-309819186	S2-208548321,S3-272959365,S2-821958577,S2-203470790,S3-189567027,S2-521325303,S3-438679432,S3-686724643,S3-417329129,S3-693540230,S3-321066929,S3-409316962
S1-740170291	S2-924103772,S2-691524675,S3-767878189,S3-725465612,S3-467979302,S2-366753601,S3-273799606,S2-838918502,S3-594610357,S2-533420280,S3-980714570,S2-34208726
S1-49397027	S3-269347508,S2-319546221,S3-89698830,S2-371804159,S2-612314245,S3-739288070,S3-840050255,S3-370945975,S2-159514139,S3-181671171,S2-944286226,S3-625893663
S1-151762232	S3-824609337,S2-449663083,S3-897675029,S3-910307189,S2-160008783,S3-895332777,S3-348823330,S3-322502613,S3-909011760,S2-730059198,S2-926406556,S2-861215026
S1-659967604	S3-748713305,S3-752851361,S2-394385676,S3-874358978,S2-352329978,S3-319918225,S3-973730508,S3-19491139,S3-763395595,S2-580498043,S2-506500466,S2-528980131
S1-265072557	S2-179670576,S2-12235693,S3-141099906,S3-47618548,S3-568711940,S3-952356470,S3-122140201,S3-216530005,S2-223621020,S2-908677266,S3-322521482,S3-565378735
S1-805864466	S2-299736571,S3-686403485,S3-787871784,S2-571465096,S2-622014298,S3-472988410,S3-842553868,S3-231300192,S3-883708268,S3-619065536,S2-175958128,S2-214798814
S1-176878285	S2-412674320,S3-667724827,S3-57831871,S2-460903270,S3-358853889,S3-170602258,S3-293017441,S3-99845713,S3-873817478,S3-978424635,S2-369552668,S2-443499532
S1-724649546	S2-659473578,S2-633389451,S3-582821881,S2-313943786,S2-167354783,S3-404687160,S3-212783720,S2-593511518,S2-912867805,S3-477833280,S3-521801022,S3-805864963
S1-614132800	S3-194050092,S3-482429226,S2-504777269,S3-75135835,S3-875469336,S2-952212901,S3-243973894,S2-919229379,S3-401407260,S3-743783803,S3-225942969,S2-284137917
S1-484655830	S3-932507925,S2-650098286,S2-163318853,S3-514464327,S3-13486786,S3-948598414,S3-746444223,S3-337275096,S3-413174814,S3-644206148,S2-103696421,S2-113051578
S1-529638715	S3-17105914,S3-835452869,S3-383511395,S3-323417544,S3-402643453,S3-848901628,S2-147411780,S3-210010770,S3-408534587,S2-573197291,S2-755028224,S3-994366465
S1-264903851	S2-935904383,S2-592085771,S3-565009060,S3-679605869,S2-775267423,S3-780854188,S3-670292674,S2-791479827,S2-187119028,S3-382922042,S2-202585553,S3-454823500
S1-478503131	S3-429737950,S2-723623972,S3-267437312,S2-393004297,S2-10693218,S3-659785498,S2-95513487,S2-541084837,S3-74958201,S2-828736250,S2-227606008,S2-434362042
S1-642870592	S2-814330197,S2-207030365,S3-926050418,S2-733465880,S3-657806797,S3-400232046,S2-572680317,S2-779670890,S3-934562130,S3-652251487,S3-270340046,S3-814486630
S1-914023940	S2-411505637,S2-940070526,S3-871914628,S2-118490916,S3-283505692,S3-914867707,S3-211444433,S3-73429423,S3-953805910,S3-183629908,S3-885806690,S3-749670737
S1-583927088	S2-790871728,S3-609315536,S3-285212789,S2-19203881,S3-332148961,S3-395615969,S2-731504814,S2-750211516,S3-162730712,S2-319820658,S2-520825275,S3-595985159
S1-642098037	S2-892037619,S2-264179827,S3-955794449,S2-826582498,S2-75693494,S2-994680546,S2-862585562,S2-339207762,S2-280877055,S2-899758520,S2-949702679,S3-920454375
S1-580189256	S3-833853042,S3-561752886,S3-256233555,S3-992636064,S2-492356456,S2-746774768,S2-638812145,S2-275171805,S3-848498938,S2-278676451,S2-398569019,S3-166288309
S1-923010888	S2-640000774,S2-214118239,S2-228519960,S3-666643038,S3-419217722,S3-64689804,S2-5352460,S3-164486427,S3-329013594,S3-39532496,S3-497041678,S3-185089796
S1-197582812	S2-7812668,S2-598754010,S2-704132638,S2-242704587,S3-927115976,S3-658738455,S2-982828931,S3-963172084,S3-874271124,S3-637428838,S3-446245777,S2-885200865
S1-127198849	S2-606492550,S2-354251093,S3-886572085,S2-754367283,S2-328442473,S2-453367285,S3-390466683,S2-652280408,S3-901895169,S2-52624890,S3-939341612,S2-484576655
S1-727156616	S2-866278755,S3-532877940,S3-356869447,S2-659381003,S3-931455834,S2-212864988,S3-633694838,S2-132062647,S2-402935247,S2-899373681,S3-993258118,S3-671235864
S1-786266955	S2-768127912,S2-6694676,S3-557026330,S3-597250720,S2-193704720,S3-776452770,S3-53979786,S3-338832582,S3-318032940,S3-868587327,S3-717615107,S3-902549067
S1-748702643	S3-131549682,S3-166015673,S2-786407373,S2-43504873,S2-395659636,S2-143332130,S2-218697554,S2-140477528,S2-543771654,S3-950462723,S2-963478928,S2-416458160
S1-602876493	S2-427616593,S3-41179121,S3-324013250,S3-134938869,S3-46857737,S2-175787699,S3-198035921,S2-111431741,S3-802844569,S3-521871372,S2-828317366,S3-676775786
S1-89763318	S3-680142830,S2-585286371,S2-521018200,S2-35629636,S2-300346207,S2-843674143,S3-330224390,S3-884287245,S2-790754671,S3-906201502,S3-302166369,S3-40440652
S1-114533332	S3-213959885,S2-246674000,S3-219829992,S3-158982118,S3-506370283,S3-81171915,S3-125333881,S3-680471426,S2-857326095,S3-297639682,S2-280631024,S2-723631118
S1-951306338	S3-539784832,S3-775054608,S3-734346948,S2-701043280,S2-945004260,S3-284985233,S2-892635442,S2-802513628,S2-611212514,S2-305917593,S3-522376742,S3-614091043
S1-8707121	S2-684376643,S3-857271854,S3-40411607,S2-127404212,S2-647183236,S3-703101559,S3-445460131,S3-777464876,S3-943397168,S3-305288382,S3-925391060,S3-229205346
S1-635096688	S3-477363703,S3-78327958,S3-142743040,S3-693949840,S2-402798204,S3-56071406,S2-708430218,S2-541602410,S3-292927587,S2-904061764,S3-398660081,S3-529272513
S1-67433431	S3-535091387,S3-998121852,S3-600477336,S2-919822401,S3-239803953,S3-560910986,S2-34638104,S2-239684685,S2-63693499,S3-332428475,S2-800705577,S3-557666605
S1-456471999	S3-612244050,S2-516157157,S2-814320426,S3-399434707,S2-791994345,S2-67323479,S3-242591060,S3-556385469,S2-139633729,S3-813044491,S3-702821852,S2-752786450
S1-980097760	S2-217957859,S2-840402013,S3-128869557,S2-307903400,S2-304954577,S2-798397062,S2-721225918,S3-628345178,S2-626821058,S3-835886688,S3-282763637,S3-394712488
S1-667269746	S2-69273909,S3-736833055,S2-159088872,S3-655219279,S3-524645593,S2-123029268,S2-630125179,S2-340241509,S2-613433074,S2-792182349,S3-809529221,S3-132449567
S1-306491856	S2-241373452,S2-921583723,S3-277333571,S3-496561415,S3-168840357,S2-752461286,S3-235047359,S3-687011346,S2-823807511,S3-777588383,S2-991802855,S3-888912551
S1-76086244	S2-248196388,S3-268815916,S2-430625031,S3-955303857,S2-925358936,S2-828703028,S2-665051688,S3-612561283,S3-391718606,S3-781746824,S3-224065134,S2-662898782
S1-366730187	S2-822543081,S3-590376202,S2-698687151,S2-414494221,S3-587235948,S3-856192677,S3-585532969,S3-822265161,S3-115357004,S3-266704110,S3-299478052,S2-219938936
S1-414180918	S2-571342530,S2-535754957,S3-977840043,S2-327504446,S2-57724102,S2-749047101,S3-394249934,S2-115525085,S3-498334565,S3-313760860,S3-81520620,S3-249402459
S1-806478731	S3-550921071,S2-50315339,S3-172527762,S3-934536390,S2-68023064,S2-645049936,S3-370795555,S2-872510804,S2-858792136,S3-861200960,S2-599305811,S2-718654362
S1-737078857	S2-597985036,S2-427074188,S3-533008203,S3-744687034,S2-281275378,S2-94052664,S2-624237589,S3-678900485,S2-510133848,S3-95055358,S3-765911600,S2-635295502
S1-413150372	S2-531789755,S3-759491829,S3-181996938,S2-881432971,S2-805670361,S3-7655814,S2-605194015,S3-655094831,S2-229412186,S3-14981096,S3-603353475,S2-790685966
S1-782716422	S3-519106028,S3-750141238,S2-606410985,S2-45409567,S2-24675100,S2-795593288,S3-761843946,S2-117913380,S2-17834246,S3-945133473,S3-799053913,S2-644705848
S1-194667881	S3-939403550,S3-189898436,S2-866957931,S2-412469289,S2-424797586,S2-324078825,S3-307695065,S3-782959876,S3-12713301,S3-46951258,S3-45072342,S2-74970394
S1-544570934	S3-642953535,S3-394312889,S2-389596278,S3-357228602,S3-380611860,S2-870762054,S2-380154247,S3-859318078,S3-100870316,S2-294403995,S2-619849782,S2-928226199
S1-82624135	S2-179574049,S2-986051356,S3-836601972,S3-234300899,S3-903525768,S3-417857697,S3-301166664,S2-106839526,S2-655588877,S2-32039468,S3-106455074,S2-903341980
S1-704931378	S3-606059697,S2-763883148,S3-662918190,S3-785139458,S3-847163837,S3-37993736,S3-179363348,S2-453431488,S3-12370816,S3-273743399,S2-720605663,S2-284611804
S1-822457687	S2-353553104,S2-368003596,S2-894493589,S3-813553929,S2-710616375,S3-1907260,S3-959714119,S3-194471240,S2-61675814,S3-482672670,S3-340331632,S2-937811827
S1-120568451	S3-657075789,S2-774177444,S2-804313029,S2-461054071,S3-935277965,S3-441657829,S3-256940644,S3-694546782,S3-766797944,S3-794436090,S3-722988930,S3-790386208
S1-271435866	S3-954235644,S2-250032377,S2-96728089,S2-671498749,S2-750463803,S3-789226511,S2-996843488,S2-630750192,S3-396896750,S3-969698482,S2-341477765,S3-793135183
S1-692505446	S2-47507169,S2-803671245,S3-787409362,S2-677289526,S3-192961101,S3-948429673,S3-14833128,S2-512488685,S2-462811286,S3-551622675,S3-782340884,S2-662413316
S1-817296561	S3-34958459,S3-334684532,S2-515668693,S2-626442896,S2-825411331,S2-73714061,S2-129808717,S2-330354358,S3-114271975,S3-317560557,S2-924589611,S3-791858011
S1-764661743	S2-994247666,S2-214180262,S3-146164444,S3-237618111,S2-4561146,S3-301121837,S2-103055013,S2-479394100,S2-885431155,S3-116730128,S3-709961281,S3-712241391
S1-35940204	S2-486998637,S3-202851446,S3-948185480,S3-42449444,S3-581983099,S2-445831520,S2-515538670,S3-565729633,S2-491196814,S2-704319074,S2-140295873,S3-51127543
S1-680066644	S3-460900039,S2-190898578,S2-678609576,S2-563032037,S3-562984147,S3-255107158,S3-485536604,S2-893523886,S2-794487625,S2-391472228,S2-342159177,S3-394848868
S1-504963508	S3-665015710,S2-490159336,S3-147722031,S2-625323646,S3-380311617,S2-265935427,S2-566765129,S2-736070443,S2-222102216,S3-383084835,S3-506875719,S3-815184228
S1-729640594	S2-114047614,S3-291302975,S2-963572038,S2-527607167,S2-81817298,S3-225623099,S2-113479684,S3-774908282,S3-469492274,S2-480989018,S3-317972178,S2-136094249
S1-506661387	S2-153175968,S2-102273931,S3-306641517,S3-986199976,S2-326596563,S3-692143012,S3-204791791,S2-539250003,S3-194711304,S3-114828221,S3-690501962,S3-724472804
S1-512351405	S3-320587601,S2-220754126,S3-148624655,S2-790017477,S3-621527277,S3-787038653,S3-761448671,S3-222971427,S2-204222107,S3-768278451,S3-625236939,S2-330654295
S1-858875414	S3-351931036,S2-237758731,S2-80433536,S3-578564881,S2-812844806,S2-214403739,S3-768345093,S2-538393420,S2-618730261,S2-365404370,S2-715314113,S2-904614535
S1-579723880	S3-467507999,S3-30072551,S3-668717756,S3-135788905,S3-954877422,S3-227254299,S3-348599504,S3-608401859,S3-620591203,S2-265172641,S2-386863901,S3-605146617
S1-112115441	S2-854590117,S2-21598123,S2-80994026,S3-537433516,S3-876090528,S2-444902714,S3-511781747,S3-207996451,S2-966465187,S3-828678190,S2-489310247,S2-198866368
S1-592177001	S2-192317067,S3-265393005,S2-943867552,S3-760904436,S2-308759416,S2-821985259,S3-811237122,S3-157103242,S3-393279823,S3-514806584,S2-213375014,S3-597544115
S1-560902577	S3-111448735,S3-349741788,S3-213144413,S2-662832961,S2-607455943,S2-795189618,S3-290488679,S3-745265805,S3-518745153,S3-316098344,S3-331618504,S2-426066071
S1-176318395	S2-778666286,S3-648174916,S2-370879723,S2-709101608,S3-337755978,S3-89084344,S3-436512901,S2-906171326,S3-640746471,S3-698107612,S3-29058418,S2-810137187
S1-466246984	S2-447655493,S3-502106197,S2-267110928,S2-268695501,S2-637038762,S3-755219829,S3-895777039,S3-240125071,S3-817768082,S3-65668901,S2-2001909,S3-227127607
S1-468229348	S2-431234127,S2-659325121,S2-320337712,S3-468607763,S2-330621983,S3-447795087,S2-227578839,S3-526884354,S2-21007600,S3-224263388,S2-575100830,S2-515479250
S1-764213266	S2-715030843,S2-907730095,S3-290996730,S2-907056023,S2-587609117,S3-987909678,S3-798510769,S2-477918978,S2-273757834,S2-903015042,S2-60192477,S3-700427696
S1-614720858	S3-329471054,S3-341294345,S3-163870808,S2-691697434,S2-270707557,S3-564427364,S3-737868096,S3-859130198,S2-450761530,S3-63887562,S3-630741925,S3-362679604
S1-95258111	S3-613605538,S2-806610170,S2-536858355,S2-996609444,S3-622841609,S2-72162716,S3-858848762,S3-588365123,S3-214176702,S2-814685759,S3-741055069,S3-368855791
S1-461149263	S3-644217282,S2-90877986,S3-395277045,S2-474789471,S3-710422914,S2-799759383,S2-217078420,S3-276062738,S3-817761322,S3-661200676,S3-688490368,S3-932530857
S1-51283418	S2-354966495,S3-986011863,S3-712162629,S2-983854562,S2-934023940,S3-546969836,S2-308392193,S3-64471398,S3-919988117,S2-286670331,S3-103672996,S3-967298886
S1-198452605	S2-8483826,S3-579138498,S3-891949326,S2-508644160,S2-533910057,S2-983539760,S2-701096719,S3-942892654,S3-560643558,S3-380421461,S2-436601879,S2-262495389
S1-489245302	S2-318673760,S3-171276169,S3-757943378,S3-261453550,S2-165880760,S2-510718411,S2-582006591,S3-427022297,S2-676800330,S3-552506685,S2-229626165,S2-411960511
S1-758373430	S2-358761180,S3-788595237,S2-363230954,S3-48254844,S2-627064364,S3-849838359,S3-766836265,S3-95675370,S3-195908039,S2-861818585,S2-69010887,S3-136109633
S1-549917440	S3-923524036,S3-113439608,S3-769130182,S2-193704720,S3-100337681,S3-430832102,S3-694282419,S3-817194322,S3-593395076,S3-101613343,S2-674014320,S3-597250720
S1-433076844	S2-39484491,S3-785231846,S2-692488714,S3-640777901,S3-122608718,S3-275904767,S2-798398619,S2-157312740,S3-421117316,S2-507999571,S3-259021032,S3-595767439
S1-906194018	S2-723330063,S2-237584031,S2-322139625,S3-172763917,S3-271537756,S2-396682524,S2-556598271,S2-31248260,S2-417005927,S2-122919774,S2-857621689,S3-216855747
S1-556628868	S2-420248543,S2-659362482,S3-949064606,S3-967164797,S2-140463588,S3-782583551,S3-663403509,S2-652901395,S3-412556897,S2-403395498,S2-963854494,S2-626499326
S1-381943111	S3-458257877,S3-588213677,S3-848901628,S2-154155328,S2-653241161,S3-905117119,S3-238975575,S2-113906463,S3-859455742,S3-210010770,S3-323417544,S3-994366465
S1-404750044	S3-367684901,S3-801298700,S2-725736753,S2-407121565,S2-495598229,S2-638655281,S2-469412636,S3-120372070,S3-72540703,S3-510583968,S2-916861439,S3-378369497
S1-696511531	S2-930974381,S3-674713810,S2-674870567,S3-598719498,S2-29653849,S2-349183113,S3-280843465,S3-433758449,S3-44311139,S3-248513412,S2-661003204,S2-322044987
S1-923779100	S3-316065024,S2-682298442,S3-27723832,S3-646651142,S2-84057352,S2-193704720,S3-126310434,S2-304215396,S3-380698629,S2-272128578,S2-937020389,S3-293579778
S1-205089447	S2-315165518,S3-50734001,S3-638081967,S2-552183765,S2-396945766,S3-945396390,S2-132019729,S3-627941209,S2-106166004,S2-276799275,S3-552720997,S2-683437399
S1-844503100	S3-904344190,S3-77735148,S3-404453475,S3-810553902,S3-369243664,S2-353710828,S2-99727352,S2-649506003,S3-757087073,S2-393019494,S2-771526917,S3-316947330
S1-990063043	S3-770863969,S2-409353844,S3-261623354,S2-42856600,S2-691696379,S3-945801178,S2-374097472,S2-398334916,S2-635231093,S3-126406077,S3-870883948,S2-961987009
S1-602513416	S3-297003886,S2-178093487,S2-199069198,S2-119727507,S3-458605763,S2-348384990,S3-20973272,S2-591917869,S3-660673752,S2-439760614,S3-116463910,S3-320702454
S1-836790066	S3-727390586,S2-446227655,S3-242856364,S2-917555854,S3-996419990,S3-209416315,S3-744072143,S2-827266021,S2-249967946,S2-836037871,S3-398808525,S2-862250584
S1-482222548	S3-287264186,S3-928988799,S2-917568049,S2-956037509,S2-911928830,S2-597130528,S3-46198827,S3-925911992,S2-607677030,S2-540636457,S3-636223391,S2-146265383
S1-432582505	S3-393506277,S3-157296045,S3-910656820,S3-539318007,S3-906796608,S3-835930126,S3-989437473,S3-921042172,S3-559335021,S3-285730459,S3-488676615,S3-664853176
S1-286136839	S3-218494986,S3-965317580,S2-968500247,S2-197282328,S3-470440581,S3-482808795,S3-832829319,S3-479657589,S2-367952680,S2-961529719,S3-164257741,S3-340211931
S1-538440384	S3-978722001,S2-716508324,S2-260664517,S2-971746515,S2-612332534,S3-12722954,S2-528651353,S2-246027500,S3-966680028,S2-284575839,S2-359819001,S3-935100592
S1-771229433	S2-626322606,S2-856638205,S2-488271071,S2-65258525,S3-165037709,S3-746567199,S2-955145188,S2-795030560,S3-114110455,S2-756726827,S3-5378427,S2-288944844
S1-368997017	S3-257992048,S3-986953758,S3-99787462,S3-541690233,S3-631619846,S3-259947126,S3-190231760,S3-67157063,S2-447825625,S2-589766375,S2-317312654,S2-351958349
S1-340893584	S3-686482612,S3-408318177,S3-569789762,S3-586544336,S3-819724862,S3-331896363,S3-928296471,S2-312841611,S3-553336099,S3-385103761,S2-509717214,S3-856837946
S1-404672925	S3-749036079,S2-445706317,S2-791074066,S3-14705201,S2-666709749,S3-956200030,S2-23246439,S2-276042429,S3-602237007,S3-229816332,S2-923388603,S2-969438040
S1-138478547	S3-871607296,S3-212761873,S3-938216416,S2-748885153,S2-773105624,S3-794430607,S3-997511570,S2-229675447,S2-881710605,S3-779503402,S2-305124043,S3-234630972
S1-930038104	S3-434781939,S3-466431519,S3-513142015,S2-851730792,S2-611185875,S2-381989864,S2-373089545,S3-729442721,S2-61758032,S2-490591373,S2-278229809,S3-550031781
S1-723976467	S2-176829186,S2-752159383,S2-780296691,S3-410805023,S2-596264967,S2-734764726,S2-343258868,S2-199409812,S2-959666096,S2-906758381,S2-623229762,S3-415056620
S1-87521186	S3-578410654,S2-54068112,S3-33878761,S2-853780032,S2-509498721,S2-168947520,S2-20256600,S3-705076537,S2-822389813,S3-502072475,S2-845371822,S2-273871849
S1-503923682	S2-499020194,S3-324335352,S2-402245782,S2-766290500,S3-758440534,S3-439593887,S3-605789007,S2-409956051,S3-495358901,S3-130785592,S3-496667155,S2-973913872
S1-717355149	S3-194964745,S2-782132697,S2-319637726,S3-876769383,S2-450435575,S2-930299168,S2-487703212,S2-98173654,S3-315563253,S3-584330800,S3-488358242,S2-136870701
S1-601600475	S3-519159036,S2-520434053,S3-631953587,S2-548904694,S2-5979717,S2-923498506,S3-843598074,S3-741231410,S3-176047140,S3-880997595,S3-263176928,S3-77101757
S1-11070535	S3-400229257,S2-642604582,S3-318032940,S3-597250720,S2-193704720,S3-338832582,S3-776452770,S3-868587327,S3-53979786,S2-651952379,S2-691234223,S2-65794496
S1-224954471	S2-119033923,S2-63159908,S3-628403958,S3-932130992,S3-9177265,S3-955129343,S3-125580448,S2-496502568,S3-241492788,S3-638536285,S3-884471696,S3-818679481
S1-485300087	S2-962312476,S3-294268281,S2-877803924,S3-977377226,S2-320362507,S2-57721460,S3-404057148,S2-66278565,S3-49016557,S3-829530237,S2-870431655,S3-586640900
S1-14138450	S3-818873020,S3-422740037,S2-142308475,S2-848553541,S3-54275726,S3-922607049,S3-107784082,S3-497122933,S2-404392055,S2-612889253,S2-346691929,S3-244333939
S1-935666548	S2-658711271,S3-51248982,S3-665693467,S3-879333721,S3-321666481,S3-46256915,S3-736571164,S3-659275589,S2-863904965,S2-73380037,S3-467409165,S3-813456188
S1-334998835	S3-466035095,S2-852376923,S3-21849501,S3-540826041,S2-554791687,S2-200725633,S2-641871396,S2-857251435,S2-278739292,S3-756254458,S3-322625725,S3-211513991
S1-730425914	S2-74169164,S2-232311758,S3-887185097,S3-968878706,S3-153055225,S3-149279389,S2-658748862,S3-954230713,S3-938590834,S3-476258500,S2-153573589,S3-284971380
S1-185801336	S3-352763488,S2-340147636,S3-705573947,S2-43088106,S3-909564031,S3-570414846,S3-300061516,S2-80266050,S2-586022162,S2-614083299,S2-428301871,S3-484931819
S1-223516773	S3-808625389,S2-492825556,S3-652819075,S2-261492581,S3-906971693,S3-495531310,S2-247466752,S3-292813020,S3-813901332,S3-77979372,S3-62360415,S3-948365340
S1-279622943	S3-445009228,S3-984848776,S3-979163649,S3-513655616,S3-685964586,S3-493627961,S2-571934567,S3-220893588,S2-261533330,S2-440839256,S2-701250778,S3-603455484
S1-545785275	S3-594255425,S2-661145145,S3-374299283,S2-299619383,S2-155000538,S3-31304226,S3-318680617,S2-765294441,S2-902404880,S3-203950836,S3-717880423,S3-939227288
S1-722216967	S3-68513248,S2-235884088,S3-790858229,S2-464066188,S2-790361565,S2-965776835,S2-110029179,S3-526315397,S3-258676025,S3-800590156,S3-442009444,S3-357609382
S1-979914378	S2-948256914,S3-20311958,S2-261395475,S3-730747827,S2-555012836,S3-619488579,S2-705823205,S2-943143637,S3-528496276,S3-679422344,S2-231856999,S2-803950555
S1-894508682	S3-893519965,S3-604666499,S2-539486178,S3-440701867,S2-444147625,S2-256931411,S2-148489526,S3-924246773,S3-123476723,S3-571191124,S3-783501646,S3-6524924
S1-14092818	S3-409083690,S2-10601381,S2-729353125,S3-216617670,S2-470658210,S2-378778702,S3-694553632,S3-390315740,S3-985463180,S3-58831139,S3-122311825,S3-889808460
S1-445647846	S2-905208793,S3-982058387,S2-616077006,S3-544372222,S3-480339653,S2-466162372,S2-720946049,S3-313289559,S3-259719929,S2-964493117,S3-840414755,S3-336121148
S1-753228608	S3-344450589,S3-472957897,S2-90300054,S3-479674707,S3-227900580,S3-122999708,S2-633482185,S2-468397942,S3-995467230,S2-426739857,S3-882981512,S2-480542688
S1-672951537	S3-973957082,S3-312126305,S3-714311810,S2-660894941,S3-296823027,S3-348780501,S3-379756287,S2-277964322,S3-222547804,S3-581516229,S3-628849792,S2-251330791
S1-878594009	S3-372077817,S2-797932770,S3-302828013,S3-722977663,S2-614368364,S2-44549838,S3-234577928,S3-584952539,S3-703609718,S2-723835931,S2-461680874,S2-986913123
S1-822053664	S2-384797465,S2-486764222,S3-888027435,S2-927776866,S3-730818108,S2-749625383,S3-436304285,S3-380021151,S2-672005272,S3-761109722,S2-406424270,S2-44499555
S1-644601334	S3-208062001,S2-938096718,S3-767712098,S2-922874273,S3-389195991,S3-845217556,S2-598062265,S2-14677876,S3-454823500,S3-196888039,S2-559963633,S3-816494690
S1-471385756	S3-500764805,S2-927418848,S3-175256525,S3-443332371,S3-400800443,S3-842059528,S3-957398795,S3-37670630,S3-367159541,S3-979918240,S2-31028794,S2-561333560
S1-845005308	S3-819223682,S2-380622452,S3-838794020,S3-283646066,S2-281273784,S2-494862629,S3-148797903,S2-789284445,S3-391201443,S2-594415197,S3-152149770,S3-638632377
S1-398482349	S2-190029432,S3-110025262,S2-202169323,S3-262288519,S3-972068971,S3-442163681,S3-131123049,S3-242076433,S3-730250232,S3-660587237,S2-223366878,S3-560924581
S1-806932249	S3-762625423,S2-855141083,S2-747898328,S3-27851535,S3-592352915,S3-666607563,S3-478690364,S3-645921247,S2-433144816,S3-97976272,S3-530937342,S3-854305166
S1-441431782	S3-991765770,S3-862481824,S3-988718821,S2-756631497,S2-98604458,S2-773967280,S2-793124883,S3-797056766,S2-941182793,S3-293501875,S2-909283396,S2-760223091
S1-829539388	S2-861557258,S2-522862809,S3-465019856,S2-383648774,S3-270029681,S3-731016596,S3-694546782,S3-256940644,S2-240344749,S3-766797944,S3-794436090,S2-47340708
S1-132798957	S2-639766726,S3-426420861,S3-252786181,S3-679970827,S2-277323050,S3-921576708,S2-22748959,S3-207642374,S3-608678601,S3-734037952,S3-966588806,S2-176998529
S1-846246361	S3-720314631,S3-481142785,S3-995449411,S2-972190687,S2-263170173,S2-899615667,S2-625787110,S2-784033989,S3-807079035,S3-230900738,S3-529940075,S2-416348224
S1-577593167	S3-930397045,S2-906042245,S2-563769138,S3-184350385,S2-219920589,S2-283597025,S3-494102659,S3-87205171,S3-391467836,S3-420890569,S3-211709369,S3-811043935
S1-268701410	S2-580010271,S2-113166276,S3-842474378,S3-212295293,S2-279841970,S3-8549212,S2-577181013,S3-208432153,S2-427466858,S2-616787551,S3-332246723,S2-630116756
S1-93073505	S3-239454725,S2-46180043,S2-270705978,S2-828825204,S3-526034097,S3-452804777,S2-70507326,S3-767407851,S3-263353283,S3-767426742,S3-874671393,S3-426314367
S1-405003470	S2-565971045,S3-428210811,S3-164633790,S2-966507138,S3-295986946,S3-865338681,S3-107949326,S3-782373021,S3-626680055,S2-770552929,S3-544776338,S2-485178923
S1-902208013	S2-189595336,S2-756469354,S3-452700330,S3-68428101,S2-828640757,S2-998467509,S3-567905568,S3-727756426,S3-815695181,S3-880121091,S3-615774108,S3-564219052
S1-994808554	S3-254797126,S2-529554211,S2-489032544,S2-648692862,S2-685435519,S2-726169100,S3-47744388,S3-903211700,S2-885854053,S2-16194027,S2-447918531,S3-865232694
S1-366359183	S3-468585707,S2-199269122,S3-861364821,S3-509022750,S3-919487516,S2-950377569,S2-8646347,S2-385650704,S3-602515134,S2-77215776,S2-447070376,S2-957155003
S1-6238414	S3-965963375,S3-667919990,S3-806312773,S3-75594500,S2-257581060,S3-661138811,S2-485315655,S2-679653850,S2-138551828,S3-768609986,S2-706236608,S3-662331262
S1-756314364	S3-611720679,S3-225162243,S2-478656692,S2-517450002,S2-988594223,S3-377315646,S2-648161072,S2-411218307,S3-250108493,S3-680107463,S3-259297711,S2-315350846
S1-964928775	S3-671850021,S2-92868702,S2-982146109,S3-887937429,S3-312476120,S3-956118609,S2-552633262,S3-51762846,S3-739638342,S3-899845110,S2-724224668,S3-306867061
S1-793859523	S3-319701635,S2-840251283,S2-330145606,S2-764179097,S2-26304655,S2-236043432,S3-272580077,S3-470384200,S3-430611364,S3-800133291,S3-804311951,S2-585164905
S1-307637159	S2-208647420,S3-664234284,S2-783953212,S2-482245639,S3-444160419,S2-975432602,S2-446775154,S3-454823500,S2-14677876,S2-596015450,S2-891926104,S3-853369421
S1-474017693	S2-998316285,S2-775610962,S3-28355896,S3-242203219,S3-63543387,S2-517742279,S2-931684870,S3-38480448,S3-556719170,S3-524427365,S3-332540934,S2-658161256
S1-659686155	S2-33143114,S2-101218365,S2-405743521,S3-785424922,S2-1030671,S3-47311545,S3-671110193,S3-332428475,S3-239803953,S3-53996531,S3-558099140,S2-224798769
S1-752346941	S2-195635793,S2-999775207,S3-161113483,S3-707535431,S3-977195310,S3-892950934,S2-873115874,S3-656802191,S3-966147882,S3-32129811,S2-547164926,S3-19124228
S1-509051261	S2-13646461,S3-101353579,S2-390513821,S3-879004826,S3-352857282,S3-210419385,S2-715449088,S3-569953863,S3-200840374,S2-934129571,S2-997303993,S2-278275796
S1-520735140	S2-349282364,S2-878869111,S3-514634956,S2-32832086,S3-321959888,S3-720217342,S3-83009340,S2-7910086,S2-598087452,S2-579350590,S3-442734012,S2-910410992
S1-466474926	S2-215675946,S2-55965392,S3-790019041,S2-193704720,S3-983072033,S3-986395570,S3-108847484,S3-857929541,S3-752811771,S3-490376697,S3-392307378,S3-342104469
S1-419957713	S2-377201038,S3-912121801,S3-24969147,S3-121790744,S2-367409305,S2-562831094,S3-191648015,S2-223760880,S3-547755425,S2-80502573,S3-371022755,S3-855253095
S1-596292677	S3-558353160,S3-881366014,S3-998835033,S2-295449001,S2-6676067,S3-755292149,S3-413989752,S2-103539319,S2-193704720,S3-660024341,S2-22464124,S2-393396205
S1-341444528	S3-975699458,S2-635057893,S2-387779650,S3-237306428,S2-437245266,S2-839732578,S2-954532056,S3-669390959,S3-277029648,S3-860708392,S3-680449772,S3-225340534
S1-791446857	S3-564246946,S2-969106992,S2-614598056,S3-948564349,S2-105357780,S2-270371864,S3-675026125,S2-336993497,S3-540462703,S3-88918932,S3-507748556,S2-954321573
S1-719992533	S2-381704076,S2-141924782,S3-106110670,S2-802689593,S3-967563044,S3-637446866,S3-734426119,S3-799158660,S2-452158346,S2-726391791,S2-115151090,S2-442849095
S1-665253183	S2-365488023,S3-42960418,S3-390782252,S2-183006291,S3-563209255,S2-939405179,S3-76947025,S3-192138645,S2-382209653,S3-256766106,S2-250666015,S3-324179182
S1-386992303	S3-887773467,S2-14207232,S3-50631976,S3-47299360,S3-460723598,S2-397081081,S2-979223011,S3-479029811,S3-103810412,S2-320973676,S3-934892299,S2-391185880
S1-245781384	S2-925329494,S3-590323747,S3-373519470,S2-836922979,S2-240556422,S2-497607433,S3-104824031,S2-182434241,S3-626966241,S3-796052009,S2-437612181,S3-305390479
S1-891174204	S3-703463453,S2-321619001,S2-668960739,S2-90241287,S3-684660639,S3-493297108,S3-570927886,S3-765848155,S2-598984180,S3-967777154,S2-533791268,S2-562773505
S1-742834751	S3-406703005,S3-415273034,S3-245681966,S2-518513289,S3-692711754,S3-570920787,S3-261329066,S2-318126615,S2-605754923,S2-984358179,S3-936752631,S2-531536358
S1-546018189	S2-835700944,S3-875490503,S2-678849570,S3-221696586,S3-362903762,S3-271273639,S3-296040490,S3-77573817,S3-67873296,S2-795953821,S3-295741432,S3-59282119
S1-598661191	S2-403537082,S2-574290230,S2-428440919,S3-445714565,S3-626683530,S3-508210701,S3-424763249,S2-284417775,S2-499534186,S3-512285132,S2-135014713,S3-319220135
S1-790632928	S2-712030935,S3-850697533,S2-602566830,S2-188443993,S3-702365521,S3-393738886,S2-609212202,S2-697527271,S3-93322801,S2-197256016,S2-169681526,S3-386754869
S1-894102319	S2-121957475,S3-65549088,S2-147338898,S3-13221268,S3-325532371,S2-23548257,S3-826111497,S2-198225640,S2-417061379,S3-684674112,S3-653439318,S3-967562460
S1-352766931	S3-552545694,S2-34460171,S2-629516211,S3-767591690,S2-69792465,S3-912583234,S2-516713683,S2-784294140,S2-165481329,S2-824883495,S2-243706412,S3-813587257
S1-920214574	S3-207575316,S3-222425931,S2-189184914,S2-999633283,S3-71729699,S3-949980272,S3-150008359,S2-197728119,S2-161750711,S3-181596113,S3-909135113,S3-640622721
S1-849109470	S3-690668243,S2-849748812,S2-360422995,S3-366970399,S3-31410694,S3-996403690,S2-82910731,S3-144796193,S2-433915500,S2-21295064,S3-615122480,S3-105210672
S1-480739450	S3-227620393,S3-784799165,S3-413792107,S3-222515111,S2-490036564,S2-445395553,S3-842917401,S2-477344365,S3-568689762,S3-712686001,S2-904731833,S3-13093249
S1-960044502	S2-264170399,S3-238402756,S3-780962194,S2-788393110,S3-24880024,S3-131968201,S2-407110716,S2-262534982,S3-211994191,S3-647217842,S2-149827860,S3-949801127
S1-709010486	S3-415082725,S2-575824978,S2-623161248,S3-604000765,S3-164676241,S2-253129295,S2-28890778,S3-326295834,S2-158747098,S2-542136439,S3-114032329,S3-22876734
S1-706371158	S3-191527684,S2-675988411,S2-586794738,S2-54399552,S2-510607126,S3-343304594,S3-342662381,S3-906092491,S3-864662780,S3-594868723,S3-540602783,S3-63041714
S1-17354660	S2-772062426,S3-24580478,S3-755981928,S3-598719498,S3-248513412,S3-44311139,S2-322044987,S2-661003204,S2-383101365,S2-659632206,S3-870113891,S3-541690233
S1-297470820	S3-536299997,S3-871823635,S2-626476013,S2-50400365,S2-92931204,S3-606343934,S3-286573880,S2-475206336,S3-542826132,S3-634822988,S2-14885554,S2-208627135
S1-85339769	S2-103253599,S2-35963393,S3-571647087,S3-144160157,S2-936835236,S3-709217707,S3-187227488,S2-193704720,S3-839440144,S3-133035621,S3-103502341,S2-676905193
S1-206022418	S2-442360013,S2-107417600,S3-350721307,S3-496042082,S2-921921342,S3-466990780,S3-124754165,S2-703254307,S2-411476545,S2-816334520,S3-829715692,S3-804508388
S1-237053735	S2-750575991,S3-370411909,S3-4190152,S3-392604385,S2-298006672,S2-828736250,S2-227606008,S2-434362042,S2-774240606,S3-281232668,S3-510759619,S3-74958201
S1-720095411	S2-963362474,S2-837362090,S2-171572933,S2-92573502,S2-241615308,S3-845368730,S3-875926367,S2-197717000,S3-244105836,S3-809424814,S3-748929012,S3-205610673
S1-919234374	S2-191862531,S2-803263028,S2-337354821,S3-66271876,S3-407721516,S3-827670572,S3-815467754,S3-218562723,S2-401924921,S3-348579221,S2-161720036,S3-803713160
S1-200457122	S3-539977830,S2-469696213,S3-240745501,S3-855080966,S2-764700272,S2-275070646,S2-928621221,S3-63448598,S2-620207615,S3-243691606,S2-464385391,S2-129882176
S1-342016542	S2-847628592,S3-262626162,S3-257522414,S3-906363817,S2-400946969,S2-446735827,S2-393785022,S2-738875904,S2-472254535,S3-994433642,S3-791038527,S3-728397983
S1-74451337	S3-55724258,S3-328279352,S3-404505236,S3-256278255,S2-284600119,S2-337953360,S2-362074247,S3-39822248,S3-768364839,S2-922282543,S3-961283295,S2-944953858
S1-496206698	S3-403880249,S3-940769895,S2-224617614,S3-872786504,S2-342691500,S3-601004562,S3-98882555,S2-130204320,S3-595025252,S2-66312249,S3-651973597,S2-655718540
S1-221644755	S2-5206566,S2-257174337,S2-639038838,S3-989382780,S2-358610359,S2-580513537,S2-656758911,S3-259363927,S2-657613896,S3-882180695,S2-301722511,S3-292334990
S1-528914935	S3-237581300,S2-425622621,S3-785826758,S2-72793249,S2-944385858,S3-933560993,S2-119591045,S3-52255200,S2-21845568,S2-648845903,S2-133258997,S2-385939711
S1-146089395	S3-761169465,S3-17734058,S2-805210174,S2-296255555,S2-215628783,S2-367768749,S3-92987619,S3-67869059,S3-724778215,S3-362345996,S3-904668147,S3-701130479
S1-816171728	S3-420391587,S2-629694491,S3-527494774,S2-23228836,S3-618428737,S3-257361436,S3-850880746,S3-98244980,S3-378278443,S3-626316074,S3-882408001,S2-862220823
S1-480031157	S2-856658161,S3-523230744,S2-441303920,S2-971885347,S2-245589869,S2-631424273,S3-32765286,S2-727734407,S3-742060608,S2-554105344,S2-813490467,S3-485977484
S1-344927419	S2-646151602,S3-143848182,S2-748043689,S3-521173413,S2-241583842,S3-612387431,S2-332725249,S2-795690412,S2-828106697,S3-290766030,S3-352769404,S3-584362220
S1-694273127	S3-924800591,S2-406209936,S3-168652246,S2-273415180,S2-863758669,S3-599243262,S3-295156969,S3-645199959,S2-296159041,S3-227655198,S2-458016028,S3-376204461
S1-493690791	S3-755953271,S3-476971691,S2-131859351,S3-452686478,S3-778311932,S3-846128269,S3-953888929,S2-451398412,S3-96139908,S2-719166333,S3-411157212,S3-2111946
S1-135095453	S2-340145025,S3-690816376,S3-842348145,S2-145585463,S3-996759928,S3-160433029,S3-154337069,S2-758378094,S2-330804658,S3-750067354,S2-456023658,S3-595395661
S1-515726247	S3-856958963,S3-435554922,S2-429504058,S2-79621112,S2-569108262,S3-720252678,S2-619575519,S2-210941842,S3-252681988,S3-567128683,S3-641592108,S3-827964974
S1-529688400	S3-752539598,S3-897773910,S3-365565413,S3-371604180,S2-779181338,S3-232141411,S3-274645891,S2-678701924,S2-42362373,S3-666385320,S2-146086884,S2-503403320
S1-455544422	S2-636372596,S2-875637392,S2-696112056,S2-535266156,S3-657645013,S3-3490745,S3-705120264,S3-323300389,S2-490572268,S2-73509540,S2-243379577,S3-407306290
S1-129793455	S2-223976927,S3-134677408,S3-538206848,S2-93040846,S3-114958858,S3-846158367,S3-299852195,S3-795446913,S2-427562346,S3-369486909,S3-75624466,S3-739245234
S1-80737167	S2-805051357,S3-6853372,S3-641313972,S3-578879131,S2-830316146,S3-30884226,S2-927784526,S3-897044858,S3-41852523,S2-271980257,S3-334766968,S2-427839420
S1-157661829	S3-754851834,S2-223016099,S2-355926059,S2-504305519,S3-948149132,S2-690252772,S2-767461998,S2-175271822,S2-596040763,S3-920694083,S2-188954833,S2-985663899
S1-507430295	S2-445598380,S2-795785366,S3-988649067,S2-391881799,S2-960504358,S3-99725308,S2-285272409,S3-493489423,S3-35285836,S3-715981054,S3-654035212,S2-608090416
S1-261752746	S3-247972515,S2-528890486,S2-131301733,S3-614210580,S3-995701824,S2-579443654,S3-351030334,S2-22864592,S2-551842076,S3-739720325,S3-286117288,S3-527807506
S1-786364095	S2-213536635,S2-815165254,S2-745910422,S3-858679897,S3-780216037,S3-754179630,S2-249238187,S2-990127430,S3-920780036,S2-444215304,S2-235670571,S3-279458040
S1-522164835	S2-859681376,S3-120439091,S2-164848106,S2-919181415,S2-364381581,S3-114418779,S3-415906727,S3-922244764,S3-38942828,S2-392568398,S3-735387036,S2-551756166
S1-868361855	S3-126824736,S2-309436653,S2-235909684,S2-980598420,S2-404735402,S3-70489084,S2-462377198,S3-227576081,S3-206402032,S2-750976942,S3-844298315,S2-475159786
S1-283959098	S2-663958828,S3-188532764,S2-387780930,S2-305701944,S2-121544477,S3-87851831,S2-291350016,S2-848314726,S2-875376852,S3-497233778,S2-293751539,S3-76864
S1-955457768	S2-53645637,S2-909608482,S3-191475213,S2-149432440,S3-442341595,S3-58426164,S2-889483398,S3-588420636,S2-681561900,S3-68238256,S3-329894338,S3-195563161
S1-174768827	S2-646101116,S3-883213703,S3-900093039,S2-860067190,S3-210003515,S3-223746592,S3-630628043,S3-562638638,S2-4847401,S2-479409736,S3-315976210,S3-413987256
S1-48512551	S2-888652466,S3-759278777,S3-261580666,S2-245856035,S3-207854176,S3-728021118,S2-589028147,S3-764702564,S3-477673512,S3-400520678,S3-658499494,S2-308685462
S1-523906331	S3-491321077,S2-998510602,S2-881406205,S2-391869373,S3-852897606,S3-133640074,S2-797579318,S2-126131441,S3-861680035,S3-106751118,S2-467780082,S3-947071408
S1-85885709	S3-76028890,S3-689914949,S3-837695694,S3-393154984,S2-390481923,S3-136919152,S2-857201222,S3-712188151,S3-41330833,S2-117878471,S3-497233165,S3-997964300
S1-144909096	S3-381361587,S2-259786659,S2-751115842,S3-769457281,S3-315296867,S3-214899122,S3-839505406,S3-807936501,S3-203162059,S3-32969759,S3-458048273,S3-426226756
S1-87945427	S2-40492740,S2-917794372,S2-802158960,S3-696934719,S3-651742635,S3-7009830,S2-821995767,S2-129435315,S3-445855139,S3-585783379,S3-444668479,S3-297484309
S1-512641035	S2-431811417,S2-32170573,S3-958403571,S2-859709833,S3-489519857,S3-407609054,S3-533694810,S3-356499183,S2-709908028,S3-312895217,S2-430019392,S2-2539673
S1-407045588	S2-810080033,S2-635891105,S3-728186900,S3-661266373,S3-375154253,S2-324530998,S2-184488081,S3-564227845,S2-315100794,S3-741709546,S2-397197441,S2-129811835
S1-676232619	S2-764077592,S3-423154707,S3-190715303,S2-247235960,S2-317395901,S2-926365059,S2-394963028,S3-237962676,S2-567187261,S3-958838810,S3-766797944,S3-968862997
S1-543226823	S3-829672724,S3-995595600,S2-69161467,S3-49781165,S3-191465321,S3-92639173,S3-761895975,S3-113270881,S2-177763807,S3-176608424,S2-612994298,S3-312779389
S1-514793550	S3-819382214,S2-969936204,S2-79346788,S3-626316074,S3-157854606,S3-416014571,S3-365214004,S3-95072121,S3-778612795,S3-24755880,S3-672427619,S3-118098642
S1-798054810	S3-907629179,S2-567513663,S3-119542704,S2-139580341,S2-941047798,S3-721708992,S3-247290003,S2-356519426,S3-746070683,S2-34815033,S2-932894480,S3-124535614
S1-983920747	S2-459438917,S3-965164455,S2-807425702,S2-833380298,S2-418815132,S3-815259745,S2-219669618,S2-828566810,S2-497820185,S2-908390935,S2-716350014,S2-696254673
S1-947894991	S2-567351144,S3-357982995,S2-182830651,S3-949262736,S2-663377957,S3-720572348,S2-83623972,S3-301356052,S3-219973228,S2-915013342,S2-921001448,S3-701152370
S1-362725603	S3-187269926,S2-376089608,S3-367668625,S3-84457279,S2-228202075,S3-333472117,S3-348564652,S3-890924743,S3-134287505,S3-3402044,S3-56715687,S3-964247863
S1-364539503	S2-981556528,S2-35430158,S3-292579907,S2-418748332,S2-665961700,S3-749637229,S2-122913556,S3-916489226,S2-158700326,S3-578606038,S3-567539703,S3-667202505
S1-545049680	S3-987583103,S3-382847355,S3-248072781,S2-96398567,S3-413174814,S3-932014676,S3-847723794,S3-442734012,S2-609571194,S2-14677876,S3-454823500,S2-622701948
S1-115462219	S2-916836555,S3-515680340,S2-17707853,S3-500846678,S3-803735942,S3-419438611,S3-536565206,S3-335478529,S3-593615766,S3-110742212,S3-58135554,S2-268228899
S1-858745405	S3-286557175,S2-892507512,S2-437283919,S3-639277440,S3-982404498,S3-677986393,S2-195614747,S3-153894221,S3-209809119,S2-591314807,S3-802238419,S2-79241908
S1-518157877	S2-178138081,S2-401308573,S3-243454345,S3-332840362,S2-121276615,S3-153705118,S2-623000428,S2-958093939,S2-693727553,S2-351428736,S3-901584436,S3-744868809
S1-137588476	S3-652721359,S3-971355907,S2-411996324,S2-428438335,S3-110260258,S3-203616074,S3-597335041,S3-871034107,S2-713184888,S3-987582246,S2-377233919,S3-892993345
S1-463757762	S2-889740456,S2-736932843,S3-498159345,S2-689486848,S3-369827557,S3-872672219,S2-570156764,S2-132735373,S2-937994240,S2-416693219,S3-772731661,S3-545256078
S1-79256589	S3-572123749,S3-537919996,S2-273856969,S3-210643106,S2-614547580,S2-994586950,S3-34555226,S3-947535883,S3-451136132,S2-251855242,S3-292413566,S3-63553901
S1-425730292	S2-324716933,S3-708581340,S2-445789589,S2-37945035,S2-788889683,S3-729033514,S3-624627171,S3-229065993,S3-860996622,S3-313415934,S3-32129027,S2-711156722
S1-109337547	S2-535056866,S3-940253574,S2-737950713,S3-755319827,S2-65929570,S3-156073965,S2-934354785,S3-934832594,S3-44143318,S3-833824261,S3-949436658,S3-94994031
S1-123390526	S3-516156370,S3-326717212,S2-898289548,S3-618134741,S3-738008487,S2-183296163,S3-319641157,S2-190353770,S2-387227828,S2-180859823,S3-841225821,S3-222863995
S1-824055714	S2-99652913,S2-521409086,S2-796341362,S2-836027527,S2-402899087,S3-862771625,S3-443118579,S2-293905677,S2-994512805,S2-619505498,S2-244937216,S2-161329822
S1-25489844	S3-947050937,S2-401438540,S2-722520432,S3-695987291,S2-312999453,S3-397378286,S2-878486306,S2-649811033,S3-735076602,S2-207786392,S3-655578088,S3-283760875
S1-364395526	S2-597559871,S3-274031561,S3-637046471,S3-7022073,S3-270824968,S2-930379627,S2-591009086,S2-742271414,S2-54524585,S2-656489511,S3-144466121,S3-90624425
S1-902238082	S2-931698061,S3-485968129,S3-726205405,S3-876093079,S3-823348540,S3-906139296,S2-63436087,S2-718313001,S3-663395596,S2-508013538,S2-839780618,S2-806181334
S1-728775483	S3-272065020,S2-843130732,S2-655251384,S3-91973498,S2-193589532,S2-127282275,S3-296248486,S3-353607169,S3-740645367,S3-185776460,S3-416831604,S3-13342336
S1-607069998	S2-640838871,S2-351416573,S3-460292905,S2-143858917,S2-963290842,S3-32208580,S3-977336686,S2-654839004,S2-703827290,S3-13242805,S3-330104178,S3-740071376
S1-185685599	S3-734042074,S2-559730321,S2-817775603,S3-982231405,S2-236469208,S3-726606026,S2-638315368,S3-571202142,S2-122977776,S2-780952734,S3-618612637,S2-883059472
S1-469407850	S2-362678902,S2-995730033,S2-339742433,S3-267917144,S3-917644692,S2-691806233,S3-754467128,S2-230838629,S3-624211322,S2-447875827,S2-959092886,S2-254257237
S1-921202318	S2-233382511,S3-142996795,S3-934220518,S2-595908750,S2-134924804,S3-507886888,S3-763860352,S3-415402569,S3-714122144,S3-487483755,S2-573661866,S3-581224876
S1-767429080	S3-290015591,S3-364116999,S3-648358948,S2-536633999,S2-47966775,S3-972961576,S3-173634711,S3-247998451,S3-317738971,S3-927425243,S2-554910438,S3-202743041
S1-12860408	S3-432422473,S2-136861501,S3-10746393,S2-921398209,S2-751285558,S2-121558767,S3-953873221,S3-937613338,S3-990341161,S3-828490957,S3-450577356,S2-554223734
S1-972281681	S2-131278058,S3-430055076,S3-904899934,S2-267027462,S2-973461869,S2-756904979,S3-230547695,S3-792288065,S3-668161169,S3-605060527,S3-118513983,S3-7404140
S1-735266847	S3-726729408,S3-244415232,S2-84596351,S3-800607388,S3-751418284,S3-144820784,S2-475295044,S3-36217547,S3-586334482,S2-456152043,S3-480146515,S3-56667713
S1-980612311	S3-942475992,S3-45634219,S3-455353501,S3-699848723,S2-707601002,S2-942227551,S3-955898427,S2-560681494,S2-692712904,S3-536867922,S2-459910399,S2-562017920
S1-912025001	S2-339864954,S2-796472242,S2-189751172,S3-158877178,S2-164318410,S3-905460720,S2-9991021,S2-197837702,S3-917829445,S2-117567770,S3-380271385,S3-497680577
S1-532677376	S3-893233047,S3-290890347,S3-10434658,S2-770490668,S3-369072173,S2-992670892,S2-715425347,S2-141461656,S2-453973587,S2-705675734,S2-585115437,S3-418285721
S1-16778423	S2-727510876,S3-8733584,S3-286760003,S2-677813697,S2-254495582,S3-975148748,S2-850899899,S2-11058296,S2-454992218,S2-563329635,S3-632409216,S2-540663820
S1-771325284	S3-103855424,S2-607403983,S3-48458123,S2-155045238,S2-382111988,S3-660054402,S3-629381135,S3-265660069,S3-700591692,S2-360489651,S3-93881992,S3-539836448
S1-921419888	S2-131482973,S3-113161167,S2-703754100,S2-653526271,S3-293743147,S2-167593260,S3-950220067,S3-861012353,S3-854822436,S3-28474314,S2-779866930,S2-152369132
S1-216168424	S3-490374040,S3-562313447,S2-606586684,S2-621117312,S2-357860120,S2-256088429,S3-75810671,S3-134496661,S2-823081776,S2-453990314,S2-945415339,S3-995222576
S1-589448230	S3-883821390,S2-419091114,S3-400915521,S2-997016632,S2-828330751,S3-943126814,S2-561402571,S3-432720383,S3-472138365,S2-316977704,S2-9848057,S2-936365385
S1-300010518	S2-171887140,S3-71613631,S2-313446090,S2-413621567,S3-891742805,S2-364562493,S3-705849944,S2-666928420,S3-405248940,S3-695415738,S3-477247113,S3-306932072
S1-315773741	S2-166109238,S2-1910042,S2-634349252,S3-389064753,S2-739740709,S3-614919047,S3-983763331,S3-784792591,S2-321676201,S3-773663744,S2-595397422,S2-820380879
S1-234563019	S3-293361250,S3-986097630,S2-664334744,S2-361109013,S2-813342264,S2-490377799,S3-563866224,S2-150897290,S2-373121012,S2-214878588,S3-905952064,S3-417628923
S1-111884721	S2-405020736,S2-283095570,S2-908736200,S3-942463674,S2-654884890,S3-620581344,S2-29256751,S3-197533412,S2-578577142,S3-855166072,S3-993410872,S2-49311311
S1-148397285	S3-649265780,S3-364392769,S3-942270686,S3-150403716,S2-944096808,S2-287453774,S3-689728209,S2-41128880,S3-790261026,S2-513566956,S2-871445738,S2-36411650
S1-994372051	S3-719998494,S2-156668429,S2-46411459,S3-506945599,S3-925160519,S2-596859325,S2-972319457,S3-235547487,S3-601203141,S2-255645797,S2-798447904,S3-963553409
S1-23049763	S3-770151003,S2-900117366,S2-791554894,S3-657645436,S3-12331445,S3-789917821,S3-121035146,S2-602251915,S3-85293807,S3-667656357,S3-511670176,S3-14859738
S1-408448376	S2-401881601,S3-307200552,S3-207137515,S2-29447601,S2-984054126,S2-876730108,S3-889620061,S3-622931301,S3-682435526,S2-815599388,S3-552605632,S2-443542787
S1-899263270	S2-928037909,S2-507187744,S3-367825912,S2-287387808,S3-575985281,S3-413255565,S2-578038677,S2-360551595,S3-509683712,S2-448255106,S3-150115675,S2-246102526
S1-736226448	S3-271984202,S3-120427577,S3-632767119,S3-69290318,S3-830972562,S3-123654084,S3-394619358,S3-957077065,S2-109026671,S3-329491418,S3-421191509,S2-844037349
S1-989476492	S2-799148545,S3-925155321,S3-144384409,S3-660197099,S3-587079,S3-803018949,S3-601856598,S3-774821134,S3-680152432,S2-812974744,S2-983370576,S3-922620341
S1-906978482	S2-683378154,S3-162367446,S3-967562460,S3-684674112,S3-197080331,S3-210788880,S3-653439318,S3-112258902,S3-502519225,S3-459005946,S3-706399945,S3-212723020
S1-138827484	S3-247615093,S2-143060077,S2-958116354,S2-756485259,S3-355556240,S2-215258234,S2-223152440,S3-514249640,S3-36381454,S3-674574852,S3-729825582,S2-379761985
S1-731985456	S3-74376947,S2-665029662,S2-220224901,S2-650691409,S3-595647324,S3-540428047,S2-639294539,S3-126277241,S3-780562414,S2-72408173,S3-15740523,S2-34928731
S1-645485963	S2-534616103,S2-402993202,S3-447140769,S2-741362146,S2-158069515,S2-37850275,S2-164845222,S3-265084834,S3-680319574,S3-626186368,S3-334924817,S2-338425025
S1-202284194	S3-76510572,S2-26319990,S3-289040604,S2-866649875,S3-121400430,S3-121858850,S3-957203440,S2-454951745,S2-80181236,S2-878342169,S2-494065638,S3-470991012
S1-133059631	S2-75218663,S2-861634611,S3-226459713,S2-257402411,S2-802531187,S3-297918160,S2-244609259,S2-379497383,S3-170341795,S3-712789009,S3-74714164,S3-82595564
S1-263879704	S3-394336000,S2-994476471,S3-811807068,S3-513691990,S3-97524652,S2-765163257,S2-163497729,S3-104978838,S2-188801177,S2-876191140,S2-343616243,S3-189270187
S1-540510495	S3-833443217,S3-99321982,S3-300610969,S2-388638661,S3-920302169,S2-62318284,S2-365731830,S3-835585718,S2-644915722,S2-617387315,S3-249716491,S3-495879655
S1-223099677	S3-195389898,S3-315447832,S3-23455709,S3-290238762,S3-715396500,S3-98244980,S3-850880746,S3-626316074,S3-378278443,S2-7174521,S3-637450732,S2-326209438
S1-496689077	S3-540314048,S3-171090498,S2-487216831,S2-480346067,S3-926882555,S2-528613495,S2-621600865,S2-834968880,S2-222898372,S3-259073745,S2-699741459,S3-169646969
S1-154895521	S3-990116526,S3-565080283,S2-695717415,S3-513192774,S2-983171608,S2-149249933,S3-556980583,S3-911719968,S3-148868780,S3-288061748,S3-749620228,S3-361227335
S1-369746382	S2-979154640,S3-92158439,S3-121810783,S3-943953211,S2-982534037,S3-842730217,S3-777394646,S3-120133118,S2-443343555,S3-427449386,S2-711719476,S2-184819084
S1-159842682	S3-193760404,S3-184235186,S2-755019079,S2-329587705,S3-953206773,S3-344614962,S3-367082049,S2-681608264,S3-443916719,S3-151019547,S3-857379524,S3-670657153
S1-368923675	S3-127956062,S2-3258147,S2-660202484,S2-505252768,S3-318054862,S2-545625985,S2-216449204,S3-171960062,S3-524958712,S2-30552982,S3-870649070,S2-953474099
S1-520259823	S3-191281597,S3-404531833,S2-685069996,S3-697303274,S2-79044387,S2-253893428,S2-182169310,S2-706009121,S2-519867047,S3-792323696,S3-356099996,S3-259281909
S1-126195038	S3-907476629,S3-124715571,S3-472877862,S2-933094541,S2-855763827,S3-567509510,S3-379877454,S2-38950154,S2-774726984,S2-223333224,S2-603082292,S2-597744130
S1-715597413	S3-738287105,S2-246264176,S3-320544970,S2-800259211,S3-259623034,S3-397439811,S2-44242573,S3-520148141,S3-402352196,S3-179252015,S2-273685257,S2-432604265
S1-358680500	S2-535708160,S3-287251346,S3-314226037,S3-423594423,S2-737545342,S3-515753433,S3-620484281,S3-208644422,S3-292543972,S2-417324779,S3-958447204,S2-682648656
S1-203399028	S2-582158596,S2-580415675,S3-886878062,S3-101883444,S3-37432127,S3-749242066,S3-299907076,S2-746832007,S3-578677913,S2-505043917,S2-218522895,S3-957888545
S1-597321422	S3-102664913,S3-560899804,S2-359782728,S2-380411268,S2-375532355,S3-799018865,S3-474859067,S2-704093337,S3-635667774,S2-957252889,S2-445678219,S3-629639289
S1-124332765	S3-772791977,S3-700421780,S2-297840265,S2-745048892,S3-248368667,S2-323639346,S3-96039514,S2-919410395,S3-596478895,S3-445838234,S3-24651389,S2-268252715
S1-611246116	S2-732807511,S3-824110035,S3-613576438,S2-64215883,S2-127528573,S2-751620688,S2-388725380,S3-165347915,S3-565306538,S2-406926810,S2-327256492,S3-143341347
S1-307551825	S2-865098611,S2-666276489,S3-435712341,S3-177095630,S2-305918576,S2-769230065,S3-759406767,S3-886666763,S2-990367001,S2-460609727,S2-429744533,S3-87524005
S1-268853154	S2-41027209,S3-160825963,S3-538146367,S3-652015011,S3-32348066,S2-72032611,S2-958126548,S3-643499251,S2-299488221,S2-775659939,S3-165075354,S2-955134909
S1-47816941	S2-429349314,S2-724663999,S3-421826461,S3-9953185,S2-380135232,S3-728874283,S3-15757361,S3-605951662,S3-557799727,S2-733154625,S2-314112220,S2-485745456
S1-47932965	S2-74933225,S3-687986924,S2-659237775,S2-11401308,S2-644536248,S3-78773648,S2-534328472,S3-641758187,S3-333265166,S3-819808557,S2-819619961,S2-439200373
S1-291502356	S2-740192821,S3-989459565,S3-763465123,S3-279949728,S3-403886194,S2-963140963,S3-105085995,S2-967814118,S2-275506569,S2-806682437,S3-940400476,S3-135394889
S1-286927640	S2-459183197,S2-950243856,S2-801976381,S2-151447521,S3-365772883,S3-868201071,S3-876381065,S2-813796411,S3-631619846,S3-541690233,S2-888924179,S2-350029477
S1-579685513	S3-831141787,S3-473220243,S3-790884876,S3-346575443,S3-563759230,S3-460743750,S3-332404409,S3-659018621,S2-130667560,S3-357943752,S3-221383243,S2-226667014
S1-211852688	S3-575120050,S3-558358087,S2-409029798,S2-100417197,S2-158200530,S2-863123216,S2-375621749,S2-278396048,S2-404802493,S2-246757722,S3-507112972,S2-16176682
S1-654709304	S2-491113613,S2-156301882,S3-69409927,S2-471750458,S2-415941354,S3-934809309,S2-594190224,S3-325949222,S2-967176483,S2-7994660,S2-49817096,S3-50510923
S1-325809657	S2-549310627,S2-895257519,S3-869707210,S3-601512985,S2-97457453,S3-394156851,S2-857540117,S2-365483730,S3-176037454,S2-265867257,S2-475495094,S2-314472530
S1-376568209	S3-248315229,S3-217798532,S3-816346851,S2-622056350,S2-301993962,S2-267802903,S3-222933087,S2-738777503,S3-394076239,S3-359527458,S3-336514662,S2-301328196
S1-496098059	S3-56146113,S2-893825665,S2-244750966,S3-47516707,S3-316084996,S3-876159015,S2-733804820,S3-667399581,S2-910374862,S3-533428773,S3-977006607,S2-915458201
S1-784506101	S3-97514576,S3-869579396,S2-472939732,S2-869982091,S2-266667757,S2-689490605,S2-486550534,S3-627796843,S3-196639452,S3-582144986,S3-872602375,S3-974598239
S1-327224780	S2-792806823,S3-188057924,S3-604575571,S3-945458657,S3-63377936,S2-263078910,S2-39829702,S3-613516680,S2-120969409,S2-188129746,S3-92407061,S3-842261505
S1-699788250	S2-810480808,S3-720627906,S3-311261498,S3-125138626,S2-129562883,S2-26841231,S3-688615955,S3-503922152,S3-694299186,S3-304476872,S3-176742464,S2-413447224
S1-391253290	S3-336531380,S2-743912490,S3-500433495,S3-941733493,S2-630453428,S2-58314767,S3-682923950,S3-598499884,S3-130764942,S2-374457818,S3-16928983,S3-498007227
S1-499115364	S2-365966773,S3-103791562,S2-466290969,S2-809061906,S3-156286454,S2-650208396,S3-749660862,S3-902386646,S3-740051781,S2-484761113,S2-540769282,S3-342604408
S1-140416757	S2-233897751,S2-259411114,S3-701116638,S3-325236623,S3-347623748,S3-614874785,S2-297881989,S2-151960432,S2-113772374,S3-166797022,S2-37284225,S3-169977658
S1-766125764	S2-318843650,S3-527126355,S3-828975636,S3-548591242,S3-522122617,S3-403514543,S2-47378568,S3-936041706,S3-30534639,S2-615789373,S3-435752294,S3-884776044
S1-436787367	S2-567084665,S3-858263057,S2-166500510,S2-360247270,S3-757281473,S3-224935847,S2-584258266,S3-463683090,S3-337186313,S3-209721095,S3-104876286,S3-58868008
S1-322100097	S2-363479695,S3-679769651,S3-374299283,S3-873883560,S3-44187217,S3-42143440,S3-298121928,S3-519953739,S3-427805906,S3-906836239,S3-688808079,S3-195067714
S1-232235719	S3-921566621,S3-827610284,S3-873020488,S2-664206562,S2-234056331,S3-476709476,S3-175549037,S2-977915056,S3-576727034,S2-804672661,S2-682814106,S2-471513859
S1-466932884	S2-1148157,S3-991285948,S2-876330852,S3-962201941,S3-527878724,S2-364604039,S2-433552740,S3-531285557,S3-325709503,S2-103917703,S2-446152288,S3-30270802
S1-945913770	S3-587336801,S2-312943204,S3-456687856,S3-125375311,S3-722752425,S2-413798332,S2-47116980,S3-406672788,S2-78578575,S2-774204906,S2-127412559,S2-740886100
S1-686289719	S2-952373044,S3-258910753,S3-351551067,S2-421095557,S3-391339221,S3-459623258,S2-105180064,S2-113196027,S3-735338414,S2-7437441,S2-220963469,S2-634020216
S1-674689717	S3-764127969,S2-660276084,S3-492734531,S3-821455281,S2-683345007,S3-466120077,S3-738545196,S3-628038042,S2-150901853,S3-663769125,S3-15108720,S3-910573742
S1-756464396	S3-405835731,S2-781128722,S2-741573720,S3-62544123,S2-917612597,S3-612989132,S2-934329976,S2-382749180,S2-151608845,S2-388923888,S2-914421188,S3-343107938
S1-482836789	S3-606724111,S3-39134487,S2-248458214,S2-998494337,S2-2802891,S2-911142576,S3-20327154,S2-498105652,S3-73270212,S3-585524615,S3-691609127,S3-267837140
S1-134613307	S3-760356066,S2-643312095,S3-250717324,S2-427302601,S3-297351397,S2-128078559,S3-586938621,S2-295148235,S3-833741510,S2-502569390,S3-474479080,S2-864701148
S1-938119193	S2-193927476,S3-280922530,S3-20928796,S3-486293358,S2-330886664,S3-811760295,S3-96318235,S3-245828645,S3-800288523,S2-256693381,S2-868543170,S2-276463915
S1-596435578	S3-640564732,S2-787439597,S3-920909324,S3-442645594,S3-606389377,S3-308910444,S3-721551286,S3-501369097,S3-139638698,S3-250376855,S3-586813440,S3-32516374
S1-875620074	S2-250408281,S2-324358272,S3-705616762,S2-551125206,S2-977143374,S3-430122144,S3-848000721,S2-209215188,S3-73899476,S3-766053814,S2-334024099,S3-934260694
S1-749343801	S2-605037224,S3-399589476,S3-848437777,S2-4562248,S2-509204868,S3-227965382,S2-55373141,S2-748782590,S2-383759001,S3-767408101,S2-780247588,S3-308005870
S1-142422071	S2-247257895,S2-507751773,S3-394622737,S3-167591642,S3-323320965,S3-942104751,S2-972238716,S3-174003735,S3-421225418,S3-457764908,S3-289857622,S3-620193677
S1-338104702	S3-781888791,S2-580567330,S2-505015334,S3-547750001,S3-939655152,S3-238800745,S3-14508295,S3-770597609,S2-744206696,S3-732582443,S2-63061080,S3-714595048
S1-795790708	S3-543301719,S2-441218957,S3-413603451,S3-979592151,S3-556558904,S3-370124747,S3-899939422,S2-237225308,S3-871704747,S2-450980647,S3-737454163,S2-692920242
S1-165531885	S2-11084721,S3-182838921,S3-144265539,S3-140853294,S2-402865461,S3-433002560,S3-892767733,S2-497041850,S2-171771360,S3-97976012,S3-67393771,S2-359908940
S1-921178995	S3-106673835,S2-710635205,S2-846115528,S3-960715614,S2-950791609,S3-576643711,S2-130452377,S2-870400488,S2-284852187,S3-290729755,S3-520633567,S2-454555387
S1-933916141	S2-174026165,S3-357482075,S2-514024810,S2-366727101,S3-727420968,S2-709640301,S3-28436016,S2-985565988,S3-27666740,S3-386800280,S2-731771646,S2-310295301
S1-288038566	S3-271155887,S2-587755475,S3-511164799,S2-97189316,S2-982002217,S2-352043793,S3-482865504,S2-998272495,S2-499619847,S3-238615773,S2-325532055,S2-353233734
S1-755953137	S2-950197002,S2-616166105,S3-35966922,S3-169875969,S2-408092564,S3-658924002,S2-441389612,S3-735568594,S2-88946905,S2-824741789,S3-384044649,S3-106469482
S1-70958628	S3-459708625,S2-529867786,S2-4917684,S2-294755807,S3-276875799,S2-42835654,S3-279878110,S2-856527115,S2-266526986,S3-815118691,S3-830149428,S3-384665558
S1-135923305	S3-904018520,S2-65776189,S2-819689127,S2-791479827,S3-382922042,S2-202585553,S3-670292674,S2-187119028,S3-780854188,S3-183866540,S2-14677876,S3-454823500
S1-950261834	S3-323356278,S3-82382534,S2-911096167,S3-886941581,S3-587376217,S2-540901610,S3-103242627,S2-965002450,S2-965196669,S2-811005991,S3-807741392,S2-284550385
S1-313675213	S3-211377562,S3-105470890,S2-406354100,S3-116065514,S2-353084939,S3-437619403,S3-826022707,S2-347931318,S3-865865199,S2-259948611,S2-661996579,S2-29019908
S1-729776029	S2-768534492,S3-13330574,S3-451853864,S2-382217182,S3-839963574,S3-41517093,S2-926360698,S2-312245801,S3-138107076,S2-7737709,S3-238404781,S3-358130526
S1-440308377	S3-285020599,S2-875223259,S3-605908068,S3-507911807,S3-428351374,S2-267885906,S2-38624301,S2-552273347,S3-736921705,S2-256948424,S3-903479081,S3-448486046
S1-135093715	S2-583902356,S3-211720075,S2-25669536,S2-303492205,S2-766253161,S3-556298839,S2-315710218,S2-669175355,S3-12220556,S2-580922785,S3-245866542,S3-486432515
S1-140724023	S2-282712119,S2-583765676,S2-413374132,S3-614491091,S2-339895042,S3-255274833,S3-554184866,S2-537561169,S2-329741830,S3-725271221,S2-76778143,S3-332887651
S1-324500508	S3-668977460,S2-664593966,S3-701284529,S2-240304666,S2-133127638,S2-109444987,S3-907003800,S3-833007117,S3-302373149,S3-909722792,S3-379439459,S3-545288067
S1-266157276	S2-950260453,S2-904951614,S2-246365340,S3-104433023,S2-233199036,S3-193461759,S3-36923915,S2-755398105,S3-845445437,S2-301328117,S3-6065678,S3-217401287
S1-375057456	S3-271136571,S2-666230758,S3-485386703,S2-679136499,S3-446279890,S2-607259381,S2-986529061,S2-681989654,S3-23861626,S3-788733653,S3-856745773,S3-930579569
S1-162834928	S2-889436274,S3-754772066,S2-339689877,S2-32026478,S3-187183824,S3-118496705,S3-767559852,S3-148982916,S3-354850301,S3-488391237,S3-502801957,S3-855460005
S1-584566498	S3-597419870,S3-265426937,S2-662265888,S3-754793117,S2-560259106,S3-59683690,S2-572504932,S2-938012218,S3-767313454,S2-234898784,S3-355936439,S3-687908631
S1-230965192	S2-937157298,S3-141062110,S3-504210993,S3-572850676,S3-488168798,S3-716049326,S3-712644261,S2-584856991,S3-169496943,S2-817673301,S3-964862831,S3-918896203
S1-451740526	S3-579018171,S3-523617432,S2-212795970,S2-433383986,S3-716359204,S2-149611316,S2-947618384,S3-83239518,S3-862302910,S3-158360984,S2-358316175,S3-577559954
S1-363573023	S3-637826096,S3-356545562,S2-28087375,S2-863226347,S3-693934072,S3-807488111,S3-10490943,S3-198727950,S2-645803485,S3-554768542,S2-502765871,S2-145187782
S1-156325420	S2-850027628,S3-330507013,S3-906178081,S2-111255337,S2-126085285,S3-502156194,S3-969295735,S3-297269629,S2-909732999,S3-382158014,S3-298145221,S3-510758602
S1-969928283	S3-628845060,S3-75666826,S3-499228290,S3-388201791,S2-631950491,S3-387572318,S3-244829202,S2-164094263,S3-170756696,S3-188552397,S2-104943699,S2-573384568
S1-753299456	S2-210002640,S2-93020296,S3-33118333,S2-82192355,S2-205375861,S2-446181196,S2-715304669,S2-557578913,S3-183053326,S3-425149315,S3-933336746,S2-495453429
S1-436178603	S2-73113244,S2-650232041,S3-581817189,S2-299899507,S2-148905481,S3-342413978,S2-488892841,S2-821480536,S2-303447389,S3-641259600,S2-699186360,S3-122672076
S1-694464022	S2-754866280,S3-319267856,S2-779123945,S3-191850646,S3-318123719,S2-233835965,S2-588666536,S2-344861520,S3-364776801,S3-312047543,S3-300315166,S3-728573430
S1-995082794	S3-387127262,S2-639347002,S2-613789101,S3-357481000,S3-343847339,S3-165750270,S3-860931682,S2-949169680,S3-502342243,S2-629028233,S3-150568422,S2-172833814
S1-729572536	S2-132790784,S3-776337273,S2-952111057,S2-964856135,S2-424788546,S3-924430755,S3-486422374,S2-217493604,S3-754192560,S3-614979343,S3-934178116,S3-434427238
S1-392620983	S2-287337430,S2-113640704,S3-831263102,S3-383633552,S2-881406205,S3-892659346,S2-391869373,S2-126131441,S2-797579318,S3-179990957,S3-133640074,S3-947071408
S1-125048720	S3-20896592,S2-725133288,S2-535044533,S3-384356071,S3-555669473,S2-76010779,S2-549698234,S3-470646219,S2-326726865,S2-540718949,S2-474697311,S2-911956825
S1-296042107	S3-164224363,S3-547452636,S2-201323374,S2-280442145,S2-644236984,S2-33048849,S3-875232478,S3-142362329,S2-22432183,S2-804005430,S3-900996520,S3-672571046
S1-636676213	S3-457469538,S2-181345410,S3-253693045,S3-129395542,S3-222668114,S3-245883856,S3-558336086,S3-501771848,S3-348445919,S2-613362407,S2-349357150,S3-619183779
S1-836006563	S3-704534203,S2-742681055,S3-960008183,S2-137621197,S3-617012505,S2-479480178,S2-973400776,S2-741467202,S3-566875548,S2-714576835,S2-774514588,S3-578388591
S1-851013510	S3-394356186,S2-788088972,S3-50027056,S2-902398501,S3-303765946,S2-122670569,S3-711102708,S3-961586479,S2-312225031,S2-156522314,S3-991559486,S2-796661270
S1-300907290	S2-413908882,S3-372872099,S2-52178755,S2-850329461,S3-111999389,S3-592757244,S2-239603192,S2-295987796,S2-178476177,S3-600946824,S3-921913539,S2-695584460
S1-705434653	S2-840839384,S2-7442368,S3-566296041,S2-336915125,S3-734296731,S2-92373841,S2-807259507,S2-502749719,S2-927950224,S2-721040357,S3-416645643,S2-118617520
S1-47708004	S2-991823593,S3-993348809,S2-958196405,S3-923758819,S3-311349235,S3-384605128,S3-808280154,S2-924551730,S3-802421298,S3-469783071,S2-599048104,S3-919317083
S1-723990027	S3-566522919,S3-858910269,S3-951453776,S2-80585996,S2-901825183,S3-946914438,S3-309715976,S3-86786070,S2-968220111,S3-320900473,S3-419532405,S3-740246391
S1-185674426	S2-340506575,S2-678136080,S2-615188787,S3-551343011,S3-701750243,S3-59990268,S3-612188244,S3-440226277,S3-665340030,S3-668208137,S3-56007729,S3-631064805
S1-329411816	S3-431577082,S2-520409227,S3-598778192,S3-966295807,S2-792381114,S3-631979341,S2-529757246,S3-914119353,S3-974007815,S3-105792027,S3-566549343,S3-884567905
S1-391326997	S2-959525530,S3-424231316,S2-122023896,S2-207806434,S2-569084865,S2-871982109,S2-47637912,S3-285380717,S3-638550498,S3-271860385,S2-613537261,S3-475778028
S1-257594323	S3-578661030,S3-222702214,S3-862214270,S2-416656634,S3-91800940,S2-612827321,S3-871937349,S2-396967507,S2-21713703,S2-805039269,S2-180045376,S3-188772147
S1-476761841	S3-445280704,S3-82709312,S3-743439822,S2-392568597,S2-784769615,S3-610980454,S2-259924352,S2-982201747,S2-355322768,S2-719645524,S2-121581067,S2-334935414
S1-118898408	S2-951828412,S3-245402673,S3-166540338,S3-578771943,S3-268576440,S2-294361256,S2-27118660,S2-236336041,S3-867370776,S2-583889863,S2-179070175,S3-649382795
S1-690642520	S3-728573430,S2-666573523,S3-828498146,S3-318123719,S3-312047543,S2-208489122,S3-524425019,S3-300315166,S3-364776801,S3-159993263,S3-404076731,S3-101949597
S1-912354350	S2-172866855,S3-892430510,S3-170130520,S2-102699791,S2-737056409,S3-35252590,S2-30577741,S3-375209781,S3-548143498,S2-156124518,S3-223016056,S3-61809532
S1-760807611	S2-916336876,S3-896243298,S3-534106935,S2-241009481,S2-125172527,S2-93546323,S2-382859363,S2-5801938,S2-420229377,S3-281117161,S3-499435524,S3-79344794
S1-3451502	S3-438928643,S3-138038746,S2-115311753,S3-856517945,S2-617537556,S2-287433496,S2-975353261,S2-596938546,S2-513794829,S2-905588520,S2-46927710,S2-901863092
S1-138370844	S3-242389992,S3-988340463,S2-623611168,S2-213868012,S2-92299195,S2-137392174,S2-436225119,S2-727104935,S2-302390738,S3-507860671,S3-847433001,S3-718283545
S1-715139010	S3-728276072,S2-537436856,S2-276038254,S3-201552972,S3-167954879,S3-445633739,S3-781860655,S3-400743025,S3-202045386,S3-137150523,S3-888065588,S2-944007970
S1-642388936	S2-48219931,S3-514904739,S3-353743343,S2-105921060,S2-319969221,S3-87316997,S2-367442915,S3-562842488,S3-497207122,S3-725022490,S3-736508348,S3-647758211
S1-642098189	S2-452134441,S3-300576475,S3-453317705,S3-585976888,S2-312331484,S2-594310263,S2-639402273,S2-167971390,S2-912947520,S3-575202493,S3-282025746,S2-476458729
S1-178781732	S3-544309635,S3-666209074,S3-806597187,S3-526408436,S3-392753303,S3-384676630,S3-259697389,S3-132893370,S3-766998183,S3-111994484,S3-966843841,S3-220911128
S1-134490951	S2-599569681,S2-904759462,S3-959870172,S3-495909077,S2-159514749,S3-253010384,S3-103225255,S3-785653663,S3-322242696,S2-750229366,S3-454854512,S3-212333252
S1-916661478	S3-735310038,S2-793688207,S2-668557783,S3-200515144,S2-958164049,S2-499367507,S2-761811374,S2-330712089,S3-810267457,S2-873566079,S3-513572311,S3-289066363
S1-548828341	S3-520752725,S2-206712058,S2-715036621,S2-502515897,S3-88933392,S3-33298817,S2-534904343,S3-869849282,S2-534523053,S2-656820599,S2-712839449,S2-139791802
S1-220644173	S2-458597660,S3-212098943,S3-809437051,S3-343034573,S3-238846194,S3-520598052,S2-435854356,S3-137339288,S3-910858224,S3-208121745,S2-319078818,S2-296286686
S1-917813586	S2-119896864,S2-760606310,S2-142778923,S2-816594264,S3-517001163,S2-593942670,S3-863350209,S2-765811556,S2-282294167,S2-628755752,S3-789951045,S3-315647329
S1-334615101	S2-774672928,S3-637468945,S2-324394246,S3-687874773,S2-201799337,S3-785982561,S3-283666910,S2-764053699,S3-744074911,S2-907471451,S2-58100869,S2-178859520
S1-398777202	S3-318578594,S3-202898373,S2-632529058,S3-757108703,S2-101147302,S3-791315866,S2-829214407,S2-588104040,S2-616647477,S3-594050733,S2-613779449,S2-386205505
S1-884570033	S2-168671268,S2-375710820,S2-65646572,S2-924366661,S2-758505869,S3-654867340,S2-554262821,S3-966372270,S2-258690955,S2-365992341,S3-711063605,S3-888486732
S1-896343162	S2-633450338,S3-776468547,S3-874583925,S2-472027234,S3-471012901,S3-981199561,S2-473431426,S3-824115737,S2-555630765,S2-183241823,S3-329469925,S2-422772499
S1-830510566	S3-113699440,S3-427282617,S2-323077587,S3-240804942,S3-455706698,S2-340587347,S3-644519371,S3-392165607,S3-370667513,S3-306139886,S3-315773131,S3-88655472
S1-412303137	S2-812488810,S2-648336835,S2-673826951,S2-585631834,S3-984023046,S2-28175635,S3-70936118,S3-573582450,S3-243804025,S3-818268470,S3-948738313,S2-176303700
S1-879244325	S3-931678974,S2-969143348,S3-180347146,S2-838519002,S3-287797809,S3-79677893,S3-143727417,S2-267385812,S3-922309343,S3-374491809,S2-986316430,S3-971364807
S1-26669939	S2-97290454,S2-2022967,S2-152514917,S2-684182348,S3-491547633,S3-570773120,S2-746782555,S2-91607410,S2-53279413,S3-129076926,S2-61315129,S3-321719313
S1-523623712	S3-320357906,S2-606183125,S2-217055214,S2-209534644,S2-630903917,S2-885998982,S3-52254785,S2-698902656,S2-904197177,S3-527425407,S3-354476820,S3-185815185
S1-114817494	S3-864581427,S2-538250683,S2-732708451,S3-631650366,S3-855834293,S2-515311100,S2-839021622,S2-409804907,S2-437628216,S3-578939128,S3-734535674,S3-133179384
S1-953811344	S2-74724395,S2-79940971,S3-99515690,S3-725489932,S3-466488795,S3-729825582,S3-514249640,S3-974694386,S3-668208137,S3-850290876,S3-22947615,S3-2936579
S1-171697990	S3-139972710,S3-215458084,S3-710833073,S2-516282122,S2-99475866,S3-282122005,S2-347274099,S3-93789751,S2-393603212,S2-329975579,S3-154852030,S3-495983489
S1-900723294	S2-317883177,S3-557836778,S3-289485804,S2-592074432,S3-182772002,S2-847595120,S2-679801857,S3-70054361,S3-815450048,S2-44896851,S3-602949857,S2-398609135
S1-273790206	S3-506875719,S3-920396993,S2-222102216,S3-502233052,S2-625323646,S2-490159336,S3-665015710,S3-147722031,S3-380311617,S2-566765129,S2-736070443,S2-265935427
S1-874326791	S3-601528034,S3-668448878,S3-342039463,S2-643789600,S2-159678835,S3-954877847,S2-193704720,S2-817047145,S2-611707627,S3-809581015,S3-839440144,S3-133035621
S1-541895637	S2-986272858,S2-614369143,S3-320370257,S2-157015816,S2-24196207,S3-671709436,S3-723953951,S2-407984222,S3-226882181,S3-152368619,S2-3983937,S3-821664501
S1-992292111	S2-272975171,S3-653879311,S3-981726181,S2-193343856,S3-642071999,S2-999069156,S2-132553536,S3-274258777,S3-52868960,S2-583099034,S3-202541278,S2-127150992
S1-405727846	S2-409258520,S2-462239057,S3-197774527,S3-762413122,S3-694786819,S3-565490459,S2-895410654,S3-77176699,S2-277076862,S2-752281779,S3-582856670,S2-652694660
S1-939119929	S3-541387309,S2-440172163,S2-25908703,S2-818270700,S3-142548861,S3-405578360,S3-225502408,S3-705143260,S3-353954055,S2-192101920,S3-414919323,S3-561043572
S1-752189286	S3-608743166,S3-515405389,S3-114118265,S3-845141608,S3-911710795,S3-157665853,S2-503842392,S2-777601753,S3-728031095,S3-276183506,S2-573149635,S2-794096195
S1-385100932	S3-690757774,S2-972806648,S3-215464564,S3-217145582,S2-924187277,S2-861860930,S2-404922226,S3-683568866,S2-349400725,S2-545402386,S2-704407324,S3-325855142
S1-650300948	S3-13076777,S2-111387147,S3-626692093,S2-303534786,S3-306036485,S2-620832609,S3-423121883,S2-131307937,S2-446423660,S3-832868298,S3-310185512,S3-134566769
S1-709387778	S2-211862919,S3-626325268,S3-196545252,S2-720995340,S3-590972438,S3-193098623,S2-948617945,S3-637943257,S3-176695565,S2-586016309,S3-817544357,S3-638259871
S1-534808931	S3-525491251,S3-692557429,S2-29563910,S2-622053181,S2-988212585,S2-381334284,S2-57835849,S3-91214938,S2-651253930,S2-596960868,S2-446140917,S2-218656156
S1-844655582	S2-714729117,S2-674737013,S3-615545248,S3-137374956,S2-244731505,S2-269974891,S3-202354711,S2-357805288,S3-592942559,S2-359236956,S3-714796002,S2-144301865
S1-257938219	S3-863895954,S2-324961942,S2-679474013,S2-137015096,S3-524905562,S2-219867369,S2-8429429,S2-691521762,S3-268306448,S3-543412394,S3-551798119,S2-478359663
S1-136523152	S2-39742303,S2-472301595,S3-784883996,S3-575254926,S3-357986594,S3-479675761,S2-534022869,S3-455441946,S2-884555640,S3-422021020,S3-52278835,S3-166745205
S1-882706313	S2-925616016,S2-495036401,S3-839394955,S2-389857416,S2-668309375,S3-253602381,S3-910479436,S3-631948751,S3-259610023,S3-880637876,S2-108126462,S3-296820008
S1-827992938	S3-388987368,S2-286304771,S2-809133353,S2-283417989,S2-78832301,S2-50153450,S2-695804097,S2-888686100,S2-348444522,S3-463998814,S3-217158747,S3-283781833
S1-691317102	S2-400084634,S2-48611670,S2-566286114,S2-649679812,S3-654242244,S2-331662665,S2-291628461,S2-796737069,S3-604490852,S3-5985416,S3-368946889,S3-527959984
S1-836371090	S3-122473954,S3-789264820,S3-56065297,S2-54540617,S2-586094401,S3-804052738,S2-319439984,S3-172947802,S2-379641645,S3-976133423,S3-37836490,S3-547687615
S1-221746081	S3-920626144,S2-250088244,S2-905195398,S2-738369622,S2-521234282,S2-849180069,S2-678988591,S3-775052365,S3-250142528,S2-425635274,S3-492839804,S3-14491934
S1-82245348	S3-330745006,S3-429395540,S2-58813228,S2-94332574,S3-669905223,S2-285830852,S2-440595624,S3-881687029,S2-881893709,S2-740436877,S3-103502341,S3-955225806
S1-142161772	S2-360247270,S2-602505119,S2-732931209,S2-102298031,S2-378677627,S3-343363230,S3-87475205,S3-640425660,S3-655798011,S3-287800011,S3-482496568,S3-320402710
S1-509743655	S3-677425116,S3-428125324,S2-794343126,S3-720926494,S2-500582025,S2-58000284,S2-754834265,S3-83791420,S2-59549330,S3-651757331,S3-308365890,S2-99371231
S1-431491543	S3-959992183,S2-147749927,S3-854969350,S3-608457712,S2-275135799,S2-343780600,S2-701837657,S2-274984551,S3-484990700,S2-873162481,S3-494572176,S3-668449166
S1-678028031	S3-91685815,S2-818095858,S2-260142602,S2-724860927,S3-999938978,S3-923428955,S3-572759041,S2-707437326,S2-748643243,S3-975934941,S3-471468126,S2-198811860
S1-339636253	S3-978053734,S2-399164100,S2-500060568,S2-715776421,S3-612962680,S2-810136367,S3-955591235,S3-456509977,S3-973249764,S3-437285236,S3-686975314,S2-143119716
S1-722388260	S3-951585513,S2-487358591,S3-677908715,S3-995776098,S2-943650889,S3-506443726,S3-518968091,S3-663571128,S3-591762907,S3-537405732,S3-677624364,S3-949076514
S1-381834790	S2-963387748,S3-740265075,S2-59493351,S3-276002207,S3-400806934,S2-499647220,S2-108308057,S2-61187096,S2-381628105,S3-511022123,S3-25801808,S2-945719161
S1-905839561	S3-720498341,S2-657855090,S3-973091067,S3-962612808,S2-902331575,S3-557079015,S3-152502957,S2-132102635,S3-209460860,S3-217584312,S3-619379259,S3-798808805
S1-66022802	S2-49043536,S2-446383952,S2-702842320,S2-367647673,S3-255368513,S2-261226941,S3-227474572,S3-353297541,S2-45644058,S2-209874407,S3-367792405,S3-974862911
S1-379467828	S3-814463842,S2-636152427,S3-314033526,S2-325360968,S3-248881277,S3-715581576,S3-96917554,S2-252950790,S2-690291106,S2-975167469,S3-196089129,S2-175450817
S1-202720377	S2-125469373,S2-658879582,S3-181803970,S2-994604263,S3-364527279,S3-721094736,S2-748494054,S3-252385828,S3-876264149,S2-502294450,S2-47328117,S2-380640315
S1-673774205	S2-691133951,S3-359156490,S2-989087797,S3-196743369,S3-347001133,S3-265084834,S3-680319574,S3-626186368,S3-414568925,S3-610024840,S2-338425025,S3-193097393
S1-83847809	S2-454166178,S3-493186270,S3-339660304,S3-899716627,S3-514830627,S3-38670955,S2-405807386,S3-367587186,S3-147687378,S3-822483708,S3-104620340,S3-515976648
S1-931581151	S3-937298347,S3-804012467,S3-564135681,S2-754307455,S2-934893477,S2-915014662,S2-982255696,S3-796707050,S2-771458179,S2-667283470,S3-818139715,S2-471351460
S1-134709463	S3-579665716,S2-706230288,S3-431948073,S2-857642437,S3-695763874,S3-952671899,S2-383347773,S2-469086806,S3-991957258,S3-601820711,S2-305026456,S2-995418345
S1-391587463	S3-139395765,S3-834039399,S2-893300368,S2-317266130,S2-766050731,S2-332140869,S2-783100227,S2-138313759,S2-408717108,S2-8967279,S2-184863047,S3-779027117
S1-502249603	S3-106297035,S3-653905731,S2-414208050,S2-519765525,S3-943471187,S3-68280059,S2-632386505,S3-315165721,S3-90466958,S2-167031569,S3-499787023,S3-828928778
S1-582570780	S2-282602369,S2-522770971,S3-143998435,S3-835660219,S3-760738889,S2-971209802,S2-582290288,S3-620967697,S3-220679528,S2-405157973,S3-477996943,S2-647148428
S1-95170548	S3-294307650,S3-739449656,S2-88049000,S2-639313521,S2-950124276,S3-348805754,S2-198949062,S2-180476445,S3-616000289,S3-318261077,S3-76625246,S3-890923343
S1-142009328	S2-116099209,S3-144020889,S3-457509594,S3-558945720,S3-942708153,S2-332831305,S2-128926761,S3-420755723,S2-269438725,S2-735384208,S2-327950348,S3-966029829
S1-782484968	S3-82369266,S3-684713360,S3-660105462,S3-239261742,S2-183519676,S3-78165810,S3-712092435,S3-81326589,S2-450893376,S2-915064302,S3-742071091,S2-461640156
S1-247223474	S2-201014642,S3-355004361,S3-522456212,S3-696749852,S3-231217578,S2-260863583,S3-766116383,S3-417174810,S2-108827274,S3-405687821,S2-52471677,S2-73830116
S1-256929524	S3-516220235,S3-408800916,S2-803272563,S3-61761176,S3-613736248,S3-628583777,S3-897170773,S3-592825922,S3-818089556,S3-214923063,S3-416545365,S2-44326397
S1-915253420	S3-314525425,S2-980904143,S2-372715207,S3-483444550,S3-875959838,S2-629885040,S3-144738140,S3-796449516,S2-29872103,S3-749327118,S2-194190816,S2-35536568
S1-575956824	S3-595281205,S3-290814839,S3-23038360,S2-296195329,S3-853956014,S3-202470928,S3-234111408,S3-651907386,S3-660554740,S2-148210185,S3-176037454,S3-885106130
S1-81497059	S2-695277373,S2-991377086,S3-405033559,S2-39332664,S3-76600095,S3-332356915,S2-455989621,S3-617030148,S3-86758609,S2-367665281,S2-77562426,S3-475605020
S1-268327252	S3-860020749,S3-658363132,S2-338003862,S3-301982479,S3-45418794,S2-629405497,S3-67379707,S2-837847374,S3-936607666,S2-967884261,S2-935989335,S2-262272047
S1-573816059	S3-873198257,S3-476352763,S3-248253624,S3-798420130,S3-630381327,S2-901299499,S3-428562811,S3-174897697,S3-457208347,S3-51595668,S3-456414127,S3-690081941
S1-243941136	S2-597523671,S3-297534354,S2-378602808,S2-124408873,S3-391006983,S3-359490680,S2-666434456,S2-633167591,S2-387961116,S2-206376828,S2-223987002,S3-688791982
S1-844697209	S2-761204473,S3-503217096,S2-13713294,S3-728596327,S3-948954340,S2-114497875,S2-858776592,S2-209949959,S3-166539101,S3-99133847,S3-939338265,S3-165633785
S1-321551949	S2-278965322,S2-724790715,S3-264245599,S3-986436170,S2-295284941,S2-345041892,S2-840696160,S2-161205450,S3-813752500,S3-795164084,S2-621605529,S3-104856696
S1-183243459	S2-937808328,S3-67868154,S2-33574622,S2-512746348,S2-127550636,S2-634750327,S2-155331302,S3-817768082,S2-664390736,S3-652512246,S2-103955497,S2-373917192
S1-820808705	S2-831610120,S2-38050719,S3-173864716,S2-599331595,S2-687209241,S3-148560844,S3-769547087,S2-379958417,S2-196182227,S2-541416353,S2-941449105,S2-976532443
S1-621626314	S2-684132617,S3-201567557,S2-89776215,S2-316248660,S3-21339966,S2-243835268,S2-545008387,S3-711066894,S2-777996992,S3-683237812,S2-814029485,S3-257352368
S1-386938687	S3-274145506,S2-96078551,S3-226809724,S2-882830493,S2-115051762,S3-795325043,S3-875035311,S3-600659119,S3-155347805,S2-256445167,S3-638387834,S3-632291374
S1-562896615	S2-357691161,S3-809089731,S3-976151679,S3-237822330,S3-708395185,S3-542674484,S3-626388653,S3-904653638,S3-299620815,S3-989655623,S3-757281473,S3-923841126
S1-660309957	S2-161663365,S3-609942367,S2-619306520,S3-423919271,S2-649485156,S3-306793049,S2-144513359,S2-232247702,S3-23337835,S2-578408083,S3-976321186,S2-580577275
S1-628954350	S3-96487388,S3-343116377,S3-479569840,S3-790942308,S3-364866021,S3-83176494,S3-923001682,S2-457508561,S2-395057947,S3-531248084,S3-717853002,S2-910490316
S1-907554680	S3-190087117,S3-635180204,S3-10337711,S3-860431279,S3-138252579,S3-335780594,S3-976773556,S3-905090103,S3-260632504,S3-712791817,S3-154908650,S2-770416377
S1-572701622	S3-954768186,S2-299316512,S2-280057605,S3-423194972,S2-722718935,S3-622161234,S2-710882877,S3-615256,S2-550258436,S3-376487742,S3-118480748,S3-58261788
S1-718425399	S3-543651093,S3-315320706,S3-444890660,S2-94445937,S2-262311509,S3-488970065,S3-40909766,S2-224783907,S2-298435547,S2-528167422,S3-238110054,S3-4592551
S1-947031003	S3-45822038,S2-784976506,S3-427017643,S3-299196591,S2-377515530,S3-44150057,S3-437992726,S3-462283732,S3-140646832,S3-826761743,S3-283299379,S3-44648676
S1-448528038	S2-397500520,S2-310413386,S3-510835252,S3-190632592,S2-986514299,S3-789035578,S3-139807309,S2-942376959,S3-569444627,S2-289718138,S2-938311432,S3-762676609
S1-852369769	S2-490769611,S3-748482051,S2-568590165,S2-132432361,S3-845106780,S2-778590203,S3-770103193,S2-121152964,S3-3547579,S3-960863471,S2-203401348,S3-215040163
S1-832864884	S3-294543770,S2-133392936,S2-924276721,S2-356867529,S2-852445039,S2-298023988,S3-745566315,S2-97588083,S3-330156541,S2-535396869,S3-481442848,S3-669918766
S1-80434643	S3-44729614,S2-464537998,S3-738497961,S3-477823582,S3-521716023,S2-317605350,S2-396072278,S2-989036937,S2-981920170,S3-33804946,S3-732002612,S2-749349965
S1-80097856	S2-294305060,S2-433177518,S3-762843339,S3-798420130,S3-981103228,S2-23834436,S3-589030035,S3-642648572,S3-546575817,S3-283295935,S3-878530052,S3-439126754
S1-672847947	S3-759350005,S2-779881016,S2-818696088,S2-65826139,S2-381499403,S3-506489432,S3-776026726,S3-684329933,S2-989695015,S3-551525312,S3-991915148,S3-616311753
S1-630680290	S3-762732526,S2-988628080,S2-487358292,S3-678117727,S3-742308033,S2-218877308,S3-622555809,S3-556410157,S2-604225837,S2-230860492,S3-438070244,S2-284196578
S1-767148697	S2-960275019,S3-14224302,S3-229669792,S2-724550146,S2-695198244,S2-606743458,S2-593087473,S3-648599061,S3-669102239,S2-136035472,S2-971758186,S3-310539149
S1-207100282	S2-166405655,S2-103256684,S2-485885664,S3-868021923,S3-456456992,S2-519667490,S2-114536689,S3-881663302,S3-560364209,S2-847491780,S3-125338518,S2-371323604
S1-843631400	S3-336381022,S2-323523276,S2-40865058,S3-276091982,S3-425285575,S2-244065775,S2-48944101,S2-399887576,S2-95211119,S2-44805607,S3-662044476,S3-714227514
S1-45462210	S2-110971249,S2-210859797,S2-3559692,S2-980204098,S3-576915535,S3-932475415,S2-440390085,S3-875403024,S2-712610182,S2-280505999,S3-488996300,S3-317157787
S1-72961522	S3-994418297,S2-887963417,S3-854618703,S3-179513574,S3-160593498,S3-232617169,S3-555136105,S2-368905756,S3-401934168,S2-583089822,S2-624127553,S2-381986140
S1-299383539	S2-978819285,S2-555800574,S2-71377638,S2-240693372,S2-164350474,S3-203771783,S2-148474839,S2-40563954,S2-454286037,S3-652134461,S2-534162482,S2-854552357
S1-815408747	S2-505007099,S3-518729904,S3-175270672,S3-593848256,S2-880917550,S3-925649722,S2-483329207,S3-115950986,S2-824691891,S2-940686418,S2-113746277,S3-399254904
S1-42863930	S3-39924843,S3-189697413,S2-58084543,S3-976346249,S2-811861404,S3-898834515,S3-295107019,S2-634690990,S3-438307774,S3-856569327,S3-14482358,S3-594179578
S1-256571029	S3-421790500,S3-669706178,S3-788035603,S3-363665958,S2-455528913,S3-620591203,S3-792186623,S3-703785765,S3-212275543,S3-322417674,S2-452361125,S3-329196593
S1-844689282	S2-536703765,S2-522176663,S3-534046048,S2-952755021,S2-246040789,S3-547494924,S2-11134199,S3-240903605,S3-386720333,S3-556553174,S2-727917329,S3-121035909
S1-752708594	S2-202650813,S2-517440052,S3-759714694,S2-671407166,S3-210010770,S2-226946569,S2-927597891,S2-734477676,S2-581409395,S3-857171085,S2-376382763,S3-868714225
S1-147771848	S3-841573495,S3-27508911,S3-480155673,S3-360016210,S3-431316627,S2-809712156,S2-686271008,S3-69089194,S3-943703294,S3-569111412,S3-136399105,S3-855219024
S1-979424596	S3-290186554,S3-479843774,S3-714266142,S3-844110579,S3-544531945,S3-766888325,S3-651638186,S2-622893128,S2-491764726,S2-744366590,S2-77026436,S3-280114219
S1-760877380	S3-928636214,S2-162999115,S3-62201811,S3-309142571,S3-267139518,S3-254064139,S2-906125433,S3-914080523,S2-615349533,S3-106034548,S3-186707964,S3-819437231
S1-948327428	S2-636806554,S3-580764629,S2-249132851,S3-603445039,S2-726133871,S3-96363160,S3-141464762,S2-385154501,S3-50095446,S2-865708110,S3-569959583,S3-776831000
S1-444849747	S2-7969253,S2-502895284,S2-807653117,S3-164456301,S3-506949742,S2-870624625,S3-51213294,S3-702745857,S3-613863456,S3-242203976,S2-899873501,S3-630543468
S1-740330429	S2-52207580,S3-448398993,S2-839933473,S3-415311502,S2-717981957,S3-19696076,S3-459461225,S3-558396285,S3-445455274,S3-554133002,S2-950220480,S3-513673749
S1-684896331	S3-835959725,S2-92557268,S3-647759869,S3-269911286,S2-716779253,S2-3237761,S3-420002692,S3-617485680,S3-175621571,S2-554383247,S2-589678649,S3-611149417
S1-122672786	S3-573095739,S2-926094193,S2-126635359,S2-778782674,S2-662408836,S2-178344000,S3-408338048,S3-703382298,S3-539836448,S2-193704720,S3-986395570,S3-980696982
S1-205324136	S3-192176936,S2-907323757,S2-59325873,S2-296276573,S2-261719325,S3-963162801,S2-329693284,S2-935140412,S3-816925526,S3-14749135,S3-730066799,S2-610966214
S1-337172904	S3-998288464,S3-962281837,S3-456575828,S3-168675928,S2-709973151,S3-287572179,S2-770373012,S2-148488801,S2-99263609,S2-164686786,S2-427400088,S3-753065220
S1-505443595	S3-729284578,S3-731395477,S2-730989626,S3-147105745,S2-220632770,S3-193546461,S2-66525054,S3-380517767,S3-241830624,S3-480399203,S3-798675996,S3-124365356
S1-293336602	S3-263919819,S3-398057532,S2-975558116,S2-752550687,S2-117144941,S2-38765070,S2-422469811,S2-682550699,S3-381951254,S3-908128803,S2-715325466,S2-492607535
S1-636233813	S3-222543568,S2-945450619,S2-308550055,S3-623424595,S2-62319125,S3-832829604,S2-407693235,S3-410137058,S3-578815239,S3-914119353,S2-303672003,S2-831627287
S1-367963662	S2-352060562,S2-48894209,S3-208713073,S3-336946382,S3-546613681,S2-223639585,S3-60661861,S3-864065894,S2-599319371,S3-829198419,S3-560482254,S3-407500443
S1-650718621	S2-110401854,S3-214413701,S2-219949646,S3-509673423,S2-674040223,S3-995404846,S3-341408548,S3-223113487,S3-973555124,S2-474169345,S3-686872867,S3-902440088
S1-304829517	S3-134555278,S2-497078847,S2-702142845,S2-55324728,S3-803462125,S3-225035391,S3-898885893,S3-853680015,S2-869840499,S3-467673882,S3-488854963,S2-386722905
S1-43391818	S3-503208971,S2-528067963,S2-576544922,S3-990775577,S2-224669570,S3-760930336,S2-233776983,S2-3377136,S3-335941609,S3-389486020,S2-40224569,S3-705476335
S1-116008194	S3-828190171,S2-207839521,S3-515453031,S3-678039871,S3-138700713,S2-746184401,S2-334277567,S2-142407811,S3-638689165,S3-629352395,S3-281034708,S3-171726647
S1-157818775	S3-812469920,S2-434306918,S2-481697043,S2-57619444,S2-383789128,S3-115167996,S3-218039464,S3-306636579,S3-94043244,S3-763119348,S2-924037612,S3-846013457
S1-298304405	S3-802469067,S3-942792538,S2-798777315,S3-316782301,S2-722857021,S3-139869732,S3-144159468,S3-879011360,S2-660986163,S2-189420369,S2-212697587,S2-558093470
S1-368781945	S2-728747974,S2-443084125,S3-229442503,S3-863124452,S3-747370401,S2-197606081,S3-818992182,S2-731703322,S3-136217647,S3-184143588,S2-744709018,S3-118444253
S1-68038975	S2-669198747,S3-865258442,S2-212603243,S3-482968410,S2-799995596,S2-833113110,S2-938488656,S2-715831397,S3-900766300,S3-279123244,S3-724506991,S2-742311681
S1-797838166	S2-165764444,S3-154480463,S3-733303492,S2-506296206,S2-167712929,S2-122972642,S2-18902948,S2-641001552,S2-21413435,S2-251098352,S2-704327320,S2-18830974
S1-326036722	S3-918064032,S2-895997631,S2-998841916,S3-2527723,S3-866393425,S2-388398041,S3-699335586,S2-512729137,S2-410105392,S3-972729965,S2-655278452,S3-331426055
S1-778184632	S3-104803082,S3-896647083,S3-518775888,S2-76258083,S2-27638609,S2-641531800,S2-271147050,S2-143077911,S2-380708134,S2-705877879,S3-195735075,S3-717998734
S1-790532572	S2-946664743,S2-468480359,S3-117995589,S3-954014668,S3-490762921,S3-722123078,S3-857506900,S2-45467788,S3-19034326,S2-809102907,S3-137823688,S3-350019049
S1-786668092	S3-695010188,S2-153486134,S2-951417770,S2-443109090,S3-299942822,S3-685916044,S3-253675212,S2-580397652,S3-863629560,S2-750335864,S3-529798317,S2-487088105
S1-46875231	S2-454333047,S2-599329120,S3-589952801,S2-170513040,S2-539965774,S2-114959328,S2-939826109,S2-725851724,S3-524606106,S3-107188674,S3-329415004,S2-399843577
S1-522918601	S3-424945723,S2-564644812,S2-413690693,S2-177179712,S2-79238024,S2-720877366,S3-350559616,S3-28011519,S2-651278985,S3-93819541,S3-555343167,S3-966299978
S1-403684044	S3-823489664,S3-697028275,S2-921007449,S2-871470733,S2-546995983,S2-410545431,S3-529537733,S2-426930537,S3-773058861,S2-320344047,S3-2953486,S2-979074352
S1-314969791	S2-868936884,S3-434597398,S2-830372681,S3-76455275,S2-851465323,S2-567342408,S2-556236829,S2-334672035,S2-766748859,S3-407919503,S3-811715917,S2-600609496
S1-455606706	S2-6529923,S2-413303155,S3-546338986,S2-471817075,S3-960293864,S3-814540380,S3-24425352,S2-436609732,S3-604868584,S2-282910366,S2-620803311,S2-863143325
S1-353446842	S2-155379428,S2-881669139,S3-838177446,S3-838407241,S2-184210491,S2-981701344,S2-320378469,S3-624943965,S2-799043416,S3-359850757,S2-547023404,S3-395332821
S1-871133878	S3-346394143,S3-376273871,S2-886351048,S2-316727359,S2-554982552,S3-143702505,S2-565678442,S2-697767738,S3-293671911,S3-358621733,S2-463283804,S3-994366465
S1-146511786	S2-734866555,S3-11453637,S3-42465134,S3-409652301,S3-83993354,S3-156773622,S2-201072653,S2-404656931,S2-82508904,S3-242626877,S2-15169964,S2-755043747
S1-834917075	S3-285506798,S3-631788649,S3-185420631,S3-229283052,S3-310942868,S3-688351548,S3-48620165,S2-892931460,S3-43929476,S3-319640912,S3-965719047,S3-42541311
S1-849922888	S3-42887938,S2-128366336,S3-811179978,S3-888411515,S2-524304771,S2-581307532,S3-637970794,S2-649975210,S2-576296092,S3-610098019,S2-940961672,S3-785985986
S1-671456596	S3-343521898,S2-722146809,S2-378842473,S2-382637419,S3-954337183,S3-853955674,S3-355318388,S3-717899442,S3-219752339,S3-862319739,S3-247033507,S3-132304368
S1-711402399	S3-120709243,S2-100961258,S2-476152440,S2-880027917,S2-437242912,S2-648595052,S3-971860527,S3-668300450,S3-228043456,S3-462523254,S3-13412485,S3-504446930
S1-596929849	S2-283056361,S3-255695706,S3-891011393,S2-137344023,S2-308180837,S2-417649089,S3-881265753,S3-196909139,S3-220025130,S2-527274934,S3-609213939,S3-447144606
S1-713556676	S3-186356226,S3-47441436,S3-307229732,S2-285949105,S2-937655446,S3-710479246,S2-381415978,S2-249239978,S3-563416021,S2-422745717,S3-917610721,S2-695535675
S1-378493732	S3-242812008,S2-243547856,S2-494366666,S3-34925246,S2-957492615,S3-24123956,S3-319992441,S2-527931820,S3-925841199,S2-510429625,S2-486716993,S3-165722382
S1-838375925	S3-845600080,S3-369652752,S2-66601234,S2-418045428,S3-721487802,S2-965917672,S3-891308687,S2-273562857,S3-53979786,S3-392216192,S2-518989008,S2-169679307
S1-750534997	S2-37112144,S3-515247982,S3-5378427,S2-768487764,S3-165037709,S3-114110455,S2-795030560,S2-756726827,S3-447126534,S3-746567199,S2-955145188,S2-288944844
S1-673547645	S2-690697986,S3-719544480,S3-87999177,S3-54305411,S2-753911971,S3-500079351,S2-782106875,S3-921579163,S2-522227886,S2-247313488,S3-719290692,S3-231657430
S1-950523436	S3-497178690,S2-113241110,S3-204024853,S3-344063206,S2-43941247,S2-511604679,S3-930522625,S2-336154659,S3-616799802,S3-59376006,S3-860483942,S3-311947441
S1-368406761	S2-9945394,S3-579407274,S3-610161424,S2-379062044,S2-683466601,S2-655508538,S2-558860063,S2-590127722,S3-989553205,S3-750086275,S2-683302118,S2-128592719
S1-288737300	S3-864635344,S2-667730416,S2-157047615,S2-602212633,S2-465044607,S3-335810972,S2-708366030,S2-21407539,S3-395663790,S3-87101941,S2-374472856,S3-767073881
S1-661510943	S2-195864941,S2-386126980,S2-967187857,S2-471187561,S3-583667215,S3-348811546,S3-49589109,S3-583173716,S3-584215097,S3-316207408,S3-195945772,S3-913420044
S1-627466719	S3-599812286,S2-41944733,S3-411270614,S2-922455579,S3-922607049,S2-404392055,S3-497122933,S3-107784082,S3-10406885,S3-416922977,S3-799821140,S3-667124487
S1-38370948	S3-11233027,S2-448479134,S3-687314696,S2-817553346,S2-795714108,S2-16833622,S2-11383553,S3-291113150,S2-492358000,S3-610088255,S3-826623977,S3-835903862
S1-72803112	S2-281367610,S2-263479074,S3-849751132,S2-269371032,S3-334287304,S2-76840854,S3-193861982,S3-408974771,S3-760158263,S2-611170945,S3-631698991,S3-89431963
S1-822578442	S2-541654450,S2-768452336,S2-308119769,S2-514546017,S2-646826293,S3-179277963,S3-632290756,S3-953119126,S3-280665862,S2-361148890,S3-163285428,S3-644276620
S1-843356707	S3-889801629,S2-207962958,S2-412135726,S3-41459327,S2-367078639,S2-301992418,S2-250430891,S2-621017561,S3-876127810,S2-898263826,S2-859259202,S3-843494867
S1-806513366	S3-155866570,S2-877696852,S3-289160519,S2-134924804,S2-219475861,S2-803341740,S2-109161176,S3-21795188,S3-415402569,S3-714122144,S3-487483755,S2-573661866
S1-28223978	S2-130717710,S3-382180483,S3-761015685,S3-456656624,S3-787175450,S2-237167192,S2-381762719,S2-464202735,S3-337319987,S2-632683071,S3-167388198,S3-256314180
S1-507236383	S3-161055185,S3-945583958,S2-401135252,S2-533972199,S3-467529610,S2-728554947,S2-76372458,S3-779845357,S3-343472259,S3-795938646,S3-262884940,S3-943687623
S1-402350910	S2-25917883,S3-419817786,S2-524737240,S2-726013091,S3-487004001,S2-217060130,S2-931319165,S3-112116132,S3-463998814,S3-749283249,S3-797787937,S3-28397650
S1-619561260	S3-217659063,S3-138398878,S2-363899865,S3-875563511,S3-657249826,S2-147803369,S2-514690381,S2-782837328,S3-624328338,S3-650876911,S2-705208022,S2-621350812
S1-746904512	S3-548896578,S2-120177471,S2-510138110,S3-456042428,S2-836936027,S2-868425681,S3-928780228,S3-747913411,S3-430291172,S3-183493749,S3-9753927,S3-222428981
S1-697001389	S3-277348645,S2-465696781,S3-911339835,S3-980033774,S3-371466177,S3-481784616,S3-662317139,S2-292955098,S2-926295565,S2-447070376,S2-783930895,S2-719046589
S1-182991716	S2-826843327,S3-957181127,S3-862743836,S3-354380922,S3-481222242,S3-149000590,S3-548040141,S3-285205344,S2-656260050,S3-770020615,S3-364854539,S3-646082203
S1-724814824	S2-644686778,S2-681089458,S3-414831995,S3-114837104,S2-46995416,S3-440529090,S2-179080020,S2-362890211,S3-2377372,S3-50463135,S3-527861485,S3-493543393
S1-495177795	S2-340058245,S3-855586438,S3-50472216,S2-92036014,S2-142552322,S3-519058806,S3-473312774,S3-853851802,S3-437424962,S3-974716616,S2-991274159,S2-157477360
S1-690333710	S2-191284279,S3-774418476,S2-296515561,S2-394625223,S3-751014251,S3-633356697,S3-260505855,S3-529685526,S2-658982511,S3-867294280,S2-558648445,S2-639817988
S1-46180691	S2-446393257,S3-175500573,S2-199350964,S2-607743845,S2-863174406,S2-154959541,S3-101357275,S3-85092812,S3-264124938,S3-482640349,S3-940240730,S3-839580614
S1-218412355	S2-509695044,S2-386672858,S3-358007758,S2-939762699,S3-634089131,S2-297921286,S2-353899339,S3-263632429,S3-783617048,S3-955521983,S2-375908697,S3-293185328
S1-6122656	S3-159831392,S3-984919444,S2-5936328,S3-4786940,S3-412498770,S3-479316430,S2-161491565,S2-344472758,S2-281171408,S3-863227857,S3-595363739,S3-675159676
S1-985270816	S2-584439188,S2-140261915,S3-377476900,S3-406072493,S3-198472765,S2-770563530,S3-569400368,S3-400454219,S2-17227695,S3-948390258,S2-578025662,S3-16377993
S1-570837900	S3-485874395,S2-278336754,S2-226827975,S2-63674511,S2-249793129,S3-880469517,S2-822431564,S2-984230759,S2-2119188,S2-231463159,S3-428347986,S3-342879081
S1-926715955	S2-623468712,S2-344706735,S3-666357441,S3-734495674,S2-640617291,S2-475639707,S3-795032948,S2-215311973,S2-3516169,S2-351090675,S3-163024055,S2-62467571
S1-468679034	S3-214806607,S2-968113798,S2-225362315,S2-547092320,S2-514545777,S3-57524967,S3-10620900,S3-463176509,S3-764183527,S3-967810484,S3-939744003,S2-911383624
S1-375449969	S3-11956941,S2-941319128,S2-487358591,S3-951585513,S2-61349216,S3-677908715,S3-506443726,S3-995776098,S2-943650889,S3-677624364,S3-360891216,S3-591762907
S1-966478025	S3-99944617,S2-406081995,S2-442969573,S3-113929569,S2-333359572,S3-412918643,S3-21878859,S3-418827032,S2-348920128,S2-554199890,S2-990024865,S2-250083491
S1-362666094	S2-514262906,S3-995577801,S3-175652979,S3-420231174,S2-312120684,S2-837157181,S3-183866540,S2-14677876,S3-454823500,S3-606957658,S3-218584289,S3-545425019
S1-109568226	S2-993797895,S3-529064130,S3-733642234,S2-961046338,S2-607521655,S3-121212224,S2-97370333,S3-987723220,S3-904653638,S2-770313086,S3-976151679,S3-270067118
S1-521084238	S3-33482441,S2-173621517,S2-686541467,S2-370263167,S2-924957028,S3-488854963,S2-685317211,S3-701434221,S2-341430446,S3-726453254,S2-581134771,S3-812167408
S1-811720404	S2-391778385,S3-629472785,S2-670864247,S2-677904535,S2-117575210,S2-441434316,S3-620782319,S3-553167694,S3-156708348,S2-253517957,S3-929451701,S3-727541126
S1-463047539	S3-104597244,S3-666452801,S3-461890877,S3-131760651,S2-421095557,S3-29030354,S2-750343897,S3-95989361,S3-217613398,S2-345319168,S2-781682509,S3-442563097
S1-764566513	S3-492646976,S2-356363897,S3-689384974,S3-730781860,S3-773380163,S2-174336468,S2-634040138,S3-168627868,S2-175909033,S2-312539177,S3-303061079,S2-521345936
S1-302526742	S3-368424506,S2-778393758,S2-454232974,S2-191170748,S3-381778352,S2-905252202,S3-738198094,S3-664441391,S3-237181092,S3-646835340,S2-112407872,S2-227645002
S1-179766595	S3-193141493,S2-313153182,S2-532119883,S2-230355689,S3-49267262,S2-821755197,S2-799515128,S2-691070864,S2-592317706,S2-67990472,S3-303027097,S3-458461738
S1-354978764	S3-519302516,S3-54195057,S3-785041541,S3-576780733,S2-494838481,S2-522227199,S2-334373589,S3-407773443,S2-826821380,S2-438630983,S3-994808521,S3-214809429
S1-503557758	S3-393196133,S3-918792993,S2-524756685,S2-400001660,S3-329782238,S2-12529103,S3-64974183,S3-42842484,S3-809810336,S2-647770624,S3-489990009,S3-854474626
S1-819382749	S3-248565566,S3-461273850,S2-435671247,S3-464167113,S2-180240678,S2-502920840,S2-812117977,S2-861505888,S2-53659223,S3-153347953,S3-509790196,S2-22737378
S1-825688315	S2-481988763,S3-675901996,S3-947026663,S3-781542709,S2-69919869,S2-357100396,S2-527384427,S3-275873463,S2-331293707,S2-988669090,S2-315938879,S2-973496009
S1-467898222	S2-586832852,S3-493856780,S3-94991327,S2-329811473,S2-777797068,S3-9126587,S2-593527857,S2-249512029,S2-304661771,S3-228766236,S3-130065206,S3-756335154
S1-253476995	S2-781557582,S3-908810000,S2-16082537,S2-175934028,S3-144243451,S3-901151637,S3-264937838,S3-428535978,S2-446588317,S3-298121928,S3-346512258,S3-140597700
S1-636742281	S3-696365946,S3-847076854,S3-10984820,S3-761172044,S2-57336602,S3-733028824,S3-123517152,S3-177377862,S3-9161484,S2-847808650,S3-642745518,S2-935042038
S1-121995391	S2-132252009,S3-964555676,S3-553716627,S3-850551804,S3-439383575,S2-228719251,S2-349955181,S2-157112782,S3-989350733,S3-303728667,S2-522683032,S3-555798980
S1-937864177	S2-390826003,S3-264437472,S2-727991072,S3-897020170,S3-734619085,S2-542586651,S2-360679723,S3-853354805,S2-29003473,S2-148673260,S2-2517224,S3-632635633
S1-328683438	S2-977910114,S3-674128656,S2-161814071,S2-961442750,S3-357692889,S2-521924919,S3-903613033,S2-412780397,S2-364984748,S3-547707148,S2-40698410,S3-241108795
S1-620828745	S2-650221580,S2-167030545,S2-377195906,S2-726115549,S2-511214147,S2-438430544,S3-302766780,S3-684195290,S3-747858860,S3-337341547,S3-476591487,S3-672110259
S1-472777549	S3-788373309,S3-349355121,S2-845785346,S2-908546283,S3-66449906,S2-288436816,S3-886837614,S2-786181769,S2-216753114,S3-716045121,S2-193589625,S2-705560485
S1-711312150	S2-895279656,S3-182157016,S2-751586388,S2-489646360,S2-205582716,S2-181400486,S2-443925182,S2-600288779,S3-743080253,S3-153424993,S3-58134407,S3-2052088
S1-382021800	S2-57140058,S2-777334308,S3-507135291,S3-348819289,S3-628257680,S2-29633571,S3-990550929,S2-760323378,S3-969777831,S2-343621881,S2-647166821,S2-396929398
S1-542866596	S3-213753114,S3-3106212,S2-526809889,S2-893618633,S3-438519521,S3-225538998,S3-926866834,S2-417865592,S3-537651734,S3-185525014,S3-51259675,S3-313760860
S1-231948043	S3-509114494,S3-913025009,S2-998355687,S3-269788941,S2-615853317,S2-425092367,S3-651907386,S2-704450774,S2-192822457,S3-176037454,S2-475495094,S2-265867257
S1-769638072	S3-204371903,S3-213047010,S2-606943159,S2-838200325,S2-925073989,S3-551038712,S3-692028117,S3-801563938,S3-254453149,S3-316105581,S3-557694491,S3-52901204
S1-546553491	S3-346364321,S2-631662926,S2-83460396,S2-799230955,S2-718288841,S3-434138243,S2-89991763,S3-853595694,S3-259363957,S3-37591639,S3-722901034,S3-423832270
S1-222149161	S2-143837548,S2-80650542,S2-48177276,S3-450563312,S2-656640421,S3-347006338,S3-247513275,S2-90433641,S3-791072574,S3-350530336,S2-742998920,S3-43369129
S1-139292762	S3-190259649,S3-845194489,S2-148446800,S3-691607875,S3-577390977,S2-991548074,S2-715944632,S2-339697905,S3-868667933,S2-201754693,S2-802215479,S3-526859333
S1-71202675	S3-736807744,S3-23723093,S2-259925614,S2-767429382,S3-180895400,S2-499363911,S2-284213230,S3-309758280,S2-377812024,S3-260860847,S3-673538080,S2-172232168
S1-938740267	S3-941592113,S2-628054430,S3-315542170,S2-417959966,S3-313596009,S3-983689388,S2-461591479,S3-647180686,S3-613573490,S3-770315905,S3-955844772,S2-339989418
S1-348337847	S3-174181433,S2-33355814,S3-444999879,S2-160066328,S3-561013288,S2-171539566,S2-62287675,S2-695444231,S2-501440730,S2-918758288,S2-187350308,S2-750505577
S1-398965843	S2-484065360,S2-529855218,S3-195204471,S2-693027426,S2-615799330,S3-406377662,S2-337125076,S2-588713269,S2-276852530,S3-50015101,S2-492698910,S3-811816880
S1-733890471	S3-254009643,S3-264937619,S2-51341173,S2-804418661,S3-628857887,S3-432226107,S3-559026911,S3-677608948,S2-965586604,S2-157536027,S2-619102714,S3-540008373
S1-433700183	S3-811895287,S2-387132626,S2-306511392,S3-241333375,S2-680756240,S2-16104444,S2-251996972,S3-42692552,S2-739651063,S3-712471946,S3-398535106,S3-559022865
S1-622350498	S3-998502286,S2-970322517,S3-505241127,S3-861657878,S2-891598861,S3-493653375,S2-894725045,S3-140466565,S2-857568591,S3-802743422,S2-651843798,S3-224771370
S1-810104453	S2-965953289,S2-187878708,S3-353923102,S3-774154430,S2-957844375,S2-317483817,S3-98779750,S2-895789920,S2-526136092,S3-242600077,S3-178801965,S3-838204180
S1-967346082	S3-166281242,S3-649345746,S2-420446077,S3-855584199,S3-119825180,S3-308909431,S2-572465834,S3-665273255,S3-682735924,S3-642178849,S3-576784908,S3-927059531
S1-451349018	S2-507873765,S2-995019586,S3-831575180,S2-732157012,S3-253293599,S3-973349356,S2-589307517,S3-952859902,S3-586172631,S2-363747256,S3-562990314,S2-281643414
S1-102591376	S3-606612886,S2-345549038,S2-102325864,S3-787659463,S3-19039059,S2-615885026,S3-218915397,S3-336693984,S3-77583278,S3-358496924,S3-950593557,S3-825635643
S1-778558783	S3-727016487,S2-580184032,S3-33250236,S3-897950860,S2-748451788,S2-536509237,S3-191375651,S3-187415977,S3-557874224,S3-150766581,S2-109574675,S3-71893516
S1-263013338	S3-968662611,S3-200395902,S2-720552771,S3-657731468,S2-686034086,S2-280322852,S2-601777532,S2-948760461,S3-474920334,S3-906606435,S3-407873390,S3-32772485
S1-67196186	S3-550696721,S2-619196161,S2-668921751,S3-640990720,S3-997911800,S2-604475707,S3-75363829,S2-183278065,S2-632119046,S3-809800044,S2-906137019,S3-452715233
S1-987075442	S2-892303652,S3-76982709,S3-8073263,S3-604064843,S3-678277808,S2-576032878,S2-96894257,S3-912121801,S2-377201038,S3-395863252,S2-561538064,S3-576176900
S1-429683251	S3-853331556,S3-390785988,S2-30351897,S2-698845279,S2-413870009,S2-246440930,S3-832739953,S3-694220678,S2-446115426,S3-263601902,S2-206965850,S2-863250733
S1-10247221	S2-105396919,S3-768403353,S3-86491719,S2-220235898,S3-495815934,S3-498504195,S2-488695271,S2-897407824,S3-309895017,S2-605911698,S2-380002776,S2-645194693
S1-195793069	S3-800954910,S2-72224852,S3-118377166,S2-672439348,S2-634675134,S3-394925379,S3-484259036,S3-913389333,S2-357848379,S2-391522304,S3-291770586,S2-919020050
S1-408251699	S2-66038196,S3-539774336,S2-472801530,S3-179629366,S3-770315905,S2-518678227,S3-669675554,S3-242090033,S3-855686923,S3-625829364,S3-523192489,S3-963186990
S1-165330444	S3-517189677,S2-415452056,S2-97425789,S2-891140569,S3-640254854,S3-550094845,S2-512822403,S3-12643505,S2-385073528,S3-425542609,S3-281052192,S2-971454880
S1-267556750	S3-746170287,S2-759068144,S2-436087257,S2-843349137,S2-960988984,S2-654340311,S3-614362959,S3-3765578,S3-542075669,S2-298323,S3-850569447,S2-118230078
S1-3476395	S2-936114799,S2-589331781,S3-911352887,S2-636877097,S3-706417089,S2-159974946,S3-266745869,S3-34269128,S3-730586550,S3-36336946,S3-437758864,S3-934722198
S1-23258646	S2-556633544,S2-906812225,S3-37154918,S3-767073881,S3-210828864,S3-723773274,S3-435934883,S2-160886209,S2-281214724,S2-788648815,S2-38864014,S3-98244980
S1-599405869	S3-37992269,S2-835556522,S3-240643524,S2-773146864,S3-548711648,S3-463502514,S3-148535564,S2-928098953,S2-254198137,S2-87757485,S3-649432249,S3-184701356
S1-767710455	S3-702590719,S3-882152434,S2-500409476,S2-719202996,S2-931095725,S3-958087056,S3-992251055,S3-989437191,S3-600475558,S3-75818632,S3-854838154,S3-765954843
S1-287686350	S2-987054662,S2-166291212,S3-813336729,S3-369611972,S3-66357945,S3-882758994,S3-315476968,S3-884665426,S2-621362104,S3-140037240,S2-249483025,S2-850346015
S1-311252365	S3-179085969,S2-924426291,S3-741449440,S3-94489142,S3-48402914,S3-659076637,S3-356196806,S2-590881629,S3-593200189,S2-7368459,S3-365746313,S3-56901528
S1-339798496	S2-925564330,S2-192240518,S3-568319851,S2-360974678,S2-261675260,S2-502535733,S2-195123713,S3-788549915,S3-556537145,S3-736026526,S3-687211625,S3-796803226
S1-166362678	S3-304916218,S2-431975675,S2-388216488,S2-478514401,S3-535423594,S2-133658455,S2-329720182,S3-248448889,S3-61672235,S3-505949625,S3-592065107,S3-638132580
S1-998469640	S2-772801025,S3-424673417,S2-399165321,S2-486001002,S3-56365821,S2-600987338,S3-41089397,S3-798253672,S2-755982224,S3-405897439,S2-612920686,S2-374225654
S1-852453805	S2-893756768,S3-640830352,S3-635278643,S2-476466526,S3-597250720,S2-193704720,S3-318032940,S3-839440144,S3-103502341,S3-133035621,S3-955225806,S2-554927455
S1-217007810	S2-71876131,S3-276194092,S2-95974831,S3-133966558,S3-568624529,S2-289196503,S3-267810491,S2-457457253,S3-604667724,S3-766112893,S2-818909798,S3-98381291
S1-488978026	S3-329753461,S2-696241165,S3-27143085,S3-971679943,S3-7172471,S2-655462204,S3-572863374,S3-450744619,S2-102057099,S2-226806822,S2-838104158,S3-937227121
S1-84953186	S3-679638391,S3-150054012,S3-22519618,S3-833133755,S3-346381015,S2-694259229,S3-827749354,S3-829534568,S2-846859794,S2-284991157,S2-543285114,S2-650500281
S1-182946327	S3-610949071,S3-302443325,S2-424617137,S3-140035300,S3-325362762,S3-705592439,S3-313429140,S2-598904256,S3-965783347,S3-849299871,S3-817360378,S3-597445661
S1-715046990	S3-130013424,S2-127887491,S2-201455509,S2-681524996,S2-415187431,S3-791424516,S2-220955763,S3-636614965,S3-556875544,S3-770804398,S2-634080863,S2-387932581
S1-965242780	S2-983332873,S2-381705311,S2-371256771,S3-419382611,S2-191568380,S3-487975406,S2-989254885,S3-728441021,S3-169500330,S2-42320661,S2-755581330,S3-124330657
S1-41876707	S2-881205110,S2-248785526,S3-6620397,S2-928611501,S3-70505447,S3-807961799,S2-469677454,S2-962598722,S2-336822980,S3-136589322,S2-355713019,S3-472170470
S1-990186195	S3-60143466,S2-28635937,S2-463143977,S3-137339288,S3-910858224,S2-460405575,S3-747078583,S3-535540636,S2-108613305,S2-410388167,S3-430448606,S3-208121745
S1-199094190	S3-930916680,S2-801707898,S3-506373343,S3-713158043,S3-837765838,S3-99654317,S2-31461297,S2-96902116,S3-75284129,S3-888445971,S2-330131795,S3-195083332
S1-445796644	S3-655294380,S2-437869428,S2-739720382,S2-567491910,S3-782244676,S3-474910159,S2-24489480,S3-339912805,S2-870912770,S2-836264848,S3-491014632,S2-427298194
S1-611650099	S2-835092187,S3-943031857,S3-127763623,S3-635745339,S2-645855648,S3-63061407,S3-109191598,S3-63595770,S2-151360730,S3-645091018,S3-965279772,S2-619294868
S1-428076601	S3-370996808,S2-138775441,S2-824910156,S2-721308650,S3-70405654,S2-944012048,S3-679695905,S3-264726000,S3-226794081,S2-245403320,S3-166064742,S3-512346917
S1-928916565	S2-256877087,S3-658494867,S2-781580050,S2-441699988,S2-17629979,S3-223663802,S2-460128834,S2-421524358,S3-884297328,S3-385330467,S2-295220848,S3-115902609
S1-85685223	S2-361390619,S2-380552146,S2-208066672,S2-107310623,S3-27720293,S3-524425997,S2-984663439,S3-842832389,S2-560492934,S3-452599769,S3-633578233,S2-823522482
S1-150194208	S2-442746856,S2-817321308,S3-415015191,S3-846567685,S2-387071028,S3-298119076,S2-89371049,S3-62084984,S2-992508772,S3-621620849,S3-675352408,S2-38626307
S1-756808036	S3-147883976,S2-381577284,S3-896883031,S3-483718058,S3-947088059,S2-798175579,S2-821286701,S3-520841257,S2-816903988,S3-198172242,S3-636918284,S3-191436005
S1-710438769	S2-809363182,S2-211585007,S3-784470946,S3-43984514,S2-9413360,S3-207085307,S2-700314912,S2-473129886,S2-889834275,S3-705546767,S3-594212033,S3-371265371
S1-602105361	S3-678269517,S2-123258128,S3-25270484,S3-349455973,S3-922467851,S2-337327828,S3-176171806,S3-693269059,S2-350421317,S3-464956195,S3-428420178,S3-72344002
S1-93992936	S2-443803122,S3-969462333,S3-969021322,S3-30008965,S3-270280902,S2-655747723,S2-760992701,S3-749380913,S3-393134004,S3-66629028,S3-152024040,S3-469112226
S1-927965078	S2-849065160,S3-783901687,S3-985475483,S2-699022504,S3-451023185,S3-867595856,S2-451831297,S3-42394741,S3-10406885,S2-238533857,S3-416922977,S2-283640591
S1-461131804	S3-100689332,S2-75630121,S3-470209258,S3-104286086,S3-410084207,S3-531749122,S3-4454228,S3-247254380,S3-791858011,S2-670864247,S3-354948461,S2-295495491
S1-167227541	S3-60912985,S2-429784237,S3-893918729,S3-607885557,S2-729589637,S2-344793421,S3-582682580,S3-69305996,S3-908116681,S3-746129980,S3-841772194,S3-597048745
S1-201153713	S3-836481975,S3-995900143,S3-661929703,S2-668279350,S2-385732325,S3-306814815,S2-637985135,S2-317030886,S3-376021264,S3-855160501,S3-480014311,S3-555671613
S1-378069246	S3-339037723,S2-918248027,S3-830477590,S2-388562193,S3-462005928,S2-615240503,S2-619998484,S2-788400329,S3-27880346,S2-703236654,S2-247495197,S2-356732855
S1-149540943	S3-84309879,S3-669388357,S2-728907172,S3-104142624,S3-27373161,S3-593023791,S2-414572148,S2-300751469,S3-957236094,S3-875312494,S3-39277092,S3-239117068
S1-972889360	S3-183379856,S3-662725084,S2-348085194,S2-872931522,S2-201610228,S3-613814289,S3-819933647,S2-365367722,S3-496237309,S2-164786402,S3-912445693,S3-183555949
S1-749422914	S3-205585871,S2-946146735,S2-595157531,S3-869062683,S2-730240758,S3-64817323,S2-212694394,S2-827100684,S3-742520005,S2-738133785,S3-946683065,S3-803315871
S1-335937229	S3-259984122,S3-562895256,S2-413523309,S2-663381226,S2-407097215,S2-170479827,S2-331647507,S3-642806789,S2-265258852,S2-761140554,S3-749588377,S2-516981753
S1-360667069	S2-572644279,S3-619664681,S2-448431785,S3-294174551,S3-59747719,S3-20691697,S3-717173026,S3-909764845,S3-208911768,S2-299290407,S2-189874638,S3-296620450
S1-228427526	S3-689276857,S2-123997276,S2-306531271,S2-292378896,S2-893680957,S2-552457932,S3-250791399,S2-978543910,S3-942438718,S3-198680281,S3-318083994,S2-282511515
S1-861387696	S2-309167440,S3-823905094,S3-688816710,S2-788609649,S2-582133592,S2-608251931,S3-287940082,S3-997237698,S3-215034008,S3-138559576,S3-260576158,S3-866251753
S1-102658512	S2-363170529,S2-317741729,S3-765874918,S3-616311753,S3-507916451,S2-989695015,S3-766623356,S2-101915335,S2-65826139,S3-759350005,S2-779881016,S3-183647406
S1-834869871	S3-3701308,S3-308325065,S2-152925847,S2-873296415,S3-821539055,S2-706281823,S3-1394331,S2-841272233,S3-175820250,S2-798591540,S2-465020981,S3-423452196
S1-237119427	S2-252911651,S3-608095137,S3-714628492,S2-39978238,S3-534574910,S2-451396949,S2-334991928,S2-275075281,S2-749758117,S3-276657754,S2-701099988,S2-354187993
S1-349711453	S3-65572191,S3-468739496,S2-572011349,S3-414341749,S2-184618261,S3-621428453,S2-546008297,S2-418540354,S2-899467716,S2-734260039,S2-318403795,S2-397673276
S1-338897603	S3-528884143,S2-659515197,S3-151207378,S3-714239093,S3-253693045,S2-953291571,S3-222668114,S3-129395542,S3-127019107,S2-568320345,S3-176470743,S3-210427291
S1-166466976	S3-427415911,S2-537112837,S2-170747374,S3-385962482,S2-276310320,S3-228779848,S3-756707701,S2-646971343,S3-823519473,S2-706006997,S2-413796223,S2-260505055
S1-830563247	S2-67994519,S3-398591560,S2-580498043,S2-558763595,S3-451819026,S2-268864388,S3-732306100,S3-645935434,S3-686575683,S3-763395595,S2-506500466,S3-803136549
S1-577166333	S3-388447550,S2-245893217,S3-396310113,S3-627364924,S2-656949586,S2-486792323,S2-127038978,S2-7505513,S3-761850431,S3-656536316,S2-966296036,S2-981271863
S1-407231731	S2-60106674,S2-315126933,S2-749357047,S2-224748157,S3-215001079,S3-39244716,S2-389443981,S2-459955729,S2-534380196,S2-954596021,S3-622312933,S2-591117448
S1-238218370	S2-629541851,S2-754318771,S2-899149058,S3-826503590,S2-931213953,S2-400062126,S3-195294919,S3-921741169,S3-871935955,S3-320787537,S2-824205950,S2-297027111
S1-928775361	S2-650679776,S2-208425404,S3-496570857,S3-660191284,S2-618601567,S3-742131343,S2-859624726,S3-327034267,S2-530559456,S3-288532675,S2-122519051,S3-320469147
S1-849221592	S3-411416652,S2-84014151,S3-435870044,S3-538369761,S2-694408735,S3-14340153,S2-293208226,S2-484918110,S2-812966701,S2-608935161,S2-882504197,S3-624867836
S1-665265760	S3-798092775,S2-287375618,S3-874461814,S3-205318346,S2-40771467,S2-116335034,S2-325011957,S3-330376072,S3-305132698,S3-649184157,S3-818830207,S2-923921856
S1-927225187	S2-836694764,S2-583585414,S2-66928307,S3-616437099,S3-782738487,S2-326790733,S3-871893205,S3-825518800,S3-661256809,S3-363127279,S3-490458565,S3-618369404
S1-463934647	S2-732610050,S2-300947425,S2-494597738,S3-445227718,S2-416876303,S3-338234731,S3-109017596,S3-897170773,S3-694798634,S3-817681677,S3-340934063,S3-894528981
S1-889298729	S2-86299998,S3-809331536,S2-15799015,S3-93646178,S3-818256819,S3-183538485,S2-425635274,S3-960048687,S2-191042358,S2-335185188,S3-459088225,S3-29000807
S1-213643201	S3-445069219,S3-417109852,S3-695389987,S3-155486819,S3-256040900,S3-744026214,S2-97713565,S2-197131269,S2-906014700,S3-605703477,S2-554905394,S2-924753358
S1-144465782	S2-323009907,S2-279070809,S3-552943228,S2-329137381,S2-556295304,S2-340022843,S3-582387571,S3-488207872,S3-174126325,S2-807078493,S3-134793277,S3-165290145
S1-38997759	S2-885184486,S3-320900473,S2-968220111,S3-289724992,S3-740246391,S3-419532405,S3-358061338,S2-259577180,S3-135136359,S3-312628712,S3-309213028,S3-407581958
S1-14704316	S3-576569296,S2-340008312,S2-273896680,S2-405051758,S2-257385503,S3-545105297,S3-486664775,S2-520349805,S2-577141742,S2-271159724,S2-681851328,S3-776309889
S1-50584855	S2-248174994,S2-992249466,S3-776677394,S3-788710318,S3-800646645,S2-313200409,S2-219530671,S2-316957134,S2-839052752,S2-906913769,S3-158402339,S3-928203845
S1-601671248	S3-496540613,S2-86527376,S2-516375486,S3-549544298,S2-425844473,S2-636449003,S3-458380018,S3-902787506,S3-404119201,S3-735516358,S3-645116711,S3-627458566
S1-905699466	S2-481842186,S3-128520348,S3-148714718,S3-827004835,S2-363526913,S3-133405287,S3-321590353,S3-532768675,S3-151275043,S3-447416556,S3-321525087,S3-156704767
S1-825196174	S2-549628565,S2-772162713,S2-253376881,S3-807664179,S3-343145130,S3-764290751,S2-556955161,S3-911921678,S3-392643745,S2-44109044,S3-720443332,S2-859501072
S1-983465852	S2-830919254,S2-667935815,S2-27303318,S3-489996211,S2-905865808,S3-262350850,S2-825955179,S3-820011815,S3-15216560,S2-544125386,S3-918579113,S3-166783538
S1-978514969	S3-692610282,S3-152571144,S3-944292157,S3-391941528,S2-349082865,S2-178996714,S3-661590787,S2-622195447,S2-5460784,S2-816129607,S3-613716246,S3-471935170
S1-20540281	S2-362090823,S3-604700761,S2-153182059,S3-205565594,S3-844219116,S3-995613065,S3-852335930,S2-138732297,S3-607886307,S3-710269750,S3-645437890,S2-348420285
S1-144435363	S3-767016057,S2-860689400,S2-989832050,S2-463646495,S2-634965333,S2-617053754,S2-765907422,S3-326382103,S3-538889927,S3-768460564,S2-703810561,S3-227194271
S1-50736415	S2-989060549,S3-128260763,S3-601182734,S3-828345492,S3-24166631,S3-375854807,S2-220240827,S2-999802625,S2-698004356,S2-292830511,S2-942400688,S2-677799451
S1-291500107	S3-845885868,S2-642159839,S3-817590582,S3-851556151,S2-994245282,S3-642583036,S2-77197584,S2-374830251,S2-809370490,S2-875061856,S2-54136385,S3-499994509
S1-457680693	S2-741657173,S2-238643035,S2-873450796,S3-40933242,S3-613715123,S3-331580325,S2-517885335,S3-482103322,S2-237807845,S2-663847357,S2-553722377,S3-612057942
S1-293231790	S3-934449827,S3-12860955,S2-718640009,S2-166689133,S3-291380593,S3-220461953,S3-48987402,S2-713941760,S3-140899150,S2-696468160,S3-311158068,S3-933935534
S1-356033035	S2-461468577,S3-417376715,S2-303691044,S3-197080331,S2-270976392,S3-485485636,S3-210788880,S3-771400871,S3-684674112,S3-962010437,S3-967562460,S2-488054851
S1-916540073	S3-914739540,S2-412574388,S3-481600338,S3-240591062,S3-706391292,S2-37794807,S2-73237981,S2-317138601,S3-60120687,S2-193637490,S2-281480783,S2-820853836
S1-770155268	S2-359066343,S3-887018886,S3-114365773,S2-784331137,S3-79450716,S3-57970064,S2-96199330,S3-617471093,S3-283654935,S3-390051113,S3-678103231,S3-392045920
S1-220314003	S2-968110047,S2-438644014,S3-697325466,S2-900440831,S3-144491758,S2-24566067,S2-383133474,S2-900418650,S2-16228226,S2-613104139,S2-631441849,S2-997537979
S1-291013438	S3-925603060,S2-647443980,S2-762428500,S3-72007245,S3-998867924,S3-41539172,S2-785217031,S3-552605632,S2-292560657,S2-472958096,S3-530162115,S2-687893233
S1-189714104	S2-775675608,S3-723611776,S2-915548844,S2-372650762,S2-551379783,S2-226056682,S3-71415872,S2-109556914,S2-491485144,S3-888320666,S2-915456928,S3-346216723
S1-672245343	S3-432554847,S2-738039642,S2-746978205,S2-828656935,S3-836920712,S3-347972930,S2-319969221,S3-87316997,S2-591303693,S3-725022490,S3-736508348,S3-647758211
S1-121954868	S3-839405406,S2-487897492,S3-864901343,S3-53253586,S3-329101297,S2-335705969,S2-547476897,S2-611240135,S3-908657467,S3-484389112,S3-777821347,S3-418397859
S1-281360726	S2-651716205,S3-460564667,S2-100918380,S2-42488398,S2-188698727,S2-350818498,S2-273327476,S2-263621441,S2-71588835,S2-344508114,S3-4155094,S3-365234669
S1-778270859	S3-11305916,S2-355706602,S2-580029511,S3-104830965,S3-285647910,S3-658204484,S3-442732375,S3-318996139,S2-170715530,S2-237350461,S3-305347221,S3-625605191
S1-615079539	S3-897631684,S3-558088492,S3-326305716,S2-75101367,S2-325682689,S3-576060769,S3-200820039,S3-173169604,S3-301007971,S3-634922698,S2-45085328,S2-913047717
S1-892898911	S3-816972635,S2-514791574,S3-811545907,S3-405687821,S2-408002799,S2-404521623,S3-861901088,S3-634494499,S2-34848338,S3-532490350,S3-355303357,S3-775696011
S1-414564780	S3-456673674,S2-431622958,S2-462372179,S3-506658728,S2-266352439,S2-777935320,S3-872850803,S3-551298706,S2-441075734,S3-853045950,S2-494571368,S3-734150199
S1-342747046	S2-842232732,S3-308910444,S3-803659477,S2-792392095,S2-925370232,S3-240243816,S3-920909324,S2-927488206,S2-138968844,S3-311723869,S2-468187152,S3-640564732
S1-830572019	S2-505761869,S3-462183307,S2-511049696,S2-16338785,S2-969377953,S3-862540449,S3-694166128,S3-876780890,S3-14985122,S2-481204500,S2-918913089,S3-116739130
S1-444873089	S3-757076766,S2-457908209,S3-487641206,S3-481510534,S2-575822084,S2-465647827,S2-963811736,S3-893974141,S2-942007860,S3-945087656,S2-645901076,S2-926306000
S1-743571973	S3-260841253,S2-828392624,S3-24120995,S2-391843503,S2-545117280,S2-668940978,S2-471434053,S3-101098203,S3-547739941,S3-332266772,S2-546406340,S3-110374530
S1-35950749	S3-59053491,S3-250260408,S2-994535017,S3-185470526,S3-644853857,S3-33433876,S3-604062801,S3-639161665,S2-285581374,S2-632363744,S3-715833062,S3-482909347
S1-729595047	S3-885690418,S2-307263892,S2-611495081,S2-36794065,S2-863933094,S3-969582106,S2-718623638,S2-71243484,S3-54553388,S2-152183888,S3-360817252,S3-353926090
S1-892522678	S2-778611812,S3-90750206,S3-431358172,S3-608592938,S2-446258097,S3-387571591,S3-676821940,S2-35282543,S2-604807178,S3-26130311,S2-164902416,S2-848045009
S1-315450938	S2-488800379,S3-516756297,S3-808813305,S3-515169370,S2-668271119,S2-950435248,S2-799340200,S3-364129087,S2-539587735,S3-722037936,S3-854708212,S2-807684574
S1-401969347	S3-514811458,S2-817060886,S3-513641264,S3-667026478,S2-903720378,S2-36106848,S3-96596269,S3-274464817,S3-481188402,S2-554044834,S3-598688674,S2-751824587
S1-964454626	S2-802019702,S3-451547390,S2-580035647,S3-864323090,S3-723478812,S2-861186326,S3-937211409,S2-300584949,S3-659760727,S3-247793183,S2-844121903,S3-338866829
S1-65284204	S3-574632068,S2-363676145,S3-481017764,S2-685187481,S3-345704454,S2-969301764,S2-3397340,S3-336252535,S3-538287121,S2-165070148,S3-433057453,S2-539076262
S1-87975200	S3-256177903,S2-417201936,S3-633905715,S3-981597528,S3-375276505,S3-450440933,S2-112552974,S3-322194904,S2-587459420,S2-41578227,S2-953313634,S3-465194400
S1-675867588	S3-337933932,S2-795872120,S3-781387640,S3-754403649,S3-987591748,S3-93631942,S2-678799554,S2-419834252,S3-150729261,S2-630726155,S2-331886334,S3-670779081
S1-618993124	S2-810806013,S2-223430598,S3-303537039,S3-319643798,S3-592958803,S3-898891688,S2-421095557,S3-16872289,S3-126387227,S3-637943257,S3-978262156,S3-278462205
S1-161423539	S3-269963160,S3-987554434,S3-431631190,S3-780182827,S3-608403899,S3-375643157,S2-543425674,S2-268145542,S2-599167806,S3-146613444,S2-907435569,S3-16945852
S1-984522319	S3-292436552,S2-817357885,S2-704092829,S3-754728863,S2-178557528,S3-940193004,S3-304516259,S3-478396899,S3-847163837,S2-46459562,S2-774593721,S3-868295224
S1-351148898	S2-265681233,S2-483185064,S3-665136749,S3-165896325,S2-420693401,S2-361708091,S3-844065104,S3-809276740,S3-716133612,S3-237038827,S3-427608784,S3-507387633
S1-340421092	S2-855841658,S3-423387486,S2-450515540,S3-301799552,S2-765527191,S2-67323327,S2-793918884,S3-742473044,S2-819700722,S3-988489186,S2-143844521,S3-748323575
S1-648845759	S3-166905186,S2-612703246,S2-137534379,S2-986054887,S2-183103588,S2-543752325,S2-818517008,S3-643016158,S3-578388591,S2-219579840,S2-774514588,S2-580572459
S1-873323666	S2-627786925,S3-560903697,S3-224235900,S2-799347484,S2-663972131,S3-162078063,S3-607692605,S3-789682657,S3-294919682,S2-28023223,S2-56073731,S3-759941548
S1-161020835	S3-643705581,S3-915575172,S2-938000021,S3-265187030,S3-944441361,S2-451241024,S2-507239662,S3-641049925,S2-498870142,S3-743879028,S2-610726507,S3-124728356
S1-728204731	S2-241375907,S2-361911780,S3-762875991,S2-604740971,S3-57309582,S3-506093345,S3-280797198,S2-772144247,S2-388592815,S3-712862782,S3-549400472,S3-333644881
S1-772903182	S3-502635865,S3-560076913,S3-115209059,S3-634766908,S2-133015287,S2-431472269,S3-7806980,S2-919000485,S3-227159203,S2-728254761,S3-131333143,S2-224531378
S1-615586271	S3-575840555,S3-503581605,S2-668866960,S2-817439826,S2-599139292,S2-833293045,S2-971098642,S3-829669533,S3-731929034,S3-787236803,S3-418446108,S2-398708190
S1-324469367	S2-791427628,S2-678406002,S3-843208066,S3-877419118,S2-845398965,S2-30778826,S3-190671561,S3-181002244,S3-840483347,S2-424888668,S3-534595188,S3-91962570
S1-126296226	S2-391754005,S3-629572935,S2-619270262,S2-966180894,S2-609728000,S2-403274862,S3-652473503,S2-613640573,S3-539729867,S3-194067987,S3-949502509,S2-277566292
S1-657988206	S3-453412892,S3-385985258,S2-323583280,S2-830817041,S2-561733021,S3-345943155,S2-568330954,S3-849298886,S3-730788031,S2-403161275,S2-701065421,S3-742812539
S1-602631834	S2-31261597,S2-466847916,S3-365444370,S3-433903210,S3-491775100,S2-466254633,S3-253107824,S3-215486400,S3-526218205,S3-320705457,S2-721676791,S3-891439269
S1-557090751	S2-472005123,S3-16116478,S3-714586359,S2-795023349,S3-869862930,S2-964161466,S3-919683801,S2-307975063,S3-414128857,S2-370382963,S2-506919409,S3-210160514
S1-996843508	S3-293306870,S2-63904839,S2-739227916,S2-334691282,S2-984336071,S3-995974573,S3-312333920,S3-330425334,S2-419067481,S3-163160096,S3-980519433,S3-637403884
S1-909256958	S2-796747936,S3-243584910,S2-334935414,S3-944402470,S2-406303513,S2-982201747,S2-473074453,S2-784769615,S3-620091300,S3-103863810,S3-445280704,S2-259924352
S1-44782096	S2-876470092,S2-799174019,S2-995892840,S2-446942839,S2-907156012,S3-945011555,S3-268872926,S2-591843851,S2-44715562,S2-740711038,S2-427128623,S2-421562546
S1-75705614	S3-766545783,S3-93861522,S3-621889925,S2-270678746,S2-253574541,S2-786848331,S2-885017610,S3-882477168,S3-629478085,S2-597952636,S2-885805606,S3-475323205
S1-610071935	S3-472305327,S3-539573910,S3-485687025,S2-382503237,S3-834430840,S3-375633647,S3-24687198,S3-727936818,S2-482228330,S3-33999977,S3-745223166,S3-968843362
S1-573173914	S3-843479480,S2-960055302,S2-164750533,S2-613556006,S3-649009994,S2-783533328,S2-236035596,S3-572078028,S2-536891413,S3-486417363,S2-495467128,S3-533389697
S1-706988482	S3-591937007,S2-447918531,S2-902800711,S3-254797126,S2-25019361,S3-218508982,S3-104081877,S3-337197489,S3-993943372,S2-112537640,S2-169243763,S3-197331621
S1-116986033	S2-39586224,S2-97233596,S2-995401989,S2-803648799,S3-172037158,S2-683677702,S2-631320560,S2-341465543,S2-437608607,S3-667314591,S2-652679206,S3-603799229
S1-355607553	S2-853904314,S3-240934561,S2-463542600,S3-495192081,S3-786111395,S2-898228887,S2-634297344,S3-264863933,S2-890765391,S3-481698730,S2-187119028,S2-374340532
S1-467159752	S3-117165299,S3-114954040,S3-686285309,S2-717940613,S3-572491653,S3-128875751,S3-772586773,S2-215441169,S3-339415885,S3-694852587,S2-73638710,S3-321084733
S1-102210761	S3-450820732,S2-178440983,S2-697862931,S3-844057651,S3-65414875,S3-760626835,S3-118834877,S3-327082977,S3-110635558,S3-467729956,S2-239090770,S2-374472856
S1-221745918	S3-602274559,S3-238073348,S2-605670866,S3-509650700,S2-955784425,S2-521827397,S2-60515732,S2-133122861,S3-470875046,S3-874665759,S2-326321313,S2-642094351
S1-480700951	S2-940398744,S3-570119025,S3-878079470,S3-709508919,S2-425956567,S3-183316918,S3-195844224,S3-167954879,S2-605178110,S2-827791554,S2-586967114,S3-842348145
S1-665988679	S2-301034592,S3-848472315,S3-527469974,S3-112360084,S3-205958333,S2-831963908,S3-193600663,S3-643773609,S2-193535799,S2-701350326,S3-619459859,S3-725800313
S1-697880618	S2-42814534,S2-472764383,S2-179421930,S2-274638724,S3-519609427,S3-880941169,S2-234634045,S3-545822621,S3-198640614,S3-776291883,S3-332065001,S3-183378882
S1-956400995	S2-182878754,S2-454056181,S2-986925639,S3-624937892,S3-143998277,S3-451690622,S2-879357172,S3-377844332,S2-559329169,S2-652725639,S2-859837595,S2-745489704
S1-442917217	S3-888151465,S3-895289532,S2-365472795,S3-246574619,S2-584774823,S2-492661654,S3-484519220,S3-60198304,S2-757538392,S2-512239330,S3-874011485,S3-15896954
S1-572343325	S2-97151188,S3-439338161,S3-650097649,S3-870101432,S3-269803733,S2-121946927,S2-989658708,S2-616170719,S2-554743057,S3-31003861,S3-407919934,S2-321036960
S1-255726285	S2-123113010,S2-482935897,S3-131048203,S3-978921951,S3-350138743,S2-133156822,S3-174438244,S2-210026418,S2-39011787,S2-943959126,S2-236593392,S3-154441348
S1-525275455	S3-517148236,S2-449986963,S3-883840781,S2-29149945,S2-553280050,S3-960557095,S3-338794531,S3-171502133,S2-21397775,S2-562277746,S2-47991256,S2-693956077
S1-997359558	S2-636581784,S3-177979790,S3-127983826,S2-978686626,S2-989932214,S3-274645891,S3-738124007,S3-745433428,S2-36130571,S3-635008097,S2-339098349,S3-500915394
S1-727461245	S3-844049544,S2-492391725,S3-835225705,S3-813119068,S3-246715941,S3-852225346,S2-593276121,S2-76545753,S3-135833977,S2-682132580,S2-225195760,S3-326467871
S1-356564967	S3-951966211,S3-217571683,S2-620916970,S3-480709499,S3-592842608,S3-908469950,S2-481902854,S2-44275486,S2-715282277,S3-118739031,S2-37666033,S3-773082862
S1-669203496	S3-38061563,S2-417521576,S3-735905963,S2-674318865,S2-349247574,S3-61792210,S3-52045839,S3-756279353,S2-333561811,S3-549260870,S2-199830161,S2-263608126
S1-724107607	S3-176739379,S3-451851561,S2-802861416,S2-601714991,S3-192571113,S3-479762746,S3-120318188,S3-67766432,S2-732126978,S2-900921444,S3-801874745,S3-812142780
S1-350185739	S3-78689457,S2-14341064,S2-970636318,S3-883206373,S2-646487276,S3-704875825,S2-337045852,S3-481649057,S2-742910482,S3-481534948,S3-786346712,S3-768634850
S1-36990634	S3-40432034,S3-84977415,S2-465583113,S2-296324625,S3-563131472,S3-330226529,S3-949214755,S3-239466939,S2-491377748,S3-725466572,S2-52356933,S3-107391564
S1-943789757	S3-2355636,S2-943492647,S2-481065100,S3-318573687,S2-589496981,S2-642969167,S2-323262915,S3-435423153,S2-476546475,S2-159086920,S2-227395460,S3-945878817
S1-919608117	S3-845727583,S3-587057783,S3-194651016,S2-68940651,S2-951213626,S2-838675013,S3-171302713,S3-961609722,S3-108640774,S3-602269352,S3-313756403,S3-720142427
S1-466098074	S2-374040328,S2-983103926,S3-126676171,S2-510204235,S3-147607070,S3-869623376,S2-305026456,S2-111304291,S2-620993350,S2-170109777,S2-611206496,S2-153911855
S1-651978573	S3-185385281,S2-741430257,S3-932240464,S3-890990463,S2-737796447,S2-778148842,S3-429931837,S2-43157461,S2-643958816,S3-469297824,S2-436629654,S3-750384925
S1-744730791	S3-694647646,S3-125847200,S3-114191596,S2-359382565,S2-395899247,S2-369607025,S3-312613246,S2-945014720,S3-713269323,S2-275477717,S3-487190386,S3-607916984
S1-112444395	S3-988758733,S2-606281055,S3-999465965,S2-774236957,S2-279556818,S3-461298964,S2-702630892,S2-395424629,S3-457743513,S2-627646014,S2-997378068,S3-970725622
S1-876696344	S2-716304001,S3-335032580,S3-40335764,S2-829535629,S3-28129207,S3-759295397,S2-789255359,S2-672937544,S2-69848763,S2-455377326,S2-667059041,S2-635901253
S1-647492977	S3-314828618,S2-168859482,S2-986357695,S2-689219902,S2-163779205,S2-385530894,S3-434435201,S2-669556034,S2-254596523,S3-21838448,S2-640550307,S2-891490751
S1-134376821	S3-816440669,S2-172883221,S2-564467524,S2-206709795,S2-344457242,S3-534270361,S3-399898078,S3-940713514,S3-109199195,S3-599540373,S3-2913956,S3-374730690
S1-319887616	S2-981581597,S2-795282078,S3-100375528,S3-144622576,S3-905788998,S3-864764907,S3-782442049,S3-870394876,S3-648146136,S2-978592074,S3-69124371,S2-769124073
S1-780215909	S3-830105128,S3-319016756,S2-759714841,S3-146559586,S3-94375907,S3-136482374,S2-169177497,S2-148053720,S2-994811728,S2-798945165,S2-359601263,S2-865112117
S1-885562590	S3-268090654,S3-648811436,S2-39015198,S2-675254970,S3-212161791,S2-832955003,S3-620928020,S3-693738295,S3-91653672,S3-749334968,S3-18461356,S3-473833574
S1-71748065	S3-73680888,S2-334670183,S3-598533474,S2-769769095,S3-561804346,S2-63984521,S2-809425106,S3-579577164,S3-546721644,S3-560735671,S2-955680692,S3-250093719
S1-97445184	S3-325361517,S3-441146922,S2-423292860,S3-903717005,S2-231353170,S3-250625844,S3-600224292,S3-775629298,S2-861020173,S3-482884452,S3-314705854,S3-416245751
S1-278125193	S3-784998738,S3-110592573,S3-369099167,S3-27987846,S3-775691997,S2-946753393,S3-452396743,S2-20095155,S3-952340088,S2-901069848,S3-875113020,S3-996443235
S1-177990498	S3-393662546,S3-625731661,S2-742718152,S3-568679364,S2-613121153,S3-967218064,S2-660914575,S3-24280721,S3-592022174,S3-546596289,S3-692500087,S3-251227217
S1-77038658	S2-586518255,S2-262322693,S2-375479329,S2-15891943,S2-105808683,S2-946921715,S3-190500733,S2-468564411,S3-53787219,S3-195346328,S3-578288758,S3-207044256
S1-384313938	S3-47999765,S2-726702511,S2-831764640,S2-720309278,S2-253218237,S3-367557623,S3-402048993,S3-945217767,S3-865070038,S3-947665548,S2-294308884,S2-791907944
S1-721506377	S2-507752398,S3-727380971,S2-735967352,S3-569735650,S3-778545748,S3-205755002,S3-978076893,S2-619850064,S2-8367186,S2-912079716,S2-984474037,S3-884184057
S1-34626583	S2-782263881,S3-756412698,S2-228130134,S2-63674165,S2-754583522,S2-368678234,S3-675232033,S3-556960082,S3-50159128,S2-548703883,S3-637106046,S2-765778170
S1-779138365	S3-835680271,S3-92493138,S2-748164135,S2-14797958,S3-584943369,S2-652478613,S3-700018939,S3-620823537,S3-648010715,S2-227883052,S3-237763570,S2-663607166
S1-801761012	S3-665619305,S2-541399709,S2-931286459,S2-636743065,S2-873714589,S3-917672752,S2-275012126,S3-638332137,S2-495902354,S3-526589738,S3-649535951,S3-441341675
S1-969442202	S2-840631878,S3-973673701,S3-888017808,S3-913478780,S2-797188760,S3-66220381,S2-150254098,S3-590321707,S2-811339261,S3-924127829,S3-951720363,S2-408777843
S1-897390499	S3-660554740,S3-512853695,S3-234111408,S3-202470928,S3-176037454,S3-803334530,S3-647932055,S3-945520874,S2-265867257,S2-475495094,S2-314472530,S3-664156176
S1-543508449	S3-114976352,S2-535728093,S3-104330476,S3-798811782,S2-594368123,S3-276553647,S3-807670462,S2-475265159,S3-752831110,S2-79515942,S3-437602461,S3-290843394
S1-383049751	S2-766827754,S3-798566525,S3-587737363,S2-219951076,S3-234889610,S3-350438691,S3-852389417,S3-683042122,S3-603012967,S3-272166682,S3-873883560,S3-547105820
S1-780195821	S3-915535089,S2-851528621,S2-14730472,S3-160445316,S3-297983683,S3-900428001,S3-373663135,S2-67387740,S2-620419409,S3-53532041,S3-521289343,S3-242722403
S1-866332833	S3-886612823,S2-590017587,S3-956344315,S3-9635538,S3-175935304,S2-129319670,S3-156089206,S2-165829856,S3-177724637,S3-24950672,S2-969238578,S3-211082923
S1-862409169	S2-918343092,S3-633056078,S3-356944233,S3-338044397,S3-242859983,S3-112542520,S2-451645268,S2-828093447,S3-45882232,S3-23141903,S2-587148653,S2-288188597
S1-12503272	S3-635278966,S3-530204399,S2-767036718,S2-894575779,S3-807060253,S3-380821864,S3-417082501,S3-861166558,S3-610007733,S2-290474958,S3-55456190,S3-86243539
S1-150323284	S2-470357193,S2-889968668,S2-628123544,S3-639835203,S3-562093597,S2-177795793,S3-963370575,S3-225538998,S3-473171329,S3-82501842,S2-554317037,S3-590132711
S1-534334122	S3-216209582,S2-895663659,S2-171492174,S3-666619501,S3-471544089,S3-734760474,S2-659707960,S3-366867884,S2-497431324,S2-404736622,S2-235033825,S3-755504093
S1-980795897	S3-178747893,S3-214388282,S3-206205767,S3-849792604,S3-619582770,S2-127953660,S3-366174917,S3-997101619,S2-436098565,S3-159384815,S2-839578898,S3-591057900
S1-25523454	S2-70156451,S3-512167310,S3-167825705,S3-660144114,S2-253636046,S3-906959469,S3-923168350,S3-827965542,S2-825401790,S3-650767643,S3-365314134,S2-898460609
S1-118011049	S2-710097999,S3-813255182,S3-615489231,S2-241387076,S3-76838235,S3-103936628,S3-953734579,S2-136382015,S3-35227436,S3-305488185,S3-459189533,S2-319312486
S1-115638035	S2-712113752,S2-20557385,S3-756632323,S3-372354393,S3-123717524,S3-225226177,S2-521094307,S3-424539784,S2-528321604,S2-918246876,S2-456510672,S2-693539451
S1-52818132	S2-856699930,S2-77481693,S3-909304066,S3-147126314,S3-818859826,S2-863995546,S2-792777892,S2-645695781,S3-429481490,S3-19993977,S2-672615750,S3-655351021
S1-30487580	S3-586458317,S2-50486265,S3-50327305,S3-463718872,S3-923227535,S3-120207633,S3-960371834,S2-259433762,S2-961208560,S2-238611562,S2-593389594,S2-891244112
S1-314610222	S3-623178174,S3-600697519,S2-9448425,S2-608582251,S2-686049903,S2-854987394,S2-529720647,S3-813169879,S3-233939615,S3-308600852,S3-486336112,S3-747056025
S1-730390737	S3-287362771,S2-864177043,S2-720520413,S3-736909945,S2-162339229,S2-37097545,S2-446617542,S2-708253745,S2-85669867,S2-368263811,S2-465117564,S3-881020528
S1-251101901	S2-831315558,S3-480576228,S2-429294098,S3-866596086,S3-103713714,S3-893676514,S3-294252837,S3-228914712,S2-894286874,S2-920683993,S2-53913192,S2-103631132
S1-857808287	S2-515860578,S3-547812816,S2-516352121,S2-750931579,S3-18551833,S3-149934372,S3-308947861,S2-713581458,S3-243766003,S3-531578769,S2-402642187,S3-560208231
S1-360614957	S3-104079519,S2-307051771,S3-184405909,S3-987557781,S2-193704720,S2-112504361,S2-92010445,S2-100888463,S2-294562451,S2-929729961,S3-955225806,S2-554927455
S1-227620000	S3-392041939,S3-963883397,S2-962375033,S3-203615470,S2-853858587,S3-825343267,S3-917619040,S2-479383338,S3-247980919,S2-939199046,S3-354370561,S2-35395427
S1-371212450	S3-688122278,S2-305969270,S2-463674518,S2-991824809,S2-36509735,S3-237224871,S3-129315934,S3-712691537,S3-931309507,S2-354020395,S2-904524689,S2-399946196
S1-942160839	S2-277036946,S2-761762959,S3-236282309,S3-856404539,S2-452729809,S3-931437188,S3-579936947,S3-261962767,S3-58987076,S2-522903472,S2-718542951,S3-909683250
S1-827132214	S3-383429226,S2-621407819,S2-240440892,S3-692120539,S3-932306027,S3-926016226,S3-955605367,S3-597250720,S2-126167677,S2-854878476,S3-202773408,S2-634367961
S1-965295153	S2-273760114,S3-369050406,S3-660736711,S2-289958032,S3-321070239,S3-398337785,S3-131711810,S2-270470688,S2-598761902,S2-384147374,S2-800896745,S3-325314830
S1-585151953	S2-768571753,S3-690090468,S3-955129343,S3-941623710,S3-628723825,S2-127294949,S2-623583882,S3-642287065,S2-405329851,S3-590836537,S3-641482343,S3-419136297
S1-159551067	S3-787049014,S2-108325871,S3-144958504,S2-155788408,S2-219154236,S2-761111773,S2-496745361,S2-257660503,S3-787554825,S3-914119353,S2-148130501,S3-119197394
S1-926866464	S2-611434835,S2-485302446,S3-69362122,S3-710725362,S3-939692049,S3-849458252,S3-33307988,S3-25926435,S2-220836796,S2-970513542,S3-339729637,S3-533446056
S1-929540178	S3-340153690,S3-679951757,S3-266862713,S2-489373667,S2-624621473,S3-220461953,S3-956579331,S2-59966478,S2-405746174,S3-903094829,S2-597430197,S2-686929849
S1-549967274	S2-677321681,S3-630926963,S2-433187355,S3-393259527,S3-181132788,S3-351633676,S2-309586137,S2-939740360,S3-521997496,S3-233173674,S2-476531981,S2-442893626
S1-125793725	S3-187479676,S3-573268397,S2-918151272,S2-916765308,S3-927029975,S3-350817231,S3-570850856,S2-539758725,S2-210434588,S3-978356129,S2-91682113,S3-292068891
S1-774044960	S2-647636548,S2-546632449,S3-850916958,S3-190057902,S2-425631171,S3-209738548,S2-297672615,S3-150833493,S3-21288240,S3-56569472,S2-301155166,S3-253736719
S1-256075457	S2-194856470,S3-647431309,S2-152539529,S2-271986248,S3-677060277,S3-867540556,S3-932992520,S3-714371891,S2-150448719,S2-600325643,S3-427071576,S3-212589772
S1-861491014	S2-713808282,S3-860376448,S2-38563760,S2-262292371,S3-835541208,S2-612457560,S3-773018015,S3-398471089,S3-138273844,S3-221760469,S2-139398588,S2-298755672
S1-126833044	S2-354579710,S3-310792279,S3-872869779,S3-41928323,S2-763052890,S3-86716330,S3-462881660,S2-283114096,S2-507133332,S3-161046566,S2-508419693,S3-658003960
S1-358835839	S3-526182468,S2-172292472,S2-815680760,S2-836664827,S3-590939836,S3-988597259,S2-257287161,S3-282774707,S2-457138641,S3-100529687,S3-977612507,S3-158684002
S1-475998257	S2-578143369,S2-464251188,S2-777434583,S3-177361190,S2-285632102,S2-821786285,S3-18578862,S2-607743845,S3-665625700,S3-208614384,S2-221843556,S3-735631476
S1-597037856	S3-687034568,S3-974104106,S2-453879625,S2-740814003,S3-773899626,S2-38016509,S3-66952045,S3-173356183,S3-20146958,S2-838956772,S2-487630425,S2-386675220
S1-51522717	S3-476442702,S3-107395949,S2-848380194,S2-443874195,S2-239201669,S3-492783193,S3-572065194,S3-764914661,S2-439800684,S3-516167095,S2-268836779,S3-462916523
S1-587536734	S3-704010071,S3-89091942,S2-250601162,S2-998751491,S3-443969416,S3-589403189,S3-629443774,S3-202778063,S3-595792037,S3-644397155,S3-242145823,S3-959234198
S1-705122534	S2-173703604,S3-966313488,S3-845510973,S3-858248543,S3-478050301,S3-525360788,S2-129147326,S3-309865834,S3-401913881,S3-749125616,S3-936170333,S3-767180642
S1-353922251	S3-908824660,S3-455316714,S3-282563098,S2-672103909,S2-260243525,S3-23382658,S3-538174822,S3-969120237,S2-359959770,S3-560818246,S3-160213379,S3-464114620
S1-545322720	S3-348145920,S2-580501652,S2-878953796,S3-991549203,S3-347007558,S2-221058414,S2-991110472,S2-264907377,S3-283359244,S2-641665676,S3-563253939,S3-913478157
S1-256658280	S3-109643549,S3-354879160,S2-274720096,S2-330952769,S3-856153385,S3-100872887,S2-755992392,S3-80406531,S3-96318235,S2-161509972,S2-780652646,S2-198545325
S1-583038274	S3-404129402,S3-407442545,S3-76399916,S3-204706252,S3-83854453,S3-717726215,S2-63096433,S3-446831870,S2-59763457,S2-418501190,S3-491809693,S3-41559923
S1-534608834	S3-774461305,S2-363678991,S2-484694019,S3-485840509,S2-841376175,S2-530964843,S3-838132846,S2-714739755,S2-152684961,S3-324480072,S2-885483460,S3-994860124
S1-480923211	S3-987516270,S2-30501959,S3-331615240,S3-689646561,S3-922616320,S2-482962281,S2-15680185,S3-822913978,S3-733704179,S3-515242872,S3-997907480,S2-653149990
S1-648517423	S3-175017468,S2-538323852,S3-269737675,S2-433003772,S3-314683705,S3-878689999,S2-750695321,S2-706474278,S2-534624750,S2-25186064,S3-728645414,S3-136502008
S1-608545916	S3-929891817,S2-297422494,S2-86537276,S3-947888756,S2-6820946,S3-258835286,S2-934860304,S3-492425340,S3-398557537,S3-935253697,S2-910578550,S3-543951610
S1-311971797	S3-901133137,S2-394473452,S3-857647528,S2-875840364,S3-273112768,S3-52486238,S3-142796138,S3-852389417,S3-178635315,S3-91021268,S3-850685435,S3-873883560
S1-800127473	S2-420467577,S3-286218391,S3-901949591,S2-95100926,S3-919760526,S3-712610003,S3-64251137,S3-489990009,S3-311242722,S3-301843122,S3-822533477,S2-512641770
S1-666190916	S2-745044423,S2-134009340,S3-923125110,S2-919406907,S2-606948072,S2-318065362,S3-777414292,S2-746986103,S2-499103543,S2-448877810,S3-887362681,S3-394686463
S1-858235014	S3-346342077,S3-495373376,S2-471471337,S2-791935512,S2-405176793,S2-840920311,S2-227606008,S2-244423901,S3-281232668,S3-510759619,S3-74958201,S2-541084837
S1-957382025	S3-791038707,S3-260576158,S3-674949009,S3-997237698,S3-287940082,S3-215034008,S3-866251753,S3-138559576,S3-77279423,S3-688816710,S3-771916949,S3-725369965
S1-222271550	S2-99504789,S2-489864958,S2-218275406,S3-766789499,S3-545443640,S2-780365606,S2-530642566,S2-872101634,S2-74993571,S3-604251635,S2-627407495,S2-139647325
S1-108052044	S2-428357438,S2-145303756,S2-228915312,S3-290297840,S2-424778483,S2-820003878,S2-765042647,S2-6642940,S2-110036648,S2-476567348,S2-68138625,S3-888517135
S1-966661525	S3-736869465,S2-616150988,S3-268633081,S3-744272591,S3-923954209,S3-410502937,S3-903282808,S3-779670557,S3-594002267,S3-550826006,S3-665689765,S2-380173855
S1-413625482	S2-105055254,S2-889593306,S3-653169885,S3-876358766,S2-498934545,S3-889400379,S3-620591203,S3-669706178,S3-703785765,S3-792186623,S3-212874780,S3-384282725
S1-625538325	S2-719896481,S3-575250466,S2-661227209,S3-433322239,S3-19967257,S3-365044225,S2-802057835,S3-409608479,S3-517484802,S2-184480384,S3-972320272,S3-315737679
S1-44021060	S3-522852202,S3-654552941,S2-828484639,S2-633224325,S2-400372076,S3-644642941,S3-385469303,S3-351354774,S3-299413633,S3-854189126,S2-668155450,S3-835316601
S1-374598287	S3-644161778,S3-338279888,S2-253307360,S2-548682507,S3-520525177,S2-437222626,S2-855632410,S2-980328767,S3-736841661,S2-669874803,S2-968757493,S2-72333709
S1-275020999	S2-285724518,S2-199008963,S2-140786502,S3-566743437,S3-892128166,S3-277164511,S2-245972747,S3-913700339,S3-708023955,S2-599737105,S2-195088525,S2-329097398
S1-854082275	S2-424679875,S2-173127305,S2-546495852,S2-142719352,S3-376867140,S2-804654894,S3-563528710,S3-977008140,S3-913825049,S3-892084653,S2-633457180,S3-203462302
S1-666533226	S2-982634892,S3-438070244,S3-424411616,S3-951805713,S3-302852700,S2-609242050,S3-682024219,S2-181093859,S3-675925515,S2-117924483,S3-925934489,S2-570265493
S1-907245373	S3-677832090,S3-969939323,S2-914700102,S3-666880704,S3-648550321,S2-147257329,S3-906982076,S2-701313660,S3-443974858,S3-858064185,S3-132989880,S2-904280468
S1-840277466	S3-925502673,S2-871699007,S2-944345385,S3-974060819,S3-331831017,S3-751124798,S3-60613193,S3-576488860,S3-163178287,S3-114106872,S3-319222873,S2-978544760
S1-249880640	S3-654497612,S3-907716503,S3-696670695,S2-387371575,S2-124218274,S2-746491241,S3-226113232,S2-922289153,S2-948898497,S3-731831903,S3-75682337,S3-395393863
S1-93165722	S3-644906499,S2-381031902,S2-846738843,S2-430343217,S3-768213405,S3-438307774,S2-883318430,S2-205642727,S3-979342154,S3-27595693,S3-298357922,S3-79526944
S1-304946876	S3-802366319,S3-60872666,S2-819188195,S3-565233604,S2-869656897,S3-19481861,S3-79344794,S3-281117161,S3-532575986,S3-899694716,S3-712823400,S3-499435524
S1-742387092	S2-932898596,S3-731196239,S3-216779199,S3-925351878,S2-613469817,S2-74632872,S2-73849599,S2-109173707,S2-201121363,S2-994008302,S2-505772766,S3-352246333
S1-450715896	S3-715881771,S2-146028322,S2-135354960,S3-134411031,S3-576440747,S2-192372792,S3-432570005,S3-563265775,S2-131658650,S2-716382934,S2-781637285,S3-119942955
S1-471689092	S3-971640526,S3-389435218,S3-876462189,S2-500525662,S3-946922740,S3-145532678,S3-404869758,S3-875750712,S3-725423173,S3-21997144,S2-886285887,S3-42902293
S1-125158658	S3-687689544,S2-357089174,S2-848321145,S3-152951004,S2-682430898,S2-747983434,S3-910966578,S2-378702347,S2-370243773,S2-475906376,S2-889663333,S2-840207488
S1-975695640	S2-23967346,S3-534371937,S3-872717851,S2-883835488,S2-812368090,S3-415388595,S3-652292989,S3-899940616,S2-552347764,S3-866486911,S3-57299946,S3-535808913
S1-135488988	S3-9159452,S3-254307520,S3-280027428,S2-619278030,S2-929301141,S3-658682760,S3-844741994,S2-549112997,S2-87757485,S2-254198137,S3-965408124,S2-102785090
S1-656809210	S3-156633600,S3-918978083,S3-291299508,S3-883522272,S3-542814755,S2-285382146,S3-240774834,S2-818706405,S2-899500433,S2-556143307,S3-508436056,S3-445600683
S1-579931409	S3-654757128,S2-995566906,S2-348329109,S3-16510382,S3-803640653,S3-752847200,S2-816081970,S2-147119987,S2-982062886,S2-322551494,S3-912479291,S3-549734489
S1-425736546	S2-113680187,S3-572137524,S3-190779988,S2-731006959,S2-302286482,S3-820790285,S2-412805406,S2-811952056,S3-544565665,S3-29583699,S3-465722984,S3-559069881
S1-815504831	S3-693009030,S3-374077135,S3-529011689,S2-712347425,S2-502620357,S2-718274923,S3-387805828,S3-616157661,S2-411138624,S2-125238664,S3-814807688,S2-976393376
S1-358101625	S3-523905583,S2-344583861,S2-55361169,S2-747994134,S3-991740628,S3-668259436,S3-142805359,S2-887064982,S3-125401759,S3-45409812,S3-628641023,S3-896793337
S1-519375023	S3-14470085,S2-82511567,S2-999069173,S3-394549155,S2-455997538,S3-386453687,S3-854589435,S3-261167183,S2-74056368,S3-640745810,S2-471832548,S2-260701125
S1-570353712	S2-381555828,S3-636419234,S3-5930165,S3-506901964,S2-338385426,S3-401992170,S3-769667006,S3-900645021,S2-456330895,S2-138936451,S3-983062769,S3-703828317
S1-359062606	S3-148049363,S2-105880703,S3-607735472,S3-174006692,S2-65460682,S3-416922977,S2-479147543,S3-10406885,S2-433859290,S2-848879481,S2-468637332,S2-241803926
S1-793193237	S2-288654687,S3-261196032,S2-199338295,S3-438620492,S3-535696914,S2-997516337,S2-337129103,S2-254050932,S2-919494553,S3-534044446,S3-102496289,S3-922905533
S1-558633219	S2-886500015,S2-578208126,S3-499719755,S2-845329140,S2-738247382,S2-725857309,S2-500907701,S3-788106156,S3-88026425,S3-177049673,S3-450646002,S2-751156444
S1-749634376	S3-378187692,S2-923835425,S2-472767140,S2-637879668,S2-375516067,S3-369960928,S2-489795097,S2-416157263,S2-9279909,S3-327868114,S3-977629287,S3-777027704
S1-531399945	S2-24068754,S2-945421543,S2-321473366,S2-862336185,S2-562238356,S3-958241728,S2-284036071,S3-120500910,S2-651058904,S3-380009703,S3-743457415,S2-127711334
S1-521961890	S3-120364374,S3-604750931,S2-386255317,S2-885787694,S3-553336099,S3-652120046,S3-395405879,S3-819966836,S2-305657520,S3-834259355,S2-954701541,S3-498596234
S1-864603032	S2-907990332,S2-942227551,S3-170724879,S3-124031437,S2-459910399,S2-580834333,S2-562017920,S2-416810565,S2-560681494,S2-692712904,S3-536867922,S3-618053330
S1-119084313	S2-451981983,S3-744988582,S2-617473634,S2-547733710,S2-380525658,S3-102611716,S3-42795650,S3-839394505,S2-47995306,S3-710231794,S3-782033252,S3-567120091
S1-406335030	S2-493073882,S3-219506045,S2-653501971,S2-433950289,S2-326206216,S2-828520156,S2-611015743,S3-432581231,S2-762865507,S3-274029488,S3-589131364,S3-824635734
S1-975450278	S3-494877074,S2-848155339,S2-355115473,S3-606654979,S3-964359341,S2-459804466,S2-49915558,S2-723074467,S2-386046448,S3-467919915,S3-489441711,S2-47727439
S1-416676479	S3-33821228,S2-809181822,S2-61506582,S3-751246640,S3-750343361,S3-145769973,S2-371597796,S2-939479666,S2-813559371,S3-843425361,S2-174781145,S3-937777006
S1-79386872	S3-17617510,S3-344672493,S2-852678343,S3-930629798,S3-685079181,S3-603117145,S2-814059047,S2-724480830,S2-298621537,S2-556643921,S3-885427686,S3-815460024
S1-614137678	S3-781877283,S3-458905555,S2-11485370,S2-396125169,S2-763350534,S3-655842707,S3-132284691,S3-942085895,S2-225296014,S3-721551116,S2-306003600,S2-848400900
S1-301965038	S3-714683083,S2-892944234,S2-740894191,S3-103020349,S3-155037840,S3-336232772,S2-207734435,S3-623431732,S2-455664638,S3-847163837,S3-933633230,S3-21610539
S1-634438544	S2-587241365,S2-227376613,S2-609416297,S3-16200796,S2-212593614,S3-389481922,S3-711373708,S2-569616882,S2-464855098,S2-323261996,S2-280418158,S3-321116674
S1-765653626	S3-251386004,S2-70860968,S2-146306795,S2-394919383,S3-983570483,S3-950355713,S2-957671237,S3-875095943,S2-714557502,S2-297887782,S3-975855008,S3-617011589
S1-215112765	S2-500924104,S3-737723815,S3-2130946,S2-91352147,S3-258024642,S2-247678626,S3-319391530,S3-772856315,S2-153843111,S2-853555141,S3-606101998,S3-79450716
S1-22215563	S3-996980271,S2-799043621,S2-476171698,S3-406954483,S3-131850935,S3-983627034,S3-504178767,S2-881870969,S3-212938203,S3-39421574,S3-6250339,S3-644952247
S1-307106499	S3-45570594,S3-272597226,S3-238808760,S3-31273907,S2-936273721,S2-718465434,S2-33637727,S2-712029492,S2-99454959,S3-191928415,S2-907851664,S3-940396912
S1-365183900	S3-529321327,S2-84982822,S3-688805402,S3-659565498,S2-761742441,S3-464146594,S2-386310270,S3-949417619,S3-985534975,S3-262486092,S3-862675227,S3-931003319
S1-377316001	S3-904209559,S3-37645270,S2-812903039,S2-928400436,S2-598464910,S2-863218438,S3-87684828,S2-280276217,S3-274223355,S3-359140164,S3-768831888,S3-757040716
S1-879889290	S2-412949810,S3-59547065,S3-992458454,S2-981206158,S3-469889470,S2-17499190,S2-404294994,S3-80006975,S2-113121240,S2-510165668,S2-396817398,S2-823463795
S1-474974644	S3-199452919,S2-170085686,S3-699908419,S2-150939714,S3-617585275,S3-685535156,S2-29807282,S3-127788425,S3-938648566,S3-620591203,S3-463176509,S3-808621810
S1-167103077	S2-290609960,S3-45560007,S2-390090351,S2-78629729,S3-100843722,S3-619582343,S2-573887998,S2-819159118,S3-872220317,S3-862360486,S3-636435149,S3-926902728
S1-774333700	S2-223763840,S3-852059475,S2-250852741,S2-793709370,S3-457340323,S3-980296792,S3-274335958,S2-423093506,S2-75960379,S2-622348080,S3-949885501,S2-102798377
S1-436848075	S2-751691506,S2-61565773,S2-588646401,S3-510838686,S3-249029007,S3-211979756,S3-913832289,S2-47179151,S3-839311917,S3-393552627,S2-412713688,S2-340010327
S1-776900976	S3-956019234,S2-224038240,S3-306812927,S3-607487050,S3-906541055,S2-120937144,S2-124929800,S3-302038554,S3-904175681,S3-481848275,S3-848882999,S2-318316790
S1-48793301	S2-537450188,S2-645335092,S3-60920677,S2-104955092,S2-267556958,S2-692660138,S3-787987446,S2-401782644,S3-968953669,S2-341217211,S3-897660277,S3-99209129
S1-482425062	S3-554984121,S2-161132706,S3-540671043,S3-481067873,S2-728413369,S2-385426788,S3-165241515,S3-962127729,S2-356247764,S2-302143743,S3-934088517,S3-626986532
S1-205107818	S3-730154190,S2-60438859,S2-554436115,S3-741871097,S3-463354691,S2-455877272,S3-191213390,S3-271292172,S2-94713074,S2-167211245,S2-640329158,S3-760721152
S1-398344516	S2-707273779,S2-573846057,S2-422955802,S3-836983903,S3-507465009,S2-588856689,S3-169927937,S3-603696292,S2-738215079,S3-959717038,S2-343012658,S3-481539530
S1-418634867	S2-185259273,S3-717378994,S3-706913787,S2-848278829,S2-411007051,S3-437738197,S3-75403286,S2-661901336,S3-500321629,S3-16787652,S3-427375131,S3-635681792
S1-578895902	S3-401674756,S3-761424161,S3-705827534,S2-637332993,S2-936110051,S3-346252981,S3-830509812,S3-835985355,S2-134924804,S2-682908714,S3-234932092,S3-77202478
S1-620227268	S3-345196228,S2-576020680,S3-425981296,S2-861362559,S3-200636750,S2-402969014,S3-158509587,S3-202618960,S3-713799568,S2-202014612,S2-184940583,S2-569139551
S1-588905458	S2-333911884,S3-303751677,S2-414300570,S3-190176399,S3-314882963,S3-111795694,S3-627331377,S3-45747310,S3-44305049,S2-472357765,S2-384122607,S2-559557971
S1-859598540	S3-758127878,S2-486845571,S3-933811510,S3-832540582,S3-84052865,S2-983725383,S3-564524815,S2-162727606,S3-239520084,S3-554893268,S3-765384535,S2-690252959
S1-559286847	S3-824032525,S3-649526099,S2-191894884,S3-596027112,S2-741679120,S3-938319915,S2-983127816,S2-914211251,S2-661601261,S2-569038994,S3-350602592,S3-601012894
S1-418316665	S3-592650488,S2-423249250,S2-143902543,S3-230356237,S2-467707138,S2-9169605,S3-382460708,S3-574288888,S3-534777387,S2-79752929,S3-779352126,S3-598590415
S1-569816311	S2-557044566,S3-93046036,S3-659060235,S2-306375299,S2-510211625,S2-467439951,S2-370625041,S3-55033517,S3-467945515,S3-426903700,S3-626662483,S3-139788059
S1-805109305	S3-310835770,S2-643884514,S3-804769356,S3-922085779,S3-867370877,S3-492817702,S3-331437259,S2-191554182,S2-359236956,S3-720136871,S2-704925301,S3-923486659
S1-355908744	S3-324015661,S3-820128847,S2-861169836,S3-962014340,S2-764511618,S2-509274695,S2-98195491,S2-254941368,S2-878757459,S2-868116815,S2-545806021,S2-911188221
S1-809112267	S2-905171970,S3-514348506,S3-368018360,S3-726358130,S3-549844857,S2-712148158,S2-907637656,S2-708156699,S2-521228193,S3-267727834,S3-662510558,S3-426548566
S1-992140848	S2-758211104,S3-782103370,S2-90592422,S3-635167110,S3-266072898,S2-807551849,S2-24155362,S3-215116116,S3-892786183,S2-58634867,S2-305077877,S3-320702710
S1-844508533	S2-416660227,S3-432964203,S2-394089587,S2-214491227,S3-630443533,S2-602752430,S3-135754131,S2-50706156,S3-447707098,S2-72158213,S3-753439801,S2-84237440
S1-765791804	S3-889830059,S3-440006005,S3-473171329,S2-539049724,S3-646052161,S2-22454802,S3-75629681,S2-251910715,S3-444758189,S2-913996167,S2-336336215,S2-412844194
S1-721086531	S3-982879967,S2-58514256,S3-723759456,S3-806646929,S2-318105989,S3-682759072,S3-273152350,S2-437928364,S3-67912894,S2-705243643,S3-659608616,S3-307900605
S1-530796983	S2-581751889,S2-411697926,S3-832418446,S3-161740985,S2-106541052,S2-248049870,S3-913461700,S3-46931587,S2-898570404,S2-368624873,S2-885397167,S2-183343118
S1-517448592	S2-228998917,S3-902041997,S2-663999884,S3-622161234,S2-339732041,S3-303718176,S2-421768205,S3-791647582,S3-615256,S2-4484280,S2-886328107,S3-212858601
S1-253780118	S2-46795435,S3-72715526,S2-143399012,S2-367700253,S3-454536396,S2-133172783,S2-96909613,S3-435651028,S3-609195733,S3-997237698,S2-163722758,S3-287940082
S1-386792322	S3-227795211,S2-444703784,S2-682966323,S3-780564300,S3-557286117,S2-864396450,S3-542275686,S3-679384248,S2-293929596,S2-750135484,S3-115382437,S2-904242304
S1-541085376	S3-604446900,S3-472551340,S3-967840695,S3-978909795,S2-292890880,S3-932754316,S3-867476850,S2-348881141,S2-903425765,S3-201782661,S3-895071338,S3-156003661
S1-70203086	S3-104842819,S2-101570918,S2-833533305,S3-295168292,S3-237705060,S3-703915283,S3-80417518,S3-536419252,S3-839632049,S2-566656289,S3-622486277,S3-356117802
S1-539461624	S3-788329811,S2-782491685,S3-813102703,S3-189141475,S2-392950247,S3-94957511,S3-40984838,S2-148912334,S2-935398212,S3-320727896,S3-700282391,S3-450556178
S1-654002776	S2-871945355,S2-559541038,S2-882749278,S2-990707899,S2-431457906,S3-133542743,S2-769314489,S3-359330860,S2-297937183,S3-482622768,S2-174718329,S3-176546458
S1-631534874	S2-305801463,S3-520175018,S3-959026536,S2-852113017,S2-754162433,S2-357545135,S2-652307839,S3-735483132,S3-772382239,S3-595486851,S2-396751183,S2-296580465
S1-134705568	S3-828609794,S3-965187357,S3-458220044,S3-265931699,S2-666550248,S2-164607702,S3-998016546,S2-577257311,S2-738982948,S2-533190087,S2-335104520,S3-248800759
S1-73368268	S2-703936658,S2-620157193,S2-727663200,S3-557308899,S2-864259786,S2-986505700,S3-176458875,S3-32597968,S3-910577047,S3-57998374,S2-241508657,S2-149552163
S1-565751368	S3-108199727,S3-728085836,S3-102841670,S3-364871616,S3-235762435,S2-299035006,S2-116402958,S3-914143545,S2-50776063,S2-334989159,S2-8432159,S2-290814401
S1-440145108	S2-962648063,S3-499592320,S3-876961818,S3-302490090,S3-230855149,S3-393417958,S3-903623648,S2-704740056,S3-437049298,S3-630493414,S3-362229161,S3-769193006
S1-963778836	S2-187857703,S3-175043647,S3-516404326,S2-468208429,S3-230686827,S2-952687909,S2-916367438,S3-392897157,S3-60641128,S3-573035752,S3-556892615,S3-533208376
S1-418086913	S2-278191623,S2-206913814,S3-470306440,S2-791994345,S2-67323479,S3-399434707,S2-270191168,S3-350704598,S2-990748160,S2-308366758,S2-792015618,S3-334495432
S1-716887466	S3-675018258,S3-498042871,S2-390191893,S2-629255569,S3-438291748,S2-939953308,S2-871720593,S2-817717436,S2-963883001,S2-459921681,S3-313067059,S3-90540124
S1-201835238	S3-275579293,S3-700663615,S3-104914569,S2-875231154,S3-716836828,S2-76298063,S2-214236913,S3-34337434,S3-253018277,S3-845909352,S2-723973327,S3-968483033
S1-895832316	S2-505570506,S3-580697367,S2-105927183,S3-47892108,S2-9690956,S3-610959402,S2-60914644,S2-748954869,S3-684038034,S2-55014247,S3-772655306,S3-410298935
S1-164142248	S3-895430586,S2-694346373,S3-595660733,S2-394633934,S3-493891108,S3-861071282,S3-798657406,S3-689083880,S3-178550928,S2-869545479,S2-43980403,S2-970236412
S1-993406391	S3-576065547,S2-257919130,S2-10674758,S2-840600900,S2-218469890,S3-147500874,S3-885567389,S3-816744303,S3-98415975,S3-751246640,S2-999255914,S2-848553541
S1-310688134	S2-473568329,S3-636871632,S3-117554304,S2-915785137,S2-461691796,S3-285464589,S2-45462465,S3-287267703,S2-221758106,S3-564796997,S3-287174692,S2-258804870
S1-980993559	S3-510080114,S2-123186965,S2-973400776,S2-895527626,S2-37621989,S2-723976735,S3-841722669,S3-421242560,S3-882802579,S2-402144939,S3-714249549,S2-908368863
S1-951036935	S3-80657539,S3-912173515,S3-24804612,S2-50756385,S3-108663689,S3-597640363,S2-32578880,S3-381602996,S3-588069249,S3-848901628,S3-453936391,S2-854900438
S1-159386268	S2-917795454,S3-315562558,S3-898668792,S2-545802406,S3-923438489,S2-90296424,S3-463092019,S3-962243527,S2-716202214,S3-765044550,S3-580580435,S2-969128602
S1-665444217	S3-273176556,S2-716605362,S2-267528479,S2-198605168,S3-119495075,S3-179970137,S2-538453366,S3-135764209,S3-237791245,S2-867621355,S3-324869935,S2-41885523
S1-750186243	S2-95550173,S3-611877021,S2-534286746,S2-440314463,S2-903532549,S2-447274633,S3-516731564,S3-509071172,S2-732632102,S2-565098460,S3-653222980,S3-958793950
S1-882875459	S3-139362603,S3-39371670,S3-573208819,S2-115615348,S2-710440432,S2-990286967,S3-131788238,S2-290724983,S3-431561522,S2-248548862,S3-285716054,S2-742318950
S1-734488090	S2-102784139,S3-712633276,S2-801617626,S3-942078160,S2-12240061,S3-161419538,S3-522200738,S2-548952735,S2-351858332,S3-350891701,S3-953134656,S2-426936124
S1-796321012	S3-283630799,S2-734426162,S2-895120921,S3-227302092,S3-222823500,S3-780687103,S2-386966034,S2-821985900,S3-407665077,S3-199504316,S3-723599195,S3-856270761
S1-477197813	S3-985502540,S3-449999594,S3-632557841,S2-352820666,S2-898711695,S2-211900259,S3-220321584,S3-537390673,S3-722462240,S2-423152579,S3-721094736,S3-824857076
S1-145923871	S3-486263945,S3-141477639,S3-778715637,S2-769121261,S3-972395018,S2-390818270,S3-760700348,S2-145812030,S3-157466356,S2-671644198,S3-155037840,S2-305537846
S1-296929452	S3-138546876,S3-471715956,S3-221477315,S2-600861429,S3-568114658,S3-663891367,S2-171456665,S3-357471429,S3-426625992,S3-964492693,S2-474482589,S2-595158985
S1-888106791	S2-349292149,S2-157917950,S3-302486615,S2-309471136,S3-810775048,S3-988851396,S3-22616862,S3-646128764,S2-312539287,S2-179246443,S3-521616074,S3-95096313
S1-293823865	S2-638075696,S2-849938937,S3-317079966,S2-87614957,S3-277758100,S3-241896687,S3-536404929,S2-186361244,S3-989335324,S3-447687454,S2-528504484,S3-353318149
S1-66078912	S3-305070303,S2-361539280,S3-153596629,S2-687569502,S3-760309163,S2-995101617,S3-551653853,S3-161091159,S3-995201849,S2-443135267,S2-635495507,S3-548380723
S1-450504764	S3-934868624,S3-174541486,S3-867413417,S2-796723994,S2-636151,S3-58987076,S3-795295953,S3-579936947,S3-729825582,S3-985350594,S2-542582389,S3-94578522
S1-810021788	S2-357299508,S3-954633461,S2-15202753,S3-629912653,S2-601345022,S3-282181971,S3-872024356,S3-178996926,S2-739914318,S2-996054960,S2-805856595,S3-355258352
S1-287822162	S3-514881414,S3-845247695,S2-290087304,S3-852476329,S3-552792355,S3-821588466,S2-810443249,S2-873466232,S3-823121620,S3-314225772,S2-750790573,S2-35549568
S1-576216190	S3-987120114,S3-55525049,S2-447832504,S2-67324140,S3-367208361,S2-532953807,S3-306641517,S3-133226269,S3-158906466,S3-964140007,S3-57978107,S3-297047622
S1-696846817	S2-78645733,S3-520652559,S3-537860148,S3-210780327,S3-884593869,S2-110845346,S2-587969813,S3-827099111,S2-806034676,S3-736066419,S3-328504509,S3-595170797
S1-831305267	S2-56126418,S3-404412841,S3-577523472,S2-840488446,S3-186108947,S2-894186893,S2-966252690,S2-476430677,S2-609198818,S3-932569589,S3-751224206,S2-164822371
S1-761208325	S3-500566546,S2-6345720,S2-236682434,S2-77187524,S3-771868462,S3-408218910,S2-755598626,S3-198680281,S3-867799170,S2-766032434,S2-672631669,S3-211195325
S1-738827525	S3-752253133,S2-181878669,S3-979579601,S3-124364084,S3-271755281,S2-629148559,S2-683122121,S3-467484739,S3-684491881,S2-968989428,S3-656830006,S2-583814519
S1-498840955	S2-574509827,S3-614038605,S2-304320857,S2-201443465,S2-444346214,S2-855122992,S3-111384638,S3-860708392,S2-622442046,S3-548384559,S2-450745817,S3-739731855
S1-209104038	S3-261339512,S3-70641866,S2-414742889,S2-509442073,S2-173072281,S2-712406147,S3-423607099,S2-95431555,S2-722091610,S2-273441334,S2-547085338,S3-357619258
S1-642333492	S2-193790277,S2-167232567,S3-766485573,S2-70602755,S3-283350637,S3-961053862,S3-722832968,S3-186706336,S2-252148260,S2-417225155,S2-459217248,S2-197784528
S1-337417354	S3-745049135,S3-416798848,S2-913103485,S2-649508276,S3-93524093,S2-166997195,S3-331220131,S3-168223469,S3-560698567,S2-395842790,S2-294984203,S2-172372799
S1-213462817	S2-436150203,S3-369785868,S3-611930827,S2-155058960,S2-957492615,S3-340236946,S2-152850193,S3-827687871,S2-790801722,S2-716877795,S2-221928400,S3-410052540
S1-454535343	S2-540821577,S2-806196872,S2-530750022,S2-643437861,S2-695674834,S3-990709024,S3-843202595,S3-472657684,S3-98230368,S3-302417090,S2-549796877,S3-866203895
S1-818218004	S3-770612234,S2-169514721,S2-817514673,S2-645150427,S3-893371738,S3-141595551,S2-134372198,S3-86302305,S3-575033593,S3-933118444,S2-30265504,S3-921989696
S1-136550333	S2-757226276,S2-626355851,S3-581187359,S2-535796002,S3-436313391,S3-721385391,S3-207996451,S3-569521362,S2-13669399,S3-139583144,S2-257279057,S2-987544763
S1-354338629	S3-560681677,S2-697224768,S2-432177162,S2-739461108,S3-720540,S2-494571323,S2-965235843,S3-975273360,S2-384872128,S3-670181123,S2-751861955,S2-508258359
S1-695609161	S3-564592560,S2-943702835,S2-367135914,S3-121192188,S3-845844626,S2-2411867,S3-219797518,S2-347342744,S2-275924393,S3-742902471,S3-757124753,S3-991776876
S1-404837049	S2-710779648,S3-683264077,S3-927837326,S2-284885450,S2-945896987,S3-522089165,S2-302288002,S2-514899729,S2-439810884,S2-354302208,S3-782707052,S2-575110204
S1-835826982	S3-61974498,S3-273887960,S3-795514274,S2-826339865,S3-449990343,S3-906952642,S3-612224162,S3-698061615,S2-985295608,S2-263781549,S2-507320184,S3-968947952
S1-585242017	S3-199674756,S3-469064084,S3-396714661,S2-581602961,S2-865997527,S3-330104178,S2-815200236,S2-824524667,S2-581726780,S3-212192106,S2-499665215,S2-491437953
S1-569594301	S3-164641451,S3-983825143,S2-341553007,S3-180079681,S2-280418158,S3-61093870,S3-812076976,S3-781491073,S3-820503209,S2-15158302,S3-736066419,S3-763463649
S1-290477127	S2-733801616,S2-956194394,S2-566320904,S2-918804782,S2-127350282,S3-840055711,S3-615402579,S3-811273383,S3-636291778,S3-383749347,S3-759628567,S3-670366304
S1-349142222	S2-780093015,S2-201494283,S3-293416945,S3-938278332,S2-484293685,S3-449558061,S3-978271411,S3-173469254,S3-820475848,S2-440556084,S3-965582326,S3-173061351
S1-752736432	S2-155405120,S2-676909798,S3-207460868,S2-327532872,S3-548205526,S2-250155741,S3-70313429,S2-652046026,S3-576173172,S2-141009339,S3-297199305,S3-985117129
S1-28196420	S2-336188658,S3-488760398,S3-467533817,S2-162562895,S3-823622911,S3-676760350,S2-863361344,S2-709168319,S3-81944445,S3-983790052,S2-654194544,S3-27857689
S1-317006158	S2-732064445,S2-725293884,S3-874864718,S3-141437084,S3-698080473,S3-552686067,S3-720402211,S3-702723433,S3-81441258,S2-988449718,S2-159102623,S3-979529169
S1-37561559	S2-121038781,S3-799733393,S3-869381487,S3-879250485,S3-774386519,S2-706638461,S2-26854955,S3-584630398,S2-43713044,S3-579936947,S3-58987076,S3-55587206
S1-736678075	S3-639617715,S3-164664181,S2-616388328,S3-615978963,S2-620868546,S2-261990729,S3-603530285,S2-67323479,S3-399434707,S2-791994345,S2-587935,S3-242591060
S1-102475279	S3-633622145,S3-113486941,S2-975945351,S3-903977831,S2-374591198,S3-991565432,S2-147887662,S2-586058228,S2-770658380,S3-672577304,S2-487321889,S3-684829457
S1-477352711	S2-552510039,S3-949536288,S3-325846186,S2-97866015,S3-509751472,S2-625035414,S3-468492038,S2-177528206,S3-452995600,S2-910965319,S2-272133042,S3-644765122
S1-63019789	S3-320816238,S2-282096455,S2-212672270,S3-97460530,S3-368381987,S3-714289203,S3-946299657,S3-112220533,S3-301248853,S2-591164660,S3-637858547,S2-503767993
S1-240695525	S3-32904311,S3-848521447,S3-318852319,S2-703221270,S2-818906895,S3-495815934,S3-118764077,S3-634579052,S2-650600721,S2-628523821,S3-328102096,S3-27829366
S1-868679036	S3-1052351,S2-181055492,S2-198067655,S3-311214801,S2-827951281,S2-258340874,S2-550688244,S3-388321256,S3-913663149,S2-658631208,S3-427331440,S3-73473057
S1-446986885	S2-149185164,S2-392699882,S3-424898511,S3-9932213,S3-233640456,S3-27338947,S3-71384809,S3-947474791,S3-308660810,S2-931091343,S3-967200831,S2-749681928
S1-229773446	S3-112761825,S2-920688584,S2-842351741,S3-367432999,S3-343383451,S3-346841414,S2-171303854,S3-323186106,S3-294247193,S3-131850935,S2-946018363,S3-6250339
S1-318557261	S2-935982832,S2-311615539,S2-209807325,S3-495237192,S2-373411881,S2-200750165,S3-542480890,S2-791642075,S2-743498117,S3-423588933,S2-965878051,S3-749248133
S1-297260497	S2-467568349,S3-499109304,S2-114802728,S2-952398812,S3-267855358,S3-303082917,S2-455192461,S2-661489082,S3-200777982,S2-44861264,S2-810873278,S3-517682073
S1-930042280	S2-628329099,S3-682323309,S3-913525135,S2-663551295,S3-773933564,S2-919307138,S2-841516672,S3-470646219,S2-952216194,S2-426525066,S3-478344890,S2-296365409
S1-641454794	S2-297206896,S2-204248782,S3-215410255,S3-723011397,S3-739321443,S3-378443220,S3-793308928,S3-890866403,S3-624828811,S3-610210042,S3-26018282,S2-312863787
S1-314332373	S3-662968271,S2-643954146,S2-813942636,S2-585349075,S3-857454155,S2-864714321,S2-259250553,S2-92609456,S2-803393049,S3-406750253,S3-457031362,S2-501148551
S1-933924519	S2-194711109,S3-792291095,S2-945957448,S2-161469051,S2-547422678,S2-272211803,S2-609059868,S2-141358140,S2-995629304,S3-618502082,S3-569047868,S3-394771790
S1-736772135	S3-381064748,S2-561308000,S2-233366009,S2-256828973,S3-308785883,S2-480952239,S2-810154607,S2-643622242,S3-485175395,S3-176984969,S2-556942000,S3-873609853
S1-696688555	S2-642081574,S2-660535480,S2-657314946,S2-256814557,S2-901398006,S2-632136073,S2-96639340,S3-584595205,S2-588887584,S3-510184304,S3-502749207,S3-403604784
S1-791501715	S2-928747159,S2-280440095,S3-570867137,S2-914951533,S2-936190077,S3-583455898,S2-623401668,S2-438653574,S2-84620330,S2-955409603,S2-422186684,S3-578300414
S1-827160878	S2-976354629,S3-7983438,S3-889758280,S3-757338490,S3-343235769,S2-320083746,S2-48762844,S2-332826239,S3-801079292,S2-539634956,S3-454126205,S3-818187393
S1-90498556	S2-814454887,S3-496112183,S3-978901300,S2-430487403,S3-143325069,S3-239107953,S2-570478554,S3-690603418,S3-733668526,S3-794335740,S3-708301685,S2-360635755
S1-380365015	S2-591841753,S2-778821387,S3-426465148,S2-690429912,S3-482308600,S2-417737261,S3-637114415,S3-404745312,S2-356164082,S2-837117162,S3-785846527,S2-581463635
S1-699837409	S3-874269827,S2-347937884,S2-583315081,S3-887104387,S2-465961883,S2-973922794,S2-884175845,S3-21700002,S2-57605981,S3-789113422,S2-486898662,S2-57759346
S1-490111159	S2-967456233,S3-251409660,S2-462112086,S3-73840531,S2-894245468,S2-177439743,S2-945225773,S3-7021350,S3-53043584,S3-860708392,S3-548384559,S3-127594163
S1-997118704	S3-91262749,S3-287935293,S2-425635274,S2-530559850,S3-101928133,S2-541211681,S2-12140968,S3-922199126,S2-876089879,S3-515588015,S2-530927038,S2-874080944
S1-835307961	S3-622472768,S3-21876185,S2-256757940,S3-264398380,S2-171471405,S3-792309459,S3-377296160,S2-812095506,S2-48473746,S2-207886769,S3-251738351,S3-594308006
S1-118823973	S3-925062081,S3-969986103,S3-473171329,S3-75629681,S3-225269094,S3-82501842,S3-479242243,S3-114035091,S3-459322913,S2-466520257,S3-116626910,S3-84198304
S1-495897370	S3-383907601,S2-853858587,S3-825343267,S3-917619040,S3-913575035,S2-350162119,S3-941085569,S3-695934179,S3-889591421,S3-85981599,S3-137486961,S3-687521896
S1-764485579	S2-641477923,S3-460879178,S2-532147421,S3-340864265,S2-952849555,S3-251861971,S2-748918401,S3-14914275,S2-537317765,S2-357949758,S2-734611045,S3-754108779
S1-283908626	S3-228972469,S2-892097492,S3-796344628,S2-943383301,S2-504466293,S2-126226307,S2-702870366,S2-613194641,S2-747205749,S2-565360016,S3-234242704,S3-899260280
S1-92106190	S3-888946205,S3-644465502,S3-655171379,S3-728644475,S3-869123557,S2-335498934,S3-755745394,S3-267485921,S2-701271922,S3-739905947,S3-887507575,S3-88424914
S1-51073312	S3-797520618,S3-119914343,S2-437222994,S2-106053608,S2-627447208,S3-107941317,S2-84189576,S2-827579415,S3-139436796,S3-279701984,S3-565185712,S3-929023203
S1-870244354	S2-872867085,S3-835345089,S3-782491602,S2-869174768,S3-595815680,S2-800999418,S2-302663659,S2-656032960,S3-902372553,S3-348917610,S2-957466445,S3-199944536
S1-336594371	S2-301296478,S3-302886792,S3-964573940,S2-654871833,S3-727707406,S2-658532822,S3-487854308,S3-478854665,S2-866128303,S2-903370911,S2-289433537,S3-548514700
S1-671492101	S2-906292669,S3-843365671,S2-813811553,S2-417296233,S3-551802608,S2-59627755,S2-829412036,S2-664952241,S2-411208071,S2-984404520,S2-129052072,S3-403933914
S1-242351266	S2-147184623,S3-162278137,S2-50532996,S3-517241977,S2-146522272,S3-452400607,S3-557245102,S3-799689687,S3-492169326,S3-559626512,S3-66755477,S2-699690082
S1-149415	S3-720136871,S2-388398041,S2-505718310,S2-402392148,S3-147119996,S3-884329453,S3-157105222,S3-63730940,S3-676827305,S3-534393860,S3-611127306,S3-737461182
S1-466688559	S2-980204098,S3-932475415,S2-440390085,S3-875403024,S2-3559692,S3-576915535,S2-110971249,S2-893245228,S2-162960421,S3-317157787,S2-849168029,S3-736375755
S1-335532772	S3-691320300,S2-468960787,S3-149379699,S2-973887130,S3-391571411,S2-927389215,S3-555196237,S2-188023323,S2-372623714,S2-99992939,S2-584005836,S3-338144064
S1-577404798	S3-748443866,S3-501444926,S2-102646239,S2-929360126,S2-246489423,S2-862700525,S2-267232231,S3-843038158,S3-298965772,S2-134286161,S2-439949570,S3-913271262
S1-724464236	S2-392451537,S2-262047118,S3-315615705,S3-118324791,S3-266357044,S3-682735924,S3-476697696,S3-78430930,S3-313821476,S3-358895031,S3-120427577,S3-55456190
S1-947141490	S3-661671899,S3-641865022,S3-201046751,S2-241387076,S3-273543339,S3-749677680,S3-838529005,S2-495784470,S3-323618334,S3-953734579,S3-35227436,S3-869781975
S1-669364846	S2-53977656,S2-869051529,S3-465716443,S3-669714516,S2-27504308,S2-816131557,S3-138540059,S3-15877700,S2-87937118,S2-359607738,S3-989146943,S3-438489410
S1-336997017	S2-246428462,S2-618866897,S2-597963899,S2-817742850,S3-956106013,S3-516117405,S2-17086592,S3-783656220,S3-837464811,S2-550672540,S3-350559616,S3-896068145
S1-986419317	S2-965715831,S3-643544342,S2-587667692,S3-327418508,S3-154522678,S3-775648700,S2-848016315,S3-3459038,S2-91166524,S3-576391878,S3-689673893,S2-131765649
S1-301248047	S2-149832292,S2-392584780,S2-255720343,S2-12039624,S2-181416468,S3-510685405,S3-817768082,S2-921856578,S3-787971890,S3-146376687,S3-297896978,S3-65668901
S1-360360261	S2-3145809,S2-570062494,S3-984678968,S2-793471147,S2-727388244,S3-580343061,S2-798930834,S2-17009642,S3-474074004,S2-80350877,S2-281651065,S3-212333252
S1-147483555	S3-335242517,S3-468290751,S2-436297375,S3-515514673,S3-472472525,S3-256132394,S3-263461265,S3-541690233,S3-631619846,S3-762362297,S3-361274540,S3-578061739
S1-93510997	S2-542735419,S2-613464052,S3-819002189,S2-122912505,S2-330786078,S2-933290144,S3-478265966,S2-186088896,S2-726508420,S3-987858579,S3-652939082,S2-116631931
S1-48512030	S3-766097657,S3-840205012,S3-508288435,S3-288179537,S2-20221741,S3-827167161,S3-69287906,S3-877069702,S3-776592578,S3-920092032,S3-83037724,S3-541491537
S1-639154373	S3-247067846,S2-523929512,S3-645042539,S2-714586717,S3-749150040,S2-591884819,S3-232892948,S2-995369155,S3-16210732,S2-940797822,S3-13189344,S3-206350697
S1-581616173	S3-567848702,S2-463400740,S3-147838998,S2-178866328,S3-647792024,S2-467113942,S3-164896463,S2-593500057,S3-158165276,S3-606348320,S3-239534341,S2-99927026
S1-366265347	S3-760085015,S3-899700002,S3-319148452,S2-852618116,S2-36485220,S3-906633346,S2-429004098,S2-446075039,S2-283682095,S3-896548583,S3-804196494,S2-370277681
S1-360250378	S3-196663415,S3-205937733,S2-196009208,S3-586138720,S2-818460463,S2-350618812,S2-145318502,S3-860708392,S2-330544951,S2-79254422,S2-124635770,S2-483278465
S1-871500729	S2-954276091,S3-776452498,S3-269818931,S3-699526399,S3-440768036,S2-618395144,S3-598627513,S3-561393587,S3-753500013,S3-574773856,S2-741604466,S3-623100928
S1-95190982	S3-762949559,S3-892867148,S2-784855279,S3-347614126,S2-107006824,S3-891929439,S2-685204078,S3-442995058,S3-30989224,S3-955225806,S3-389355210,S3-303069347
S1-141646549	S2-752701341,S2-301659968,S3-649855913,S2-238500553,S2-757021613,S3-909595604,S3-477526287,S2-665250579,S2-617920654,S2-590802672,S2-219422603,S3-269941448
S1-119200352	S2-499043921,S2-594722431,S2-372758021,S3-63521036,S3-403222565,S2-586066560,S2-824429901,S3-613835190,S2-813037055,S3-566844791,S3-144820784,S3-36217547
S1-712445521	S2-22942259,S2-405196091,S3-290676899,S2-284979025,S2-36713962,S2-196338147,S2-492774114,S3-460051616,S2-542750001,S3-554650119,S2-488897135,S3-948433724
S1-456976486	S3-432037879,S2-810724888,S2-904103648,S3-664952394,S2-430929678,S2-646453357,S2-122839182,S3-813922740,S3-705000631,S2-707438822,S3-872179736,S2-128080053
S1-680126614	S3-86338813,S3-371925162,S3-707963819,S3-193321546,S3-579054819,S3-282350721,S3-351247310,S3-134081365,S3-47534955,S2-825610537,S3-935611020,S2-238334071
S1-987824457	S3-330829373,S3-635079916,S3-495548694,S3-131992797,S2-741516313,S3-416223912,S2-274959338,S3-238522494,S3-429103502,S3-476805336,S2-335210275,S2-375032364
S1-254497257	S2-494697499,S2-119258875,S2-560161262,S3-266229032,S2-903112806,S3-728173605,S3-883708268,S3-192943300,S2-781559416,S3-842553868,S3-835903862,S3-61835812
S1-105372862	S3-568700128,S2-112048047,S3-858071897,S2-914585074,S3-992051400,S3-572725580,S2-656555127,S3-170320854,S3-268970723,S3-133087640,S2-427044435,S2-254781922
S1-652706057	S3-602577206,S3-102803659,S3-530960143,S3-696988758,S2-139307114,S2-189593529,S2-234781681,S3-463998814,S3-28397650,S2-559619517,S3-283781833,S3-797787937
S1-479571451	S3-761498904,S3-945361027,S3-379750461,S3-636478024,S2-331529244,S3-558273029,S2-895025734,S3-211390118,S3-548889410,S2-186194976,S2-37803444,S3-648352918
S1-487830445	S3-446583485,S2-374516428,S2-214105043,S3-853369421,S2-44882290,S3-444160419,S3-481824117,S2-55462754,S2-10326406,S3-183866540,S3-756847516,S2-14677876
S1-990305616	S3-937507505,S3-606218289,S3-382905901,S3-94913423,S2-186489222,S3-879102062,S3-348744111,S2-739414152,S3-614529672,S3-995735574,S2-467601457,S3-811090107
S1-333865325	S3-828698174,S3-759384194,S3-134310418,S3-96318235,S3-318573687,S2-985001095,S3-326255403,S3-13001452,S3-435423153,S3-450577356,S2-435165249,S2-783786298
S1-438724017	S2-816149010,S3-362188948,S3-744619079,S3-476812962,S2-924343386,S2-547983074,S3-137178414,S3-241605124,S2-223775620,S3-46491426,S2-782529308,S3-489990009
S1-922000746	S2-133872832,S3-69850153,S3-95180376,S3-865776541,S3-369173451,S2-739123693,S2-194204148,S3-35795833,S3-661634968,S2-29719983,S3-27117267,S3-831154493
S1-525673653	S2-191265507,S3-678659089,S2-152585371,S2-777216020,S3-135140690,S3-896368983,S3-454859738,S3-825806999,S3-640942394,S3-875314257,S3-55990548,S3-264151390
S1-104177373	S2-153952325,S2-597663805,S3-353723874,S2-513690195,S2-104386720,S3-608432855,S2-106054065,S2-886265758,S3-127939601,S3-291686720,S3-361392248,S3-699193092
S1-769037367	S2-249932405,S2-254392665,S3-853526273,S3-488899925,S3-892882523,S3-325242608,S3-795230702,S3-308815111,S2-832909909,S2-746832007,S3-653202683,S3-116784380
S1-831889889	S3-195152027,S2-394653125,S3-810228363,S3-274220279,S3-135421807,S3-599607418,S2-373075895,S3-44925032,S3-508249591,S3-940251362,S2-706354259,S2-153179079
S1-457092811	S3-580731813,S3-854870155,S3-136991486,S2-194149995,S2-686744440,S3-138738397,S3-569083624,S3-599907384,S3-548984979,S3-487810292,S3-613014684,S3-807025033
S1-328597151	S3-584911522,S2-464564013,S2-809988311,S2-137681546,S3-869967652,S2-200802400,S3-49015071,S3-598977363,S2-225108200,S3-646645499,S3-427180644,S2-507303259
S1-731020320	S3-743231773,S3-175533006,S3-78850311,S3-356732014,S3-967384364,S2-330416384,S2-861009369,S2-991411261,S2-861699301,S3-121567646,S2-212861888,S3-523077
S1-884388517	S2-965637723,S3-847445764,S3-442644911,S2-562763375,S2-44765234,S2-925150525,S3-474149036,S2-852649133,S3-754087625,S3-216037041,S3-498475261,S2-456837640
S1-320853581	S2-970598703,S2-679903831,S3-653263523,S2-379591329,S2-52555975,S3-168482973,S3-265897111,S2-631717539,S3-172143183,S3-143088141,S3-593655365,S2-670450741
S1-604167755	S2-451395048,S3-65009796,S3-187945997,S3-434303370,S2-935763882,S3-805656423,S3-749335963,S3-445975575,S2-117288593,S2-137850331,S3-518140688,S3-70596200
S1-338922679	S3-524925030,S3-619021783,S2-712543217,S2-187695875,S3-595159757,S3-76982709,S2-635120984,S3-341408548,S3-223113487,S2-316450609,S3-487095258,S2-216855797
S1-67488361	S3-456248719,S2-529470109,S2-485553974,S2-517116692,S2-465113331,S2-630746863,S2-634410066,S2-439026320,S2-734923683,S3-246634028,S3-194232465,S2-538619366
S1-389516759	S2-920826097,S2-314714658,S2-923892942,S2-46321915,S3-53533337,S3-306961,S2-440836499,S2-580415723,S3-356245021,S3-493612787,S3-919839255,S3-506607968
S1-254317928	S3-491884037,S2-290241492,S3-580960365,S3-633820332,S2-966976900,S2-874611098,S2-885743472,S3-477110075,S3-130056904,S3-303287633,S2-414465151,S3-822045143
S1-819308733	S2-595050096,S2-416793549,S3-49162599,S3-402373245,S2-23791930,S3-578169295,S3-867299560,S3-402451087,S2-96953049,S3-100165521,S2-600263643,S2-549253945
S1-590330954	S3-632943025,S2-650148574,S2-648593346,S2-189138583,S2-882207963,S3-109236388,S2-391364756,S3-509559790,S2-133889822,S2-791648788,S3-716869537,S3-16555825
S1-948695904	S3-306186451,S3-873086890,S3-72641332,S2-228776411,S3-598719498,S3-593771753,S3-634171262,S2-826233077,S3-750207324,S2-870081785,S3-44311139,S2-661003204
S1-963843548	S2-373274898,S3-581858416,S3-155223981,S3-394543335,S2-67833524,S3-2416712,S2-490392992,S3-476650176,S2-558099852,S3-451032346,S2-148947973,S2-611422313
S1-853713106	S3-529375518,S2-125374147,S3-233907033,S3-110361285,S2-771269266,S3-712420972,S3-940494116,S3-890549806,S2-634811429,S2-456005133,S2-44904190,S2-811853317
S1-122702635	S2-724377092,S3-41411845,S3-326440718,S3-379208472,S3-355089570,S3-628861950,S2-261171713,S2-630671919,S2-188447548,S2-305649514,S2-806942137,S3-190617407
S1-1781977	S2-647773526,S3-413330081,S3-134209272,S3-915550367,S2-151056965,S2-862250584,S2-859721460,S3-81288293,S3-22572710,S2-182388525,S3-977930390,S2-798815814
S1-985095269	S3-617166817,S3-149400246,S3-968742862,S2-816384044,S3-428202822,S2-767970884,S3-973426166,S2-378357184,S2-336267383,S3-490695852,S3-995603067,S3-118461441
S1-178011126	S2-924861532,S3-18418618,S3-503140590,S2-257019061,S2-258140792,S2-41401223,S3-572263096,S3-877850000,S3-847163837,S3-785139458,S2-235691360,S3-18332560
S1-800426756	S3-998716356,S3-116655528,S2-343079366,S3-370610657,S3-394036750,S3-760733538,S2-813357822,S3-502426832,S3-23295703,S2-783428881,S2-172132077,S2-832555129
S1-71913224	S2-715191416,S2-672987899,S2-309593618,S2-999669487,S2-24562531,S3-46203719,S3-286031195,S3-1671599,S2-666549445,S3-753362328,S2-540628798,S3-690252732
S1-360782097	S3-308854312,S2-229751801,S2-396530141,S2-652873868,S2-659905204,S2-194501164,S2-707481839,S3-692870760,S2-522709741,S3-123510221,S3-167290999,S3-609044501
S1-104828480	S2-424416845,S2-384222569,S3-441189780,S2-983361434,S2-160180189,S2-406856222,S2-196294708,S2-28363713,S2-526427431,S2-379297480,S3-781077192,S3-318958538
S1-483220815	S3-795495513,S2-493185883,S3-391573350,S2-596085907,S3-311813561,S3-359582232,S2-530533477,S2-190764622,S3-854049787,S3-519203077,S2-60183479,S3-153281639
S1-543515480	S2-30376547,S3-247254380,S3-219529323,S3-239045516,S3-532698218,S2-495607605,S3-287833221,S2-142974999,S3-809225097,S3-815935058,S3-573948686,S3-531749122
S1-323481834	S3-539357068,S2-976542837,S3-639522882,S3-102401613,S3-929986924,S3-768512082,S2-64892284,S2-75294655,S3-196339175,S2-896655677,S3-230448629,S3-677934375
S1-860672888	S2-492611881,S3-461749608,S2-40344933,S3-32952411,S2-866631583,S2-826336295,S2-229340265,S3-118438062,S2-163164919,S2-753047905,S2-549120721,S2-790007588
S1-549535900	S3-717499125,S3-928268578,S2-720445334,S2-365030489,S3-310500977,S2-118546310,S2-193704720,S3-23042961,S2-428733687,S3-191768552,S2-108948678,S2-554927455
S1-80886496	S2-632683765,S3-129569379,S3-79104774,S3-93319556,S2-198692848,S3-689480168,S3-345700144,S2-411098127,S3-938648566,S3-204021511,S3-127788425,S2-829238455
S1-841157255	S3-269681140,S2-31540531,S2-605487883,S3-443903733,S3-537345785,S3-38769739,S3-643034042,S2-186419592,S2-815240014,S3-348205580,S2-944093458,S3-400091248
S1-679228094	S2-172452944,S2-825349502,S3-940770353,S3-21782703,S2-489449840,S3-862135556,S3-906842227,S3-876806985,S3-765509783,S2-423917139,S3-583967750,S3-948105688
S1-774701345	S3-196820693,S2-266496313,S3-819485466,S3-390323987,S2-741423311,S2-527821642,S3-58452598,S3-690139523,S2-35532881,S3-929440186,S3-785731895,S3-388142699
S1-25472881	S2-365005657,S3-373571762,S3-913978303,S2-828463858,S2-197619181,S3-685522330,S2-310118916,S3-985416214,S2-936452621,S2-143491788,S3-60662399,S3-385685541
S1-470414227	S3-717243880,S3-154197039,S3-614946572,S2-604344135,S3-226945800,S3-403204733,S3-681038131,S3-735918944,S2-635700001,S3-22439753,S2-963800492,S2-430457143
S1-886308872	S3-363228273,S3-533311228,S3-187598713,S3-609500432,S2-960554339,S3-736397083,S2-707590005,S2-456350388,S2-172293083,S3-534530177,S2-488293440,S2-377206557
S1-807846419	S3-721906493,S3-703279729,S2-89036937,S3-859111564,S2-410615059,S2-712038335,S3-500749834,S3-649852554,S3-112877864,S3-355049167,S3-39598333,S3-415041124
S1-158611225	S3-328396707,S2-759420197,S2-15170196,S2-554177210,S2-913183366,S2-651463781,S3-571615180,S2-246312171,S2-324313694,S2-679822368,S3-665338531,S2-102576380
S1-395852693	S2-541663980,S3-440420139,S3-885565507,S2-813561908,S2-40703361,S2-178524414,S2-882941028,S3-287970442,S3-886558411,S3-425070315,S3-986299145,S3-283487500
S1-764845773	S3-538033632,S2-95469613,S3-268989564,S3-649038155,S3-901799440,S3-560350938,S2-764737071,S2-999352052,S3-352165402,S2-147811451,S2-945771538,S3-888933182
S1-725106374	S2-994457001,S3-750043582,S3-797962036,S3-19535338,S3-187043987,S3-633583692,S3-464703770,S3-771815517,S2-558511017,S2-72555449,S2-494141062,S2-80120759
S1-379339884	S3-30607784,S3-320427174,S3-979196084,S2-883989140,S2-787673251,S2-162193526,S2-336777867,S3-456821816,S2-524030278,S2-321099245,S2-960035814,S3-669390959
S1-598980632	S3-480475165,S2-929356417,S2-107903872,S2-502290486,S3-792832675,S2-364742904,S2-803464153,S2-167159207,S3-720967476,S3-688466723,S2-269315828,S2-546851732
S1-492103941	S3-430981915,S3-321286766,S2-482292171,S2-802222775,S3-211920289,S3-195326099,S2-938290914,S3-214786252,S2-987634186,S2-946686083,S3-606507498,S3-583131185
S1-514557217	S2-701302651,S3-165574680,S3-96327934,S2-681999487,S3-34725826,S3-110577075,S2-781320277,S2-139859588,S2-584331576,S3-704704154,S3-877063756,S3-488978712
S1-568439465	S3-642330638,S2-946132033,S2-540616472,S3-936924843,S3-886368098,S2-208711729,S2-292989735,S3-213003206,S3-483087907,S2-538212167,S3-807260804,S2-910607050
S1-649415084	S2-866724269,S3-889291514,S2-260312819,S3-190572062,S3-491846525,S3-725346744,S3-583944586,S3-737596084,S3-104348923,S3-353187490,S2-7537020,S3-238417845
S1-596810108	S2-913967590,S3-608600322,S2-928468259,S3-832544945,S2-498401635,S3-679769651,S3-873883560,S2-886541756,S2-390709798,S2-300330036,S2-339237811,S2-508212688
S1-613612626	S2-807527471,S2-136929362,S3-354787818,S2-380873191,S3-629187853,S2-181589207,S3-724076266,S3-866250773,S2-4447921,S3-891255389,S2-691358500,S3-831164582
S1-204616621	S3-747245847,S3-175399469,S3-684871380,S3-368929712,S3-709487984,S3-753210107,S2-507384692,S3-620591203,S3-250463312,S3-720572348,S3-746053775,S3-207221919
S1-215334954	S3-756459621,S3-997903727,S3-320047393,S3-734840552,S3-348761943,S2-273520922,S3-821136214,S3-923589642,S3-651134666,S2-400870951,S3-145249021,S3-495540157
S1-190787296	S3-563466906,S2-662205353,S3-496148444,S3-953766912,S2-36419733,S2-813016947,S2-441635012,S2-437266615,S3-13072266,S2-587317853,S3-745559040,S3-320869353
S1-390504396	S3-53270821,S2-565415963,S2-567938907,S3-73136454,S3-154229674,S3-762617301,S3-283481683,S2-112622075,S3-752445805,S3-369897934,S2-820707713,S3-767000875
S1-688568128	S3-18254780,S3-603963707,S3-115257290,S2-687990488,S3-351872889,S3-575748188,S2-10025138,S3-551376071,S2-920620129,S3-705304032,S2-186641043,S3-666886304
S1-792951736	S2-803531285,S2-578186404,S2-930514811,S3-604273038,S3-31733504,S2-385728068,S2-101503299,S2-845253534,S2-706900404,S3-993143941,S3-200030437,S3-650389054
S1-97615888	S3-500869121,S3-653060885,S3-150810578,S2-96679089,S2-294916240,S2-152628067,S2-413850283,S2-90056764,S2-117775987,S3-844117779,S3-633026267,S3-412068013
S1-526630783	S2-897374555,S2-694219046,S2-148990961,S2-665528405,S2-473102934,S3-680017009,S3-725033884,S2-338373637,S2-63220715,S3-709374786,S2-554261047,S3-968467393
S1-156041148	S2-958344180,S3-656167626,S2-231742245,S2-820844282,S3-869404084,S3-128902873,S2-594163589,S2-609881323,S2-750428126,S2-797498326,S3-430101748,S2-430156980
S1-656482163	S2-411279040,S3-606405733,S3-911961813,S2-636417678,S3-891142170,S3-88061344,S2-640386364,S2-193704720,S2-264273212,S3-955225806,S2-554927455,S2-882995225
S1-75244187	S3-238372178,S2-810047624,S3-261509810,S2-284521735,S2-587790207,S2-222068785,S2-305029601,S3-442598754,S3-945894562,S3-212508076,S2-232209243,S2-493489310
S1-582073950	S3-787052908,S3-41025437,S3-906169854,S2-822155439,S2-343451081,S2-908244304,S3-9476856,S2-367665360,S3-985839213,S3-899692649,S2-517410548,S2-351342112
S1-826409559	S2-28975857,S3-343323256,S2-213915021,S2-711545458,S3-265416902,S3-679933361,S2-89748115,S3-459088225,S3-157149117,S2-120645951,S2-286918798,S3-164362416
S1-613002206	S2-856201504,S3-758405275,S3-373680689,S2-132211213,S3-54477366,S3-913260075,S3-747903179,S3-792504923,S2-278813203,S3-867330763,S3-916991551,S2-532040870
S1-497736637	S2-137771149,S3-264090318,S2-596182537,S2-75105019,S3-246059088,S2-660277482,S2-905131359,S2-587752739,S3-658797941,S3-587098380,S2-661474869,S2-482209417
S1-438433401	S3-797887212,S2-57870975,S3-279686843,S3-56265674,S2-27602055,S2-534934765,S3-990775577,S2-917994864,S3-440858170,S3-293748667,S2-461685644,S3-507628004
S1-242026593	S2-558455841,S2-696579476,S2-160562169,S3-523167394,S3-31282632,S2-384187274,S3-200450805,S3-373490554,S3-854134467,S2-407905421,S2-162731183,S3-317037729
S1-837437654	S3-692876661,S3-489644025,S2-182715131,S3-672480631,S2-134593182,S2-702302459,S3-552469537,S3-836625647,S2-139277598,S2-345553406,S3-859927426,S3-185097178
S1-934116180	S2-295948610,S2-594491287,S3-168276106,S3-892283771,S2-939149976,S2-880039075,S2-373105760,S2-681174450,S2-296251247,S2-783245933,S2-22269288,S3-163524363
