source1_entity_id	matched_entity_ids
S1-156285671	S2-64661346,S2-180394702,S3-672973403,S3-738587982
S1-921369899	S2-808920974,S3-57594330,S3-285097097,S2-107533354,S2-995426671,S3-779830725,S3-974282260,S3-362722368
S1-913506265	S3-258414643,S2-377106401,S3-388866191,S3-739817217
S1-628750886	S3-734992856,S2-406813553,S2-696378102,S3-159214046,S2-724882944,S3-486086895,S3-361673112,S3-503690514
S1-466641145	S3-652998887,S3-947342154
S1-385801270	S3-355553585,S3-408897982,S3-336003348,S3-515025304,S3-323697085
S1-717749279	S3-178555200,S2-768360552,S2-51053506,S3-423648914,S3-7241692,S3-247447724,S2-319754772,S3-774105459,S2-28908401,S2-706286517,S3-40196306,S2-802587863
S1-616465752	S2-324066161,S3-743384209,S3-668147436,S2-741800177
S1-261476747	S3-255859609,S2-300243886,S2-969569602,S3-449183302,S3-937554281
S1-969300060	S3-986110458,S3-344702020,S2-549617192,S3-835980117
S1-295346696	S3-281922741,S2-621745304,S3-301426122,S3-579606701,S3-718205612,S3-562801606
S1-81033582	S2-625290267,S2-75450184
S1-776267063	S2-455205203,S2-810427923,S3-750193026
S1-457973373	S2-155002316,S3-719514673,S2-256152977,S3-838254695
S1-273768056	S3-690125736,S2-763322790,S2-82906936,S2-838127786,S3-16275066,S3-526615781,S3-411522901
S1-351656683	S2-835954210
S1-83258310	S2-97347354,S3-770651045,S2-527562969,S3-391666079,S3-145426604,S3-183866540,S3-30686666,S3-616084408,S3-461225431
S1-383508132	S2-44875347,S3-898627478,S2-609534536
S1-960747316	S3-22960445,S3-374035710,S2-517236620,S3-603392866,S3-316989129,S3-811911602
S1-345501851	S3-526884354,S2-617679794,S2-21007600,S2-212834292
S1-548433616	S2-615586385,S3-11519900,S3-317330782,S2-580499195,S3-504953347
S1-396150929	S2-823307685,S3-408245839,S3-298471532
S1-261642209	S2-600368334,S2-964573270,S2-613574387,S3-367004823
S1-720336913	S2-162555863,S3-209882281,S2-264383023,S3-24123387,S3-912975630
S1-142638295	S2-461729876,S2-237661324,S3-590626095,S3-868858044
S1-819898451	S2-931592802,S2-283043147,S2-237962325,S3-86970259,S2-451738770,S3-826899359,S3-337186313
S1-527611593	S2-21640846,S2-446688351,S2-606037572,S2-231046783
S1-615018738	S2-693064683,S2-110661751,S2-501408343,S3-263733579
S1-682391735	S2-526071240,S3-965393503
S1-693956169	S3-202856170,S3-592419390,S2-27080238,S2-260973802,S3-449306028,S2-703342506,S2-600013732,S3-753257823
S1-837916944	S2-298100855,S2-583392216,S3-296834043,S3-904722267,S2-803729233,S3-579936947,S3-58987076
S1-17003766	S3-883709464,S2-898435665,S2-653673342,S3-386853946,S3-297872373,S3-671594659,S2-512777166,S2-979566966,S2-388649316,S3-525545134
S1-667272642	S2-361863238,S2-361038008,S2-303298605,S2-91368041,S2-486558620,S2-32220294,S2-604372673,S3-307751871,S2-458551433,S3-681628087,S2-57344552,S3-368629523
S1-827961773	S2-614356206,S2-776909608,S3-666859234,S3-449101992,S2-434334780,S3-364110319
S1-418524279	S3-19393151,S3-632154667,S3-732108958,S2-819675810,S2-337652709,S3-765302009
S1-784673398	S2-442684553,S3-72841455,S2-413804324,S3-933859987
S1-889012090	S3-358512104,S2-620204661,S3-265734095,S2-223338709
S1-655802552	S3-494393611,S2-661143069,S2-112263683
S1-788563249	S2-805916277,S3-307943806
S1-276402071	S3-286516942,S2-212775286,S3-987023388,S2-744945916,S3-567877126
S1-936869465	S3-278512090,S2-876971794,S2-211051743,S3-900482090
S1-133928599	S2-168720522,S3-157372672,S3-269360556,S3-675307160
S1-871112769	S2-851055500,S2-561370006,S3-36920381,S3-49471210,S3-341934802,S3-102042049,S3-308263671
S1-857992844	S3-996390266,S2-293613144,S3-782180487,S3-159487450
S1-197043206	S3-404963448,S2-955766080,S2-632410359,S3-777728638,S3-192291597
S1-868105169	S3-58791393,S3-638564733,S3-828387821,S2-659966345,S3-391870362
S1-962993818	S3-88886836,S2-306242416,S3-503847549,S3-335365286,S3-416922977
S1-608940471	S3-294522941,S3-630874449,S3-781591439
S1-907329636	S2-458961697,S2-539670103,S2-675959938,S2-876889991,S3-285932507,S2-918705389,S2-859293712,S2-780268114,S3-933877247,S3-632137448,S2-529514881
S1-545791724	S3-688615955,S3-503922152,S3-522887702,S2-551319682
S1-923121813	S3-261186490,S2-15589435,S3-322690377,S2-576049969,S2-558499512
S1-901881022	S2-563621915,S2-829201391,S2-318672437,S3-914998219,S2-397328817,S3-403014501
S1-960221997	S3-2003041,S2-446636983,S3-282611314,S2-137559574,S3-605347652
S1-657028371	S2-438843768,S2-552819796,S3-67555623,S2-998699940
S1-991838189	S2-525090644,S2-511172751,S2-952495741,S3-637886771
S1-860794391	S2-737047278,S3-47861323,S2-623800632,S3-7618415,S3-966026629
S1-225821819	S3-463570639,S2-79048222,S3-76143766,S3-912986361,S3-110204926,S2-775523710,S3-285755497,S2-998649746,S3-573592264,S2-849610026,S2-396817729,S3-957971286
S1-333194875	S3-872164839,S3-399657159,S2-844884966,S3-363368257,S2-172171876,S2-552554425
S1-568320501	S3-669726840,S2-394456858,S3-681563697,S2-665104789,S3-624225983,S2-484886496,S2-541629551,S3-984695101
S1-311511012	S2-874954820,S3-868825639
S1-155512047	S2-551192969,S2-994210922,S3-41100169,S2-521319246,S2-349348042,S3-103396498,S2-748370642
S1-80873383	S3-992155952,S3-792509030,S3-431093437,S3-646665112,S2-865167437,S3-920396805,S3-104577231,S3-206096527,S2-814750802
S1-445143782	S3-519684761,S2-867585785,S2-556544936,S2-690616500
S1-254586049	S3-332845606,S3-866781987,S3-483820078,S3-314532534,S3-239416012
S1-966492570	S3-318227191,S2-152194607,S3-569451641,S3-731039631,S2-268986432,S3-226820728,S3-856243621,S3-996367199
S1-603731465	S3-273405887,S3-664461935,S2-3337466
S1-497232093	S2-784507382,S3-991632549,S2-240364786,S2-894674584,S3-103111775,S2-713326775,S3-186358137,S3-135712112
S1-89928972	S2-398401791,S2-519902979,S3-24238944
S1-634733706	S2-868523932,S3-930053096,S2-861989838,S3-406986833,S3-184245482,S3-124801143,S3-231034308,S2-769166453,S2-931448307,S3-24998945,S3-113714824
S1-518999749	S2-190531136,S3-632061363
S1-852777299	S3-346024603,S3-62311680,S2-43332315,S3-999451911
S1-817055009	S3-736390072,S2-606582843,S3-388561706
S1-948206127	S2-651166319,S2-709050360,S3-164112817,S2-696583308,S3-366281028,S3-252662491,S3-502624576,S2-103901974,S3-654167680,S3-594139773
S1-230616179	S2-256241077,S3-712100070,S2-241176698,S2-153505197
S1-202627015	S3-212987915,S3-314308120,S3-521020982,S3-84309879,S3-669388357,S2-728907172,S3-104142624,S3-957236094
S1-479368587	S2-209101791,S2-251633904,S3-849279643,S3-746728989
S1-445413591	S2-11818511,S2-49496590,S2-997167283,S3-571793384,S3-464468619,S3-8636915,S3-442192689,S2-577246493
S1-631634336	S3-588379284,S3-949838627,S3-904005280,S2-915571636,S3-832188907,S3-171652131,S2-872608136
S1-211227284	S3-426725428,S3-794780629,S2-198492308
S1-537057658	S3-227194271,S3-49269246,S3-260620109,S3-260548621,S3-398204558,S3-610194980,S3-199626414
S1-495431862	S3-74976199,S3-699657460,S3-277417146
S1-989458781	S2-39962761,S3-715146055,S2-762814298,S3-43202384
S1-943866501	S3-777185824,S2-925168059,S2-30576538,S3-642529401,S3-377422755,S3-724521177,S3-972465333,S2-820926041
S1-634708855	S3-947687449,S3-266149496,S2-332876730,S3-526607179,S2-173595529
S1-527616111	S3-648529287,S2-260263864,S2-591343801,S2-575491460,S3-507031957,S2-587869878,S3-73358020,S3-181877410,S3-239803953
S1-269743554	S3-282734524,S2-561401092,S2-702541849,S3-550009202,S3-866795052,S3-29497759,S3-796999515,S3-448274714,S3-347883763
S1-476233101	S3-254142731,S3-519788629,S3-219643345,S2-626271021,S2-411037369,S3-759495424,S3-820031504
S1-253986339	S2-224102682,S2-646018702,S3-849418302
S1-335922295	S2-712854736,S2-788697479,S3-947918475,S3-878548584,S2-171764216,S3-728107925,S3-183647406
S1-379378394	S3-466289518,S2-901543914,S3-520259850
S1-371172270	S3-205638087,S2-978202729,S2-146705767,S3-776485357,S3-299348052,S2-570047628,S2-699161503
S1-370040082	S2-200354794,S2-302111683,S2-790905861,S3-387310180
S1-749190987	S3-668924095,S3-995036409,S3-48118841
S1-533947051	S2-336673941,S3-304877707,S3-880742398,S3-11453637,S3-409652301,S2-404656931,S2-82508904,S2-201072653,S3-156773622,S3-242626877
S1-13451015	S3-833167002,S3-395168751,S3-727331648,S3-240804942,S2-323077587,S3-455706698,S2-340587347,S2-594361330,S3-306139886,S3-128638306,S3-315773131,S3-370667513
S1-725672126	S3-632481830,S2-773741389,S2-550315638,S2-867414471,S3-239416012
S1-162695461	S3-177223520,S3-107161537,S3-492835636,S3-886046238
S1-648022940	S3-980111933,S3-799573268,S2-469981947,S3-953161217,S2-245007463,S3-15202574,S3-395405879,S3-158888297
S1-807531920	S2-9284804,S3-206363688,S2-124102520,S3-472892515,S3-372222854
S1-240414034	S2-334267253,S3-383492855,S3-252977477,S3-869205733,S3-235249310,S3-837972700
S1-518221826	S2-35779504,S2-755763824,S3-519534808,S3-371534378,S3-102493433,S2-648861555,S2-508618330,S3-568163121
S1-578070457	S2-846405443,S3-294093770,S3-294311434,S2-376462529
S1-377942865	S2-764652743,S3-229340593,S3-439673626,S3-571989099
S1-993829678	S2-420016120,S3-415135292,S3-126263130,S3-180776940,S2-769571546
S1-168402024	S3-284046171,S3-152839170,S3-89260934,S3-6384048,S3-809564468
S1-533988643	S3-88429195,S2-92851629,S3-51652890,S2-446713549,S2-944530664
S1-683869141	S3-172672302,S2-397392336,S2-924633488,S2-357309039,S3-736735912,S3-527838121,S2-647914006,S3-904835843
S1-137870529	S3-587236626,S2-130309662,S3-189063698,S2-315675866
S1-149411806	S2-563697388,S3-676886341,S2-238743567,S3-95538214,S3-715268788,S3-231218557,S3-452466933,S3-751546102,S3-925241572,S2-15136651
S1-272127430	S3-387164435,S3-45077855
S1-473952711	S2-982596046,S3-418613237,S3-767728620
S1-221315364	S3-21431721,S2-551865584,S3-888655189
S1-513599911	S2-723063286,S2-922373960,S3-499529172,S2-349722693,S3-539447982
S1-387016214	S3-775523582,S2-162670424,S3-190281582,S3-433452371,S3-904697251
S1-976424391	S2-857477328,S2-665347227,S2-7255293,S3-937943799,S3-517296362,S3-311587665
S1-407721399	S2-356029080,S3-698222925
S1-200079725	S2-18812099,S2-419074899,S3-492438082,S3-893676514,S3-586720351
S1-264694687	S2-460722696,S3-724878495,S3-763121272,S3-243933528,S2-63705596
S1-230813348	S2-499499588,S3-417153361,S2-183787221,S2-720733093,S3-584975995,S2-714006641,S2-847362396
S1-736800651	S3-711655000,S2-101547600,S2-66043501,S2-691762250,S2-44235967
S1-308849584	S3-911948966,S2-107792556,S3-342447307,S3-662534378,S3-992426894,S3-968661614,S3-651907386
S1-787461836	S2-95758126,S2-419987195,S2-872898951
S1-197280203	S2-612039318,S3-982991317,S2-748925326,S2-104590092,S3-170709433,S3-101471729,S3-735498564,S2-104556272,S3-665608156,S2-674933838,S2-316828613,S3-609406969
S1-218107486	S2-896681409,S2-759808290,S2-449088274,S3-692672809
S1-499785692	S2-198866483,S3-198667605
S1-143143410	S2-9380461,S2-852154557,S3-923060750,S3-331831017,S3-472914593,S3-675982122,S3-378779794,S2-123352832,S3-78993275,S2-924307537,S2-352944317,S3-576488860
S1-670774972	S2-875959589,S3-504175153,S3-149512927,S2-143274097,S3-151430435
S1-547382550	S2-264562735,S2-684458652,S3-965336875,S2-734070520
S1-881055954	S3-228952130,S3-358301766,S2-451836963
S1-914583493	S2-171844179,S3-234495560,S3-854254214,S2-876348838,S3-891399133
S1-399652471	S3-193263176,S3-766139747,S2-945886881,S2-102548243
S1-406820024	S3-757624330,S3-569950948
S1-603512987	S2-620307379,S2-790359283
S1-628264763	S2-797631580,S3-914648689,S3-236268469,S2-680138839,S3-152364534
S1-990121956	S3-131084003,S3-651651448,S2-523419701,S3-236505526,S3-719193741
S1-220921987	S3-885817023,S3-273008263,S3-7443395
S1-930793828	S3-985227835,S2-5445281
S1-767699511	S2-444219280,S2-251733232,S2-212675246,S3-862408118
S1-728529555	S2-612182108,S3-698613145,S3-929129965,S3-347333714,S2-173481395
S1-437062378	S3-19792769,S3-433905111,S2-911837769,S3-159308620
S1-5308195	S2-617554427,S2-425232343,S2-192411739,S3-718242773,S3-746717800,S2-793217662,S3-749330268,S3-199771906,S3-460186908,S3-863770215,S3-435430610,S3-13414056
S1-482094020	S3-344790750,S2-886732364,S3-939479439,S2-774943289,S3-484524134,S3-54862958,S3-573358487
S1-26046875	S2-691624059,S2-610674674,S2-717024971,S2-792571270,S3-136777283,S3-735211465,S3-73136454,S3-859962936,S3-762617301,S3-154229674
S1-53078701	S2-339990362,S3-811948056,S2-34113748,S2-587594416
S1-100460794	S3-678065754,S2-76162318,S3-894151520,S3-518174802
S1-165612846	S2-121832781,S3-555912590,S3-753712133,S2-985373281,S3-608701471
S1-995838881	S2-577492798,S3-45209319,S2-935603255,S3-551027603,S3-110660328,S3-885054636
S1-593270583	S3-449703143,S3-92940992,S2-576527697,S2-497439041,S3-873854021,S3-442734012,S3-183866540,S3-380853198,S3-529342587
S1-693931224	S3-580370096,S2-908017855,S3-278934159,S3-808078737
S1-767389281	S3-764556365,S2-98735607,S2-440861982,S3-767316354
S1-558861915	S3-15793099,S2-288651230,S3-398046374,S3-312131887,S3-99630440
S1-488514818	S3-76986676,S3-105521106,S2-810281019,S3-223387621,S2-152858124
S1-912877974	S3-966416166,S3-705646591,S2-764991377,S3-371239783,S2-606234895
S1-74888542	S2-317987840,S3-741611748,S2-535890071,S3-355316117,S3-909981907,S2-20631208
S1-573514563	S2-958241582,S2-383939795,S3-7318919,S3-794252564
S1-154703303	S3-296470454,S3-19235628,S2-957708665,S2-895478862,S2-26929825,S3-449698012
S1-725008002	S2-76003611,S3-83852341
S1-988601275	S2-635009492,S2-639439015,S2-222307393,S3-843721562
S1-454834135	S2-380436113,S2-20730289,S3-540032972,S3-578600311,S3-233079471,S3-204081872
S1-333055706	S2-79155393,S2-28561586,S3-637551957,S2-452139129,S3-232682001,S3-797787937,S3-695168955,S3-463998814,S3-28397650
S1-755032002	S3-256691047,S2-20384001,S2-839993267,S3-452392924,S2-930696317,S2-714321127
S1-864612738	S3-183190002,S3-458618653,S3-653615778,S2-358887302,S3-505774139,S3-699467182,S3-761986226,S3-904490207
S1-937654476	S2-16364834,S2-288734849,S3-479079042,S2-892904835,S2-389987809,S3-874449289
S1-367438678	S3-647253258,S2-2154615,S3-31965146,S2-720275394
S1-191580834	S3-369068507,S2-427008047,S3-538361591,S3-863460876,S3-861690742,S3-279184894,S3-972465333,S3-724521177
S1-745780830	S2-690367498,S2-551071666,S2-888217433,S2-849586809,S3-596621058,S2-959350256
S1-151657300	S3-377157946,S2-664786786,S3-111128155,S2-45059837,S3-829732393
S1-97932183	S2-486578924,S2-798421259,S2-141239302,S2-653546406,S2-848738815
S1-759949116	S3-975357554,S2-806615039,S3-862703375,S3-727029443,S3-986911829
S1-447511049	S3-840963930,S2-196120556,S2-282916565,S2-369142009,S3-233719896,S3-305647130,S3-179757795,S2-779925379
S1-45658342	S2-628853344,S2-503035868,S3-704926180,S3-570775182,S3-294252837
S1-379683628	S3-975464589,S2-609117510
S1-633277570	S2-963568436,S3-622540070,S3-988676015
S1-438186667	S2-574834186,S3-790194169,S3-812929525,S2-914303097,S2-97918801,S2-548735980,S3-268316986
S1-440389225	S3-214928493,S2-694872433,S2-600475856,S2-855737991,S2-906856396,S2-316083510
S1-202654102	S2-533831365,S2-497691628,S3-642780449,S2-140805801,S3-701394496,S2-963397853
S1-312627881	S3-361932842,S3-624015547,S3-46002316,S2-125731623,S2-915598849,S2-536948679,S3-47601112,S3-864629771
S1-701625804	S3-572784049,S2-440299790,S2-85384838,S3-633808206
S1-116213562	S3-35881556,S2-657011563,S2-124330908,S3-631607322,S3-586997209,S2-560035810,S3-742894945
S1-337070508	S3-724251745,S3-268999437,S3-873335772,S3-910821223,S3-418842492,S3-873854021
S1-599296180	S3-311322447,S2-310178577,S2-718923670,S3-828229537,S3-164288370
S1-735045054	S3-308013023,S3-765678155,S3-398357527,S2-650741815,S3-280550271
S1-76365154	S3-753354264,S3-20858544,S3-287490487,S3-661268534,S2-506408910,S2-392285617,S3-703750137
S1-201956901	S2-435749960,S3-932014676,S3-847723794,S3-442734012
S1-904669751	S3-1169327,S3-891396763,S3-286795378,S2-539617534
S1-207070582	S2-438188939,S3-348674588,S2-342320263,S3-36401978,S3-165252290
S1-717282539	S2-601751176,S3-97798947,S3-968521345,S3-629702766,S3-929618678
S1-321825889	S3-472276128,S3-869560455,S3-327686835,S2-608988827
S1-388507164	S3-394210380,S3-995623088,S3-633707436,S3-580995701,S3-663553914,S2-60436905,S3-325971953,S3-891891222
S1-337021163	S2-128718377,S3-937552602,S3-237678411
S1-575955656	S2-130439779,S3-441357272,S3-786228359,S2-449369644,S3-289588600,S3-262409808
S1-705677344	S2-565273859,S3-439529948,S3-565619012,S2-393289573,S2-358730461,S3-751746047,S3-317726374,S2-941468502,S2-558967568,S3-182673056
S1-493985363	S3-532990981,S2-449584968,S3-916182417,S2-147488433,S3-753272026
S1-307464396	S2-320169105,S2-391929553,S3-878834656,S2-120020364
S1-528548249	S3-741639308,S3-35744808,S2-88861489,S3-485852825,S2-861259824
S1-232204608	S3-540561154,S2-14477142,S2-306107798,S2-609082659,S3-899659539
S1-290176575	S3-678996625,S3-27986841
S1-555917187	S3-174902435,S2-390254797,S3-203625427
S1-766239781	S2-611998887,S3-766459838,S3-310500977,S3-556985714
S1-927444151	S3-640088097,S2-668121244,S3-754807503
S1-874053309	S2-804068613,S2-100209391,S2-416511911,S2-607546758,S3-229108919,S2-869246239
S1-648793119	S3-448526611,S3-752714048
S1-16940394	S3-109758890,S2-322178035,S3-956718026,S2-110096233
S1-658171306	S3-366731081,S3-885800675,S2-919181731
S1-939502579	S3-455189153
S1-816637655	S2-279114689,S3-969145046
S1-246219023	S2-389156313,S3-999404590,S2-972541094,S3-415254777,S3-104164057
S1-128375300	S2-969003727,S2-22587432,S2-858922279,S2-296148666,S3-363054273
S1-535548928	S3-854112988,S2-689332129,S3-193725530,S2-893729338,S3-510151105,S3-253923114
S1-177193455	S2-805967084,S2-319886266,S3-426824383,S3-327651936,S2-785520502,S3-515747572,S3-314874785,S3-947662787,S3-237453307,S3-639161665
S1-204942299	S3-404589516,S2-184713943,S3-850297089,S2-95952651,S3-935727507,S3-688211677
S1-228177533	S3-38284256,S3-120927852,S2-216261425,S2-456615774,S2-362670770,S3-205779579,S2-170984300,S2-713264333,S2-307884899,S3-48885027
S1-635175351	S3-830324446,S2-646498155
S1-868446826	S3-551343011,S3-701750243,S2-615188787
S1-575078315	S3-899552369,S2-123495316,S2-750373955,S2-93435973,S2-985106421,S3-396759133,S2-70956049,S2-204102792,S3-45752054,S2-447689565,S3-259596161,S3-761963228
S1-44946269	S3-43561816,S2-78308319,S2-897177790,S3-904653638,S2-162159903,S3-923841126,S3-74476603,S3-237822330
S1-429851261	S2-90223881,S3-746631397,S3-953267405,S3-914532981,S3-757289941
S1-923648013	S3-335727118,S2-621816992,S2-590185636,S2-27680111
S1-178572489	S2-6815124,S3-692147771,S3-413365684
S1-700683583	S3-817147155,S3-537598663,S3-136410026,S2-389125306,S2-978804308,S2-447313610
S1-215948660	S3-542881214,S2-784055130,S2-650004342,S3-303047762,S3-674236789
S1-714329849	S3-141240330,S2-227676758,S2-290116398,S3-29430395,S3-694227199,S3-769765020,S3-612714527
S1-322452675	S3-636614167,S2-427516526,S3-293224465,S3-276452645,S3-654135797
S1-993469683	S2-239519631,S2-64686849,S3-532900687,S3-859610125
S1-858558106	S3-176977274,S2-554608279,S3-793207490,S3-375732987
S1-994206564	S2-933372129,S2-381326257,S2-434032427,S3-44241202,S3-883708268
S1-774458452	S3-250416380,S3-285050834,S2-923918673,S3-189818970,S3-314247168,S3-444504307,S3-284616985,S3-930020705,S2-968154820,S2-802042312,S3-447814948
S1-641844231	S2-567662418,S2-68315748,S3-411418800,S3-548520637,S3-613445651,S2-53713520
S1-403671285	S3-753834225,S2-202316222,S3-666079051,S2-191932478,S3-198999356,S3-867600285,S3-707334557,S2-774918943
S1-337189608	S3-302079513,S2-90104860,S2-375551514,S2-74072773,S3-251153268
S1-448267460	S2-75297350,S2-17267219,S2-946274288,S2-199169193,S3-30496819,S2-409585491,S3-741372995,S3-163388064
S1-267914232	S3-46447333,S3-308067264,S3-950942842,S3-607639951,S3-119473696,S3-802692647
S1-48074803	S3-435259574,S3-354969289,S3-123116820,S3-987555939,S2-987138939,S3-774705073,S3-713788846
S1-521482584	S3-947909347
S1-966190490	S3-161356637,S2-656771053,S3-262137260,S3-744995697,S3-849905805
S1-600405366	S3-485489479,S2-331352669,S2-791957207,S2-810561715,S3-220981443,S2-228170314
S1-840497698	S3-565553438,S3-427659390,S3-690844856,S2-145645904,S3-276653919
S1-85452342	S2-408695812,S2-116275769,S3-574939626,S2-651668141,S3-749963974,S3-830832341,S3-248636621,S3-303807213,S3-508479619,S3-180431138
S1-79590561	S2-531158781,S2-553745274,S3-8250691,S3-842866122,S3-52177762
S1-157009161	S2-145044236,S2-741326252,S3-41745979,S3-8191291,S3-487749791
S1-960366103	S3-409232578,S2-515474376,S2-640873576,S2-208281996,S3-307812948,S2-377625976,S2-239988216,S2-827909770,S3-92880183,S3-62251816,S3-81933922
S1-900740725	
S1-850605679	S3-630750619,S2-241271308,S3-105332700
S1-341063793	S3-439636605,S3-407489369,S3-119929019,S2-211497651,S3-903692911,S3-108642249,S2-712236168,S2-719156320,S3-398003038,S3-229060446,S3-781813162
S1-390252121	S2-775499186,S3-100696658,S3-96368632,S2-724853339,S3-259634656
S1-692471807	S2-295271336,S3-738765441,S3-597250720,S3-868587327,S3-53979786,S3-318032940,S3-776452770,S3-338832582
S1-831923485	S2-749437333,S2-102160775,S3-91517615,S2-638069957
S1-179536424	S2-694447290,S2-803697460,S3-304119355,S2-562164202,S3-572261521,S2-367821874,S2-900259735
S1-731314679	S3-762520065
S1-459984140	S3-515089420,S3-523031322,S3-58635839,S3-429193116
S1-67169593	S3-336555406,S2-978572861,S2-514826855,S3-61895944,S3-173469254
S1-568095292	S2-131419536,S3-550671275,S2-337763273,S2-785102011
S1-533056362	S3-881458071,S3-484969922,S2-593255782,S3-189051028
S1-149277660	S3-82184737,S3-91768827,S3-232635206
S1-263775088	S3-434650134,S2-823982854,S2-65904955,S3-390354346
S1-901471406	S3-902468231,S3-124423065,S3-596665975,S3-873949203,S2-646371805
S1-402129124	S2-392737970,S3-240126339,S2-61249887,S2-997652753,S2-687898244,S2-489187685,S3-813929542,S2-262530089,S3-390697899
S1-299995446	S3-86407047,S2-272231520,S2-906304429,S3-126882943,S2-786758816,S3-753455057,S3-445494904,S2-19124316,S3-912965611,S2-255504871,S3-473474211,S2-733491385
S1-473872953	S2-32854722,S3-179097669,S2-221625816,S2-97668655,S3-899319896
S1-408224983	S3-714770348,S2-531118243,S2-593160787,S2-152094326,S3-985640731,S3-295107019,S3-976346249
S1-474752946	S2-526358528,S2-118582342,S2-569620857,S3-866108878
S1-506617149	S3-886163697,S3-181152837,S3-270090500,S3-157401739,S3-949908307
S1-156685442	S3-121481713,S2-253147214,S3-834072455,S3-645306560,S2-424057593
S1-927557769	S3-977986907,S2-303344714,S2-439953084,S3-322442005,S2-340760100,S3-892777689,S3-124779074,S3-313731452,S3-837177832,S2-596081513
S1-278899619	S2-852230971,S2-904157124,S3-8843346,S2-772576987,S3-138811074
S1-207804143	S3-805397421,S3-387871998
S1-336954819	S3-18016821,S2-803209553,S3-167954879,S3-906942376
S1-775107858	S3-519881626,S3-831222994,S3-400512672
S1-283538407	S2-67631654,S3-274842919,S3-74712448,S3-127535638,S2-745326297,S2-497629715,S2-337857323
S1-750864938	S3-929127091,S3-11160035,S3-395106705,S3-535753355,S2-95465081
S1-905916694	S2-436623554,S2-584191928,S3-913443019,S3-254384697,S3-483633930,S3-34373681
S1-628680569	S2-78647188,S2-861493807,S2-398936374,S3-217588740,S2-470989699,S2-574437696,S3-448854
S1-299677751	S3-465977923,S3-564009251,S3-996775482,S2-134967851,S3-353481810,S2-469413272
S1-454802421	S3-814957974,S2-497738385,S3-678901910,S3-935337554
S1-831268867	S2-38523570,S3-804174544,S3-86368824,S2-32548305,S2-419957165
S1-13263134	S2-493193236,S3-410632003,S2-828404686,S2-766338044,S2-90729985,S3-390107375,S2-374304328,S3-356713206,S3-298121928,S3-551918429
S1-570239793	S3-659872672
S1-833585060	S3-681885368,S2-87188878,S3-118327753,S3-772003410
S1-3548629	S3-305583405,S2-658842746,S3-350547035,S2-480078604,S2-238028155,S2-972519994,S3-417241210,S3-973471927,S2-790137467
S1-210978493	S3-608696109,S3-62000577,S3-314833941
S1-135099760	S2-999898449,S2-438957895,S2-984404520,S3-194751530
S1-74346191	S3-775088270,S3-658377567,S3-359614143,S3-913761948
S1-197981349	S2-187102312,S3-157798330,S2-480154634,S2-906515667,S3-360214098,S2-908341117,S3-683145188
S1-246771260	S3-541314746,S3-221760469,S3-782299928,S3-548286060
S1-347851016	S2-43611583,S3-500159484,S2-467537437
S1-434847246	S3-214479101,S2-805512032,S3-853576582,S3-599778924,S3-474077311
S1-551580984	S3-319257596,S3-729144185,S3-316219920,S2-292854138,S3-793640831
S1-438092418	S2-157429633,S3-314146238,S3-696619656
S1-826150712	S2-980470394,S2-73002548,S3-485937582,S2-246697067,S3-370044219,S3-807201388,S3-47458406
S1-769567685	S3-510645052,S2-768878768,S2-274958356,S2-258677257,S3-949165559,S3-692158449
S1-252068059	S2-254407164,S2-203823393,S3-330744896,S2-672485471
S1-38451528	S2-825667392,S3-956132515,S3-770668883,S3-395737543,S2-898943442,S3-361141357,S3-318953682
S1-136137906	S3-398636612,S3-774378995,S2-580572542
S1-678219668	S3-60142583,S3-848477613,S2-865607519,S3-147009475
S1-242765065	S2-277902398,S2-166666570,S2-223156718,S3-548799463,S3-465462213,S3-419547727
S1-429982774	S2-810725555,S2-570517467,S3-184551896,S3-611449084
S1-392877917	S2-99860542,S2-757955336,S2-577051763,S3-699455006,S3-116527247,S3-496544585,S3-736036074,S3-186306386,S3-930426837,S3-915376606,S3-864685316,S3-858382654
S1-726670510	S3-354033197,S2-492707873,S2-981953483,S2-582295889,S3-341506822
S1-232163492	S2-319084778,S3-901792409,S3-611963838
S1-9051645	S2-556142490,S2-385974872,S3-831725656,S3-766512393,S2-224676024,S3-729998200
S1-557325761	S2-281135741,S2-883092674,S2-612376395,S3-375974969,S3-673250188,S3-68697167
S1-848145225	S2-841588077,S2-599024482,S3-552106705,S3-649317410
S1-475756218	S3-128663214,S3-499862390,S2-505236256,S2-584851200,S3-769502117,S2-596528853,S3-409545550,S2-114890801,S3-615316004,S3-427683814,S3-187106397
S1-678942467	S2-219998216,S2-359637890,S3-49051007,S3-944475513,S2-259920891
S1-583499446	S2-676642873,S3-227057690,S2-303719889
S1-248931969	S3-475316081,S2-733255834,S3-136319369
S1-316484869	S3-310655902,S2-570780644,S2-922831854,S3-995378239,S2-349293977,S3-342867884
S1-265603031	S3-380629778,S2-831318641,S2-456803285,S3-672728225,S3-280276180
S1-572790160	S2-942745027,S3-837522257,S3-502487495,S3-311676931,S2-361422243,S2-69810509,S2-58319536,S2-357819643
S1-122342758	S2-149152860,S3-979597166,S2-748326019,S3-830509812,S2-784908705,S3-923168704,S2-751389220,S2-758068391
S1-906652330	S3-626966241,S3-567441263,S3-590323747,S2-836922979,S3-373519470,S2-925329494,S2-437612181,S3-104824031,S3-796052009,S3-728833216,S3-305390479,S2-497607433
S1-606348149	S2-777710173,S3-92378091,S3-470774766,S2-430591072,S3-101972013,S3-600946824
S1-118654142	S2-81506278,S3-995946074,S2-435921074,S2-920286068,S2-418312407,S3-326193990
S1-449967506	S3-189274309,S2-923889169,S3-432617000,S3-941675847
S1-335226101	S3-729927616,S3-304829152,S3-600123466,S2-331193380,S3-525475601
S1-450667949	S2-57232715,S3-32351980,S3-686366027,S3-309981922,S3-813975217,S3-948803821
S1-163450525	S2-396767762,S3-83658459,S2-813908128
S1-521489044	S3-201140568,S2-567817231,S2-409564599,S3-623719459
S1-678468445	S3-372783728,S2-969870416,S2-276277104,S3-918768096,S2-991786341
S1-950878680	S3-355992759,S2-874963451,S2-689557933,S3-687677244,S2-193497418,S3-189530666,S2-527772678,S2-583538161,S3-40700332,S2-881504870,S3-559055695
S1-860091475	S2-162681825,S3-806056253,S2-681398493,S2-350795636,S3-560759118,S3-967829364
S1-531755243	S2-834738977,S3-794220922,S2-788110714,S2-313785179,S2-91920723,S3-765183552
S1-8731816	S3-146497402,S2-799555245
S1-847840310	S2-550304518,S3-705380434,S3-227148478,S3-359968418,S2-385427899
S1-114167540	S2-168824038,S3-969954430,S2-886253700,S2-604951142,S3-826682548,S3-903772893,S3-17648303,S3-211930489
S1-516261021	S2-216202286,S3-240530611,S2-29910540,S2-605581805,S2-641789414,S3-650304410,S3-427128518,S2-414254935
S1-973310935	S2-772642820,S3-155456571
S1-92606707	S3-670008888,S3-651391392,S3-104188653,S3-815276742,S2-982401816
S1-326042432	S3-336043317,S3-562263739,S3-832809574,S3-956455070,S2-491029373,S3-51942073,S2-972244054
S1-26570538	S2-744102947,S2-431242966,S3-387029401,S3-566914488,S3-699317129,S3-740610317,S3-164341922
S1-816806651	S3-667248963,S3-255128248,S3-244475505,S3-644853857,S3-33433876,S3-604062801,S3-14537214,S3-715833062,S3-229909693,S2-789192096,S3-434283299,S3-699339933
S1-956145942	S3-210589755,S2-975715954,S2-311840384,S3-515611022,S2-623120129
S1-997853473	S2-142628493,S3-573163561,S3-77145691,S3-101591877,S2-230036940,S3-567798850,S2-822158016,S2-885090109,S2-575873656,S3-188083650,S2-752803988
S1-476732670	S2-403848502,S3-988667742,S3-633826172,S2-31831201,S3-847940788,S2-149890720,S2-934065624,S2-898850770
S1-470791690	S3-995747294,S2-930318806,S3-242260898,S3-909292686,S3-312902368,S3-832112617
S1-685756581	S3-921665173,S3-991692436,S2-120028544,S2-244895468
S1-427389120	S3-551480839,S2-513131284,S2-181366463,S2-573793729,S2-887125043,S3-430037435,S3-32631002,S3-479793375
S1-607475493	S2-999434733,S2-601636054,S3-105470514,S2-88936628,S3-520741208,S3-419518853,S2-512253778,S3-528759948,S3-327059511,S3-323597988
S1-78371793	S3-801445959,S2-750310615,S3-748151951,S2-452962764
S1-965957271	S3-550514139,S2-975728440,S2-477669495,S3-76219304,S2-276788614,S3-609576915
S1-728246746	S2-246656257,S2-164810061,S2-931239831,S3-792773315,S3-792574387,S3-113789859,S3-46737773,S3-226632089,S3-122549032
S1-333630891	S3-643228462,S2-566572292,S3-942437742,S2-248357850,S2-682992420,S2-189709095,S3-18376290,S2-470009162
S1-804423982	S2-545993901,S3-473445953,S3-288868529,S3-991129711,S3-759209902,S2-504140144,S2-771661691,S3-549277007,S3-892014896,S3-811451899
S1-538239829	S3-752487213,S2-45891498,S3-420022191,S3-486880597,S3-315010036,S3-113464810
S1-328584708	S2-44936449,S2-994157679,S3-791812744,S3-21739805
S1-466341745	S3-124918393,S2-63980780,S3-931313096,S2-978163055,S3-922233181
S1-883775116	S3-984710023,S3-395025487,S3-345949457
S1-67951250	S3-300172811,S3-26741355
S1-206502637	S2-120143915,S3-354833356,S3-614231051
S1-182502875	S3-906765108,S3-740528227,S2-756081498,S3-11422250,S2-534770919,S3-20694036,S3-301591414,S3-540149644
S1-49755442	
S1-537978025	S2-38925988,S2-804243648,S3-531319922,S2-585157169,S2-850995478,S3-467255906
S1-39974132	S3-175641417,S2-276359151,S2-692790457,S2-563228551,S3-917311853,S2-523348205
S1-293783230	S3-736576003,S3-636928586,S2-908552421,S2-390623502,S3-44754726
S1-907925633	S3-975273360,S3-617658706
S1-681116226	S3-533694810,S3-356499183,S3-470184178,S2-709908028
S1-708971705	S2-208223945,S3-114839419,S3-745024543,S2-997140456,S2-848492769,S3-278890520,S3-866255788,S2-783355018
S1-268343305	S2-745261737,S2-949521450,S3-26020664
S1-219817042	S2-590577458,S2-107597573,S2-151029398,S3-829918412,S3-509286034
S1-865132511	S3-482492626,S2-758746090,S2-536455889,S3-628133002,S2-730963454
S1-737783959	S2-31972416,S3-492667054,S3-630108597,S3-184229222
S1-235684588	S2-182694255,S3-337197489,S3-139436796,S3-571091635,S3-656202924
S1-393120433	S3-550543591,S2-763519087,S3-894292487,S3-196984820,S3-652042851,S3-193550485
S1-379796343	S3-846331766,S2-469908698,S2-79506854,S3-79506398,S2-499031049,S3-337334498,S3-874808191,S3-268593266,S3-682881878
S1-856849042	S3-232838196,S2-56217,S3-417241210,S3-158888297,S3-159159739,S3-251968866
S1-675821005	S3-267670944,S2-423164225,S3-650724427,S3-590691593
S1-276214128	S2-158650178,S3-132748039,S3-450248887,S3-386530479,S2-118957268,S3-692570591,S3-750215034,S3-903848625,S3-472277603,S3-326621827,S3-627471147
S1-837878496	S2-512940112,S3-494269088,S3-920595865,S3-25711665
S1-995124333	S3-116139054,S2-599089591,S2-838977694
S1-4143446	S3-126326022,S3-209626472,S2-249045743,S2-719782658,S3-9115595,S2-562475125,S2-126603673,S3-172832889,S2-226827427,S3-989151266,S3-625885917
S1-938258941	S2-570925225,S2-759515020,S3-383253637,S3-992638468,S3-815879244
S1-703850262	S3-458048677,S3-339640805,S3-30535652,S3-639201333,S3-925685428,S2-66583588,S3-838284542
S1-612029716	S3-897489276,S3-108579013,S3-823542199,S3-30863875,S2-678514000,S2-861357759
S1-73700971	S2-360126981,S3-547731147,S3-943577030,S3-417810704
S1-555775937	S2-485467092,S3-884798967,S3-329550375,S3-889399090
S1-260612252	S3-675161025,S3-150116009,S3-694452523,S2-155049595,S3-644747261
S1-159314474	S3-743285800,S2-940971323,S2-129397364
S1-263184862	S3-201361618,S3-305265851,S2-795279609,S2-389030695,S3-537864993,S2-35401171,S2-612590517,S3-866032101
S1-449171849	S2-535585895,S2-80471182,S3-129922629
S1-425858660	S3-973103061,S2-85759981,S3-888981937,S3-477902093,S3-679102874
S1-186556282	S3-321494440,S3-39910372,S3-194691412,S3-877247297
S1-927882225	S2-719039091,S2-180036124,S2-241607417,S3-733864325,S3-75074121,S2-883790319,S3-845532558,S2-80550113,S3-543184433,S3-167360586
S1-260837575	S3-632981198,S3-395541342,S3-691327074,S2-475802576,S3-70024190,S2-344663453,S2-733903617,S2-734318119,S2-224756574
S1-409479725	S3-873737853,S2-219473822,S3-510350504,S3-601005150
S1-458130772	S3-401496538,S2-654696050,S3-544784129,S2-326911068,S2-669782996,S3-840619091
S1-756828693	S3-259554320,S3-664930706,S3-981837549,S2-981854688,S3-840117775,S3-34029486,S3-242225375,S2-494248980,S3-625125838,S2-892641910
S1-601486176	
S1-406660914	S3-309258539,S2-581017106,S3-708335457
S1-572338294	S3-472890153,S2-575908687,S3-677841686
S1-914496453	S3-668449166,S2-70111476,S3-685524683,S3-559587482
S1-203076519	S3-747130104,S3-271550525,S3-470991012
S1-141216441	S3-757516597,S2-804544574,S3-992019660,S2-950730311,S2-748155927,S3-755702381,S2-841479705,S2-921511719,S3-237822330
S1-772104779	S3-183252884,S3-483452427,S3-873016576,S3-518613981,S3-843969625,S3-353523040,S3-522096065
S1-348573367	S2-936570299,S2-186451757,S2-202454392,S3-130012381
S1-657275121	S3-997877358,S2-174382102,S3-862430415,S3-569205644,S3-565581217,S3-804535034
S1-961914104	S2-562690810,S2-835454420,S3-725853936
S1-557030875	S3-97994565,S2-238128705,S3-426116939,S3-328761178,S2-196838184,S3-101166374
S1-909745869	S2-164830528,S3-968185535,S3-657900181,S2-652443779,S3-477493556,S3-637943257,S3-16872289,S3-253271590
S1-853521614	S3-30510368,S2-348400966,S2-478268981,S3-101785102,S3-709487984,S2-61430918,S3-620591203
S1-497812883	S3-560440423,S2-412056497,S2-18534171,S2-190148532
S1-492494206	S3-567647269,S3-794610558
S1-707183377	S2-552941032,S3-839476290,S2-613200448,S2-737490155,S3-239336562
S1-608419003	S3-472533661,S3-545786040,S3-769127860,S2-859040,S2-857829989,S3-487566694
S1-820703801	S2-856753651,S3-695141373,S3-900104050,S3-908923502,S3-609907650
S1-924840109	S3-496953384,S2-602683603,S2-24566996
S1-992932461	S3-589716038,S2-493600029,S2-795187268,S3-752490634,S3-629628545,S3-206428718,S3-507905291,S2-978379995,S3-60012969
S1-419929302	S2-143523217,S2-109359523,S2-261595004,S2-931239831,S2-164810061,S2-246656257,S2-157113643,S3-792574387,S2-392658536,S3-46737773,S3-226632089
S1-529656399	S3-90497274,S3-479270701,S3-730956834
S1-508815823	S2-762755911,S3-38293952,S2-275993556,S2-384364764,S3-766917644,S3-128587527,S3-793763466,S3-928194292
S1-17339381	S3-974717877,S3-894856546,S2-563877267,S2-412212736
S1-278478027	S2-661524117,S3-324918634,S3-211144714,S3-203209265,S2-776923742,S3-500087741
S1-647658706	S2-599426049,S2-48559863,S3-911416476,S3-968834705
S1-396779207	S2-613358318,S3-979836391,S2-94293805,S3-154987881,S3-376368661
S1-705603372	S3-579339074,S2-838891807,S3-732768300,S3-128749383,S3-878652636,S3-234111408,S3-660554740
S1-771130174	S2-655035294,S2-97357534,S2-513043645,S3-753815382
S1-804534185	S2-683905700,S3-89613638,S3-3120996,S2-204992475
S1-403395550	S2-735605107,S3-451215478,S3-335370218,S3-787775142,S3-446232899,S2-572254589,S3-154801996,S3-1938628,S3-532375784,S3-487955596,S3-248711604,S3-791833888
S1-600793393	S2-953142680,S3-361309277,S2-796907541
S1-469177694	S3-673641166,S3-319741604,S2-13854658,S2-413882032,S3-495162941,S3-38793967,S3-707737790,S3-964461370
S1-205556070	S3-672470239,S3-12995531,S2-629679345,S2-504637723,S3-545023441,S3-703777878
S1-843554261	S3-755704601,S2-756646063,S3-895870679,S3-530761959,S3-764577159,S2-977448684,S3-468629581,S3-45593575,S3-645824099
S1-207369509	S3-780836909,S2-924524647,S3-198682902,S2-922422447
S1-295699995	S2-468055761,S3-411258655,S3-754891140,S3-735089102,S3-293185328,S3-444764644,S3-309444703,S3-46637979,S2-863368890,S3-926866834
S1-422578216	S3-859706782,S2-60067533,S3-985170616,S3-879190797
S1-689012189	S2-784795250,S2-411181925,S3-698580445,S3-840408484
S1-913463340	S3-917123375,S2-886451008,S3-207072645,S3-865178570,S3-596402082,S3-425713165
S1-565584575	S2-509741227,S2-395001271,S3-260601987,S2-730188901,S3-168244976,S3-827293878,S2-440331623,S2-65929463,S2-14391205,S2-469318847,S3-995662512
S1-433887168	S2-5885077,S2-251603668,S3-453649493,S3-762875991
S1-566540458	S2-488017296,S2-264792193,S3-89751108,S2-922303748,S3-155252607,S3-856838046,S3-500104062,S2-576863807,S2-982622259,S3-384165752,S3-645093030,S3-472277603
S1-869626749	S2-911593432,S2-891228190,S3-704819067,S3-438984705,S3-936566168
S1-485102954	S3-300070774,S2-622526788
S1-223059131	S2-949327327,S2-171968922,S2-704318111,S3-510841593,S2-547005732,S2-955255026,S3-335808893,S2-250522953,S3-500733886,S3-8732505,S3-445736898
S1-839446795	S3-289089438,S2-521708549,S3-617076200,S2-533351851,S2-546801287,S3-393215091
S1-938016124	S2-357388842,S2-375630511,S2-282879903,S3-830013682,S2-275945493
S1-583032127	S3-525774617,S2-706707839,S2-491550449,S2-221527230,S2-686746858,S3-378463403
S1-971850426	S3-723937680,S3-875418524,S3-272562284,S2-868808009,S2-189249623,S3-273293364,S3-17847585,S3-934377327,S2-40457265,S3-686364458
S1-281577804	S2-646602089,S3-204387385,S2-119640899
S1-964959625	S3-827284810,S3-609970541,S3-644694442,S3-356975623,S2-314018699
S1-324535341	S2-79091032,S3-330536440,S3-271498462,S2-73666459,S3-582654758
S1-620010152	S2-655963922,S2-690533791,S2-479583104,S2-280406436,S2-365393794,S2-219188685,S3-774242809,S3-97067516,S2-286864297,S3-814144050
S1-278936782	S3-87507226,S3-164614097
S1-122018139	S3-217730112,S3-978909795
S1-150365666	S3-879951555,S2-431962544,S3-627039120,S2-202585553,S3-670292674,S3-382922042,S2-93566511
S1-834364441	S3-884546836,S3-13581509,S3-347547777,S3-163113738
S1-646017281	S3-408461172,S2-511401429,S3-415719516,S2-677690130,S3-507015004,S3-543358331
S1-423268484	S2-791883901,S3-334008947,S3-330764985,S3-146984888
S1-823382531	S3-518233005,S2-922841164
S1-606754081	S2-443474831,S3-846332715,S3-132196782
S1-569075241	S3-24550145,S3-845587217,S3-123629502,S2-184041246,S2-58603250,S3-667936492
S1-387025203	S2-841523102,S3-108735165,S3-743047776,S3-411767661
S1-733420249	S3-265522376,S3-280962405,S3-453272218,S3-414771375,S3-864065894,S2-687075586
S1-522410040	S3-777776407,S2-951046730,S3-425957040,S3-627725485,S2-543043722,S2-96322811
S1-184077174	S2-383184868,S3-595120597,S3-372941318,S3-27535292,S3-18016421
S1-699895565	S2-58991285,S3-29462844,S3-373464074
S1-323331156	S3-114410098,S2-226721420,S3-602735984,S3-291881538
S1-535345810	S3-250896381,S3-321324638,S2-880320440,S3-120106750,S3-650427412
S1-834525567	S2-823050918,S3-102807295,S2-552230257
S1-298362412	S2-245381934,S3-900231579,S2-959190899,S3-988574281,S3-70801018,S3-23042961
S1-145229828	S2-273449110,S3-883537086
S1-307567613	S3-644712688,S2-701379839,S2-27531173,S2-481790904,S3-118714667
S1-360391513	S3-427757469,S3-583055599,S2-236533399,S3-949953896
S1-538969745	S2-297818426,S3-137354937
S1-457520836	S2-843944038,S2-570320804,S3-690787248,S3-124102856,S3-942138810,S3-886611851
S1-972838933	S3-606938390,S2-660118278,S3-629662654,S2-397795815
S1-618465663	S2-25656570,S2-141983633,S2-453604183,S3-558420456,S3-458794808,S3-994023109
S1-61656646	S3-53664355,S2-200336056,S3-515199403,S2-441531526,S3-313030800
S1-9436160	S2-52793225,S3-392530123,S2-25179500
S1-545321896	S2-384952128,S3-988558941,S2-884459234,S3-164215290
S1-373253945	S3-138669247,S2-769574940,S3-274045243,S3-642956091,S3-45473193
S1-901870264	S2-997155792,S2-910364903,S2-892738776,S3-623470954,S2-746387496,S3-204306304
S1-78965932	S2-525769609,S2-253765531,S2-237522117,S2-543958417,S3-694789390,S2-388318330,S3-383752042,S3-977145323,S3-578536023,S2-883459319,S3-857942793,S3-983867742
S1-463776677	S3-311381475,S2-905974886,S2-288267116,S3-712586299
S1-986762816	S3-644161360,S2-809488344,S3-577735983,S3-194711304,S2-558449915,S2-657898363,S3-354568457,S3-475146541,S3-430955167,S3-314225772,S3-157897048,S3-556398217
S1-459468808	S2-39134479,S2-268916198,S2-122416738,S2-856814654,S3-819756618,S3-838314808,S2-279285159
S1-615363988	S2-34922783
S1-992327757	S3-56730723,S3-906727409,S2-399986773,S2-119962883,S3-842894258
S1-871204465	S3-321900489,S2-975514368,S2-772915689,S2-10540479,S3-392511906,S3-123507236
S1-600909980	S2-215154061,S2-261574554,S3-883782733,S3-114151898,S2-958041515
S1-985868749	S2-642339279,S3-670542935,S2-696389485,S3-804772733
S1-644418417	S2-435110781,S2-381032674,S3-841415294,S3-534853497,S3-76680972,S2-321777552,S3-520591726,S2-321856819,S3-952343046,S2-827222613,S3-231554031
S1-539994201	S3-676249043,S3-551287121,S3-276697509,S2-51056919,S2-111926939
S1-171098288	S3-29157747,S3-749537717,S2-363526913,S3-321525087,S3-321590353,S3-933477154,S3-532768675
S1-865528756	S2-338764419,S3-537065584,S3-269019737,S3-416559965,S3-436234942,S3-462475674,S3-883105840
S1-734373273	S3-309484449,S2-165114401
S1-707898770	S2-465077582,S2-222401160,S2-780453288,S3-706040638,S3-828689689
S1-83379425	S3-345582727,S3-968232165,S3-270407490,S2-153066287,S3-23084592
S1-783498394	S2-59042412,S3-986619380,S3-717303156,S3-918967845,S2-46409838
S1-906300413	S3-924724479,S2-558099852,S2-148947973,S2-611422313,S3-85316668
S1-201589786	S3-941023426,S2-498719715,S2-383673483,S3-25185072
S1-276942364	S3-27049682,S3-278450541,S2-947804591,S2-529676902,S3-196653322,S3-462450978
S1-570702581	S2-933684850,S3-18309148,S3-20632095
S1-354159326	S3-104809090,S3-928957046,S3-302030556,S3-694751234,S3-122700056,S2-818320567,S2-833467366
S1-261029096	S2-269992751,S3-397083010,S2-47605246,S3-223840749,S3-900213955,S3-330819140
S1-229872103	S3-440006005,S3-444758189,S3-519832390,S3-802421780,S2-332839077
S1-672103505	S2-908757137,S3-108710826,S2-940863920,S2-616623402
S1-817548736	S2-758900770,S2-318725180,S3-81250956,S3-475401625,S3-652660737,S3-120967877,S3-189547455,S3-892265455,S3-828383270,S3-272531643,S2-531752415,S3-329084521
S1-361599216	S3-736838401,S3-27022976,S2-902494262,S3-33545718,S3-477284323
S1-549471501	S3-774426125,S3-394861510,S2-420365818,S2-761669406,S3-136422350,S3-178324047
S1-18602285	S3-668294824,S2-560248805,S2-271193460,S3-487662703
S1-358105252	S3-248600078,S3-542509955,S2-952476815,S2-125603729,S2-14438916,S2-586980827,S3-754272409,S2-14854593,S3-31637104,S3-357988775,S3-49022363,S3-303434999
S1-731721138	S3-869123557,S3-739905947,S2-335498934,S3-267485921,S3-755745394,S2-701271922,S2-946216627,S3-728644475,S2-154488075,S2-239184544,S2-660403209,S2-159375449
S1-236185281	S2-791048504,S2-139554860
S1-592730731	S3-499078401,S3-869352865,S3-827860755,S2-763515328,S2-916526804,S3-47164265
S1-9710670	S3-485149110,S2-165227999,S3-272016456,S3-79169363,S3-391086263
S1-76088178	S2-890190817,S2-585644379,S2-66330214,S3-801790859,S3-896829051,S3-232223454,S3-483231166,S3-949263206,S3-438138646,S3-563794937,S3-503441922
S1-594764079	S3-156465470,S2-300304536,S2-429691184,S3-874821817
S1-292999318	S3-878914482,S3-18998480,S3-35938545,S2-132486627,S3-989334247,S3-596171939
S1-139372519	S3-397220590,S3-902741549,S2-706385117,S2-922967635,S3-255919494
S1-680362689	S3-265115193,S3-781387640,S3-754403649,S3-987591748,S3-337933932,S2-795872120,S3-150729261,S2-678799554,S2-419834252,S2-630726155
S1-858030780	S3-463294510,S2-5526122,S2-846679946
S1-806577663	S3-809028941
S1-980838135	S3-138194486,S3-64951940,S3-496830951
S1-344013091	S2-963761540,S2-802246205,S2-850609905,S3-9146571
S1-801846444	S2-993973556,S3-430333678,S3-83125055,S3-932933295
S1-184984458	S3-956225183,S3-907517573,S3-685622034,S2-165374877
S1-400298705	S3-449694728,S3-979467764,S2-101107900,S2-288024875,S2-784875252,S3-26745008,S2-617277861,S2-832841058
S1-50243752	S2-968075822,S3-98296762,S2-852898988,S3-197376910,S3-178295247,S3-290141999,S2-862317826,S3-214448312,S2-854878263,S2-826457426
S1-871677113	S3-222476730,S2-279209434,S3-759162115,S2-207079577,S2-9323988
S1-598698415	S3-376456486,S3-576866747,S3-657437712,S3-464956037,S3-647268149,S3-247581406,S2-615001395,S2-645790709,S2-654945418,S3-437670808,S3-9197944,S3-646569779
S1-321942839	S2-311156113,S2-633414553,S3-305766553
S1-90460152	S2-682331969,S3-24522702,S2-186959597,S2-396027106,S2-858770352,S3-993074718,S2-116515051,S3-911581177,S3-621591184,S3-399908304
S1-917024362	S3-707245357,S2-81873457,S2-345095474,S3-766191527,S2-141282079
S1-728956560	S3-245078048,S3-961212732,S2-495510829
S1-607166149	S2-726853650,S2-664689223,S3-40805692,S3-431063471
S1-345526341	S3-591408248,S3-940100467,S2-760850220,S2-500052541,S2-413460342,S2-264895478,S3-20446587,S3-104328591,S3-391376183,S3-52877452,S3-800750533,S3-948069897
S1-616169476	S2-617072557,S2-894999566,S3-85827187,S3-163301852
S1-460668187	S3-920152151,S2-153574412,S3-695713794,S3-586762301,S3-160557300
S1-767245156	S3-344546365,S3-161536027,S2-294212938
S1-72834693	S3-542422917,S3-501962281,S2-440831747,S2-422251997,S3-338622292,S2-50027753,S3-550595604
S1-957815349	S2-729432095,S2-986403311,S2-694562937,S2-343466684,S3-977120547,S3-584027866
S1-738605979	S3-62463112,S3-783549361,S2-125665033
S1-105975825	S3-406538475
S1-610417761	S2-463744293,S3-927032694,S2-988490419
S1-894099948	S3-610595484,S3-47508426,S2-155546364,S2-244272910,S2-395662718,S3-605656055,S3-914794733,S2-307313316
S1-332179110	S3-875210903,S3-652646400,S3-307751051,S3-656930432
S1-503983890	S2-748001786,S2-596162755,S2-309307657,S3-754588963,S3-788291476,S2-537777397,S3-669615040
S1-290950404	S2-302781702,S2-431680099,S2-543162507,S3-485929164
S1-747127174	S3-123253332,S3-324290479,S2-665052863,S3-972072964,S3-181637043,S3-858055036
S1-261504277	S2-595815132,S2-440102864,S3-562062196
S1-606632043	S2-408018987,S3-502646491,S2-555907506,S2-165376687,S2-727546126
S1-731120400	S3-4482895,S2-172618073,S2-852618143,S2-892268315,S2-220264539,S2-143399968,S2-273562857,S3-413156128,S3-776452770
S1-428075120	S2-563798298,S2-116470877,S2-197195695,S3-228199901,S3-831153218
S1-324498270	S2-973097571,S3-725506075,S3-289787827,S2-775830572,S3-668190321
S1-352399946	S2-299902197
S1-33604489	S3-519846659,S2-163764760,S3-30923141,S3-845979878,S3-577716112,S3-340586780
S1-152365295	S2-731597506,S3-760205276,S2-661202982,S2-980841047,S3-776552740,S3-750385347
S1-381368347	S3-638256840,S2-567856099,S2-767103321,S2-828300941,S2-439303039,S3-98495064
S1-543112947	S2-465067790,S2-256851794,S3-147253146,S3-306967417,S3-457470871,S2-564762796,S2-381442525,S3-598985548,S2-768306108,S2-975520069,S2-83561006
S1-893755394	S2-888898916,S3-122519950,S3-776640113,S3-164524756,S3-644953171,S3-848447618,S3-669053901,S3-297983272,S2-840584024
S1-647815909	S3-814190818,S3-763600268,S3-676796032,S3-136641189
S1-904611805	S2-831318641,S2-456803285,S3-380629778,S3-695646735,S3-672728225,S2-406504643,S3-566483359
S1-753162385	S3-44382424,S2-649932122,S3-787016925,S3-99553447,S3-641618523,S2-437977517,S2-515842880
S1-629135150	S3-14415061,S2-757243098,S2-260950253,S3-702399584,S2-107951129,S3-57405498
S1-654486422	S3-310500977,S3-267917144,S2-143399968,S3-597250720,S3-338832582,S3-53979786,S3-868587327,S3-776452770
S1-73870849	S3-508789526,S3-34488061
S1-360389411	S3-953669544,S2-612716637,S3-381862262,S3-533814521
S1-997054700	S2-780718547,S2-451806780,S3-756234126,S3-408312549,S3-781292829
S1-411913157	S3-658474949,S2-610378307,S3-790316350,S2-423243830
S1-844343235	S3-323642239,S3-119679588,S3-498334565,S3-313760860,S3-652120046,S3-87165128,S3-945395662
S1-370228771	S2-299860569,S2-473788458,S2-631205049
S1-31396737	S2-161835898,S2-866703373,S3-364585405,S2-829138489,S2-123993496,S3-913735175,S3-542186720,S3-209395916,S2-177305947,S3-360468322,S3-850262871,S2-467924384
S1-641743540	S3-192038145,S2-947000003,S2-774737704,S3-997337944,S3-744081581
S1-663566990	S3-449543360,S2-158323213,S3-295420477,S2-509888919
S1-254542316	S3-28359278,S2-330885698,S3-172209136,S2-919818298,S3-955891032,S3-280885574
S1-104767232	S3-760242664,S2-78370090,S3-642084781
S1-737240408	S2-154074070,S2-320406938,S2-299297409,S3-462333239
S1-688199693	S3-194147303,S2-617431807,S2-10399889,S2-755575422
S1-252195050	S3-125427401,S2-462220154,S3-660677824,S2-834748243,S3-689643061,S2-772132673,S2-731908299
S1-643026199	S3-220985285,S2-694318216,S3-103962395,S3-355641770,S2-503813897,S3-213233645,S3-247425259,S3-692710838
S1-876061583	S3-472600611,S2-711429167
S1-241547898	S3-241890837,S3-188576630,S2-579812712,S3-381840117,S3-799586325
S1-935415775	S2-13967969,S3-302693509,S3-471432884,S3-201120195
S1-103295692	S3-142247088,S2-573124792,S2-356566482,S2-779844621
S1-285272643	S3-574804948,S2-179409343,S2-385474178,S3-767211613,S3-827543964,S3-233476543
S1-958711840	S2-720648880,S3-848465473,S3-586929450
S1-782112135	S2-600384774,S2-686408920,S2-56429291,S3-77973272,S3-362266397,S3-765258203,S3-561262017,S2-353045228
S1-936631391	S3-434878082,S2-620021141,S3-865511843,S3-887340252
S1-63379836	S2-282097056,S3-178182617,S3-377958453,S3-75629681,S3-886603406,S3-114035091
S1-794561761	S3-50466165,S3-808621810,S3-804987761,S3-331277785,S3-204021511,S3-965253027,S3-681100879
S1-330558948	S3-536901460,S2-962670011,S3-744754502,S2-800045419,S3-790627175,S2-366224139
S1-224371638	S3-187271291,S3-969834626,S2-285415221,S3-607952474,S2-375258545
S1-156481503	S2-113513319,S2-153723729,S3-411871915,S3-308351951,S3-836069652
S1-634485775	S2-267418731,S2-177415405,S3-711216531,S2-732267425,S3-752638344,S3-775656656,S2-560659454,S3-646675907
S1-830248765	S3-144475463,S3-982139714,S2-57466426
S1-512116789	S2-947566712,S3-351045993,S2-738981469
S1-150486795	S2-611885125,S3-720931075,S3-378671890,S2-675634121
S1-235658619	S2-821958577,S3-272959365,S2-208548321,S3-923197980,S3-559853611,S3-724336909,S2-349400725,S3-33946707
S1-243317267	S3-944290813,S2-578222796,S3-670998686,S3-824580245,S3-806866488,S3-909801789
S1-906440938	S3-75939762,S3-240955016,S2-876998365,S3-125502210
S1-569175291	S3-395227440,S3-37586428,S2-353249862,S3-963553409,S3-62559745,S2-595171569,S3-814633749,S3-911552414,S3-315406388
S1-725815126	S2-713406983,S3-616447572,S3-292320472,S2-721738506,S2-59861022,S3-949983776
S1-830156452	S2-524065292,S2-985619202,S3-215960399,S3-149144148,S3-794610558,S3-251842832,S2-557274652
S1-852048742	S3-906873854,S2-104197737,S3-213399634,S2-440813731,S3-714210770,S3-78423306,S3-813397949,S2-877263362
S1-14679085	S2-213432042,S3-156570813,S2-174092619,S3-466526234,S2-829671788,S3-27597590,S3-509762241,S3-265877417
S1-536988629	S2-751623861,S2-250968543,S3-896559826,S3-287071360
S1-247228116	S3-212627730,S3-821338841,S2-723069634,S2-14085993,S3-488968233,S3-829814204,S3-983919838
S1-237497188	S3-650436149,S3-912463651,S3-535971810,S3-638011274,S2-265886715,S2-372318734
S1-808227752	S3-169077515,S3-755386040,S3-770616759,S3-72571664,S3-974694386
S1-304646283	S2-446064984,S2-108764578
S1-584868770	S3-20757242,S2-149314240,S3-160796701,S3-684822352
S1-639093227	S2-682717498,S3-745568941,S2-674980854,S3-194631509,S3-628945090,S3-529342587
S1-754720042	S3-575709960,S3-433033913,S2-307712402
S1-21237982	S2-848136207,S2-249827644,S3-198392106,S3-646860274,S3-992528350,S3-823335565,S3-412200275,S2-430616080,S3-236948123,S2-866878380,S2-863250733
S1-911587206	S2-607144922,S3-639950067,S2-712772587
S1-91413486	S2-615247909,S2-724245280,S3-836068282,S3-166165694
S1-252481833	S3-348874211,S3-309567359,S2-642024348,S2-946135961,S2-340316446,S3-504981206,S3-97592228
S1-108644217	S3-706017122,S3-696295096,S3-866383999,S3-191743557,S2-129701181,S2-44286145,S3-994211823
S1-672969733	S3-456474253,S3-951183823,S2-963818373,S3-442381279,S3-599481754,S2-817393136,S2-255181610
S1-224954566	S3-615313129
S1-648145738	S3-899244963,S2-736957946,S2-14411989,S3-792982252
S1-661292108	S3-603332356,S2-955269038,S2-425572415,S2-789583868,S2-409661411,S3-917644692
S1-446005547	S3-507837741,S3-433612316,S2-643075424
S1-503788700	S3-720518471,S3-9115595,S2-562475125,S2-126603673,S3-172832889,S2-226827427,S3-773709194,S3-209118903
S1-922315905	S2-223354961,S3-52876723,S3-123155899
S1-60552004	S3-425080338,S3-67311706,S3-632397487
S1-629861538	S3-362996326,S2-686072594,S2-813548629
S1-248290307	S2-898522985,S3-250303114,S3-949643507
S1-398700586	S3-733045774,S3-305468180,S2-725660224,S3-284051743,S3-746567199,S3-447126534
S1-527612742	S2-29354120,S2-510887716,S2-461416985,S3-42580211
S1-387007925	S2-745181062,S2-634453292,S2-136083256,S2-669326522,S3-747293244,S3-278462205,S3-817156655,S3-978262156
S1-75191209	S3-248815302,S2-679320791,S2-820492419,S2-567385786,S3-306331630,S2-39355981,S2-92856366
S1-706685411	S3-302698411,S3-548674660,S3-490642580,S2-551841846,S2-86609928,S2-890001854,S3-42291717,S2-137449382,S2-860961346,S2-493735309,S3-385794465,S2-844651474
S1-727874334	S2-486723432,S3-273978790,S3-372273442,S3-393438586,S2-633510309
S1-292081721	S2-438220015,S2-260472485,S2-723365345,S2-980009286,S2-306140052,S3-263655826,S3-23265006,S3-771031812,S3-368213220,S3-549617585
S1-131816947	S2-219957582,S3-320590225,S2-918087669,S2-713590209,S2-518727730,S3-597489312
S1-521615251	S2-744323310,S3-992224394,S2-648126271,S3-114587359,S3-496649622,S3-709677600,S2-468566031
S1-955654853	S2-418650948,S2-636599947,S2-615543906,S2-45668039
S1-733230953	S3-67892571,S3-697589372
S1-688555353	S3-290707880,S2-819407568,S2-820428038,S3-138128980,S3-551422076,S3-357907669,S3-762774633,S3-556856614
S1-42665313	S2-366092575,S2-115807023,S2-329962639,S2-958225473,S3-524082504,S2-193159313,S3-318407282,S3-849904655
S1-563149240	S3-974003527,S2-467626831,S3-143264625,S2-712512602,S2-40883993,S3-439200822
S1-600280570	S3-118146386,S2-524296559,S3-169343517,S3-936006963,S3-994046067,S2-395342409,S2-66104490
S1-414638369	S2-378721506,S3-234545859,S2-164490641,S2-575122763,S2-791976508,S3-285890225,S2-445358414,S2-211375380,S3-651441138,S3-297192156,S3-7285193
S1-976610203	S3-736311229,S2-640655627,S3-819981660,S3-632635633,S2-83576907,S3-502519225
S1-686540917	S2-313797631,S2-80057265,S2-247039652,S3-13401503,S3-456120253,S3-622195119,S3-499610883,S2-48947987,S2-911709988,S2-988236439,S3-840563949
S1-77057709	S3-339791984,S2-428840614,S3-76052698,S3-686974805,S3-814719587
S1-752708586	S2-751519979,S3-359181240,S3-593741011,S3-389854463
S1-583834139	S2-293438744,S3-973488144,S3-682240584,S2-622125158,S3-894233461,S2-278677821,S2-576571240,S3-296017447,S3-918268080
S1-487924033	S2-542773217,S3-270269238,S3-885544611,S3-771520104,S3-783509287,S3-30020904,S3-139718608
S1-165104436	S3-758644388,S2-91406560,S2-321541953,S3-64068723,S3-10406885,S3-405387849
S1-225796865	S2-127115440,S2-635802268,S3-586294198,S3-982477799,S3-274002525
S1-801053745	S2-753994813,S3-834768632,S3-697418013
S1-241040514	S3-427296983,S2-67105187,S2-477522406,S2-837572525,S2-845921551,S3-630915285,S2-149090258,S2-204434348
S1-620502712	S2-508292428,S2-431490210,S2-699922207,S3-917881504,S3-215391333,S2-115485263,S3-707984161,S2-183731022
S1-697371108	S3-559507569,S2-795992840,S2-131875042,S3-300900878,S3-326884898
S1-297220011	S3-728354617,S2-804536408,S3-578799271,S2-587526757,S2-28958116,S3-421605557,S3-150289152
S1-172127346	S3-396036126,S2-745642507,S2-283223974,S2-200290398
S1-462255345	S3-493265747,S3-496011742,S3-775691997,S2-312797855,S2-20095155,S3-924271678,S2-357203910
S1-436294840	S3-817060818,S3-696434530,S2-457260443
S1-497620088	S3-269382367,S3-314309329,S2-482269956,S3-325108359,S2-507234120,S3-990005376,S3-807745497,S3-791580053
S1-895742586	S2-583756386,S3-60016859,S2-305686851,S2-215954495,S3-622174789,S2-64518457,S3-598894901
S1-746752622	S2-904109931,S2-56757614,S3-533324005,S3-705672916,S3-980609577,S3-532419166
S1-262614015	S3-767883399,S2-501396422,S3-645007827,S2-785824811,S2-816529758,S2-797055261
S1-490124385	S2-808365187,S2-968443503,S3-380598414,S3-496616634
S1-10981175	S2-870632952,S2-404035531,S3-112357914,S3-65079300,S3-604123951,S3-301640218
S1-402605415	S3-101989714,S2-317044891,S2-104812488
S1-82945427	S3-526974560,S2-544793531,S3-432636695,S2-704759669,S3-71106611,S2-950690484
S1-586306176	S2-281127445,S3-93032828,S3-35372749,S2-895605246,S3-616568209,S2-475962263,S3-441629859
S1-756550594	S3-433484535,S3-252795868,S3-750588128,S3-207458468,S3-323306977
S1-811788748	S2-7563951,S3-366069167,S3-736185245,S3-358845256,S3-474017427,S3-622075889
S1-218695538	S3-183367030,S3-840397951,S2-775567709,S2-54320757,S2-415886584,S2-692589333
S1-517949344	S3-153355841,S3-488025891,S3-789960856,S2-162639402,S2-226750516,S3-761894528
S1-948075425	S3-47238361,S3-174635546
S1-879389329	S3-861690302,S3-861068211,S3-733138525,S2-804860636,S2-607058407,S3-311210715,S3-389832534,S3-848130780
S1-470647256	S3-767839945
S1-644561190	S3-549520150,S3-716502440,S3-350392459,S3-191446610,S2-357862570,S3-781827843,S3-769149897
S1-365987062	S2-613276570,S2-778315481,S2-571212678,S2-75065655,S3-728837336,S2-832991833
S1-873747778	S3-369863815,S2-833384233,S3-209358115,S2-334364208
S1-490710521	S3-587685110,S2-619149875,S2-310449126,S3-24744706
S1-283559796	S3-818921250,S3-149390113,S3-102844634
S1-595979657	S2-759844720,S2-859946931,S3-501946126,S3-621698593,S3-331906561
S1-287636395	S3-442479504,S3-251647929,S2-108550605,S2-608921576,S3-158193480,S2-530080254,S3-862459660,S3-809141046,S3-336986507
S1-552052093	S2-275980368,S2-88754844,S2-491807838,S3-664579649,S3-411146098
S1-44825451	S3-540673759,S2-41155952,S3-490686534,S2-501765879,S2-856073573,S2-270371555,S3-584495729,S2-836799898,S3-409262760
S1-387647858	S3-594063276,S2-823307685,S3-147101382,S3-299523207,S2-90718833
S1-773318881	S2-324424142,S2-334188093,S3-433364289,S3-443906981,S3-793034463,S3-692487492
S1-33017980	S2-906747692,S2-45822116,S3-518859062,S2-386836727,S2-258576388,S3-814291031,S3-414158655
S1-13725965	S3-909528304,S3-112609760,S2-523907649,S2-59882510,S2-96843443,S3-61939704
S1-109641889	S2-999779269,S2-752658967,S2-355556384,S3-120083089,S2-426012601,S3-331222248,S3-497752996,S2-801148383
S1-333348301	S3-139788528,S3-475176571,S3-240250500,S3-757899683
S1-596389295	S2-600405584,S3-484894381,S2-835829267,S2-560120046,S3-548049895
S1-194343073	S3-680945471,S2-989640067,S3-233013483,S2-651705496,S3-131276995
S1-336152543	S2-833341158
S1-755026238	S3-674460203,S3-803735942,S3-875134566,S3-855481721,S3-556802484,S3-836092848
S1-921472883	S2-193631717,S3-352829469,S2-329848480,S2-93462236,S3-961631121,S2-152961340,S2-6957114,S3-610517895
S1-628563780	S3-145293340,S3-607852613
S1-528612247	S2-63039624,S3-122429065,S2-818449511,S3-616009655,S2-271479986
S1-325608211	S2-645512491,S2-612596368
S1-46623715	S3-543319658,S3-884169353,S3-337976698,S2-898385238,S2-173142815,S2-7129834,S2-923803528,S2-96171452,S2-825775100,S3-285382833
S1-350918063	S3-830328683,S3-111795220,S3-377155776,S3-332347544,S2-918913816
S1-493253612	S2-22613913,S3-873309191,S2-155073882,S3-572995242,S3-384156135,S3-497237080
S1-998460575	S3-899317390,S2-85017772,S3-248396519
S1-626640921	S3-713964683,S3-174799345,S3-175407543,S3-68340037,S3-527312406,S2-621850827,S3-266357044
S1-603264258	S2-992826760,S3-236229000,S3-110492074,S3-339939603,S3-173909664,S2-73676032,S3-490235932,S2-674489163
S1-829166142	S2-434004522,S3-55531174,S2-117667932,S2-559316751,S2-376707754,S3-116517149
S1-536020925	S3-198725002,S3-13355236,S2-680410467
S1-263474173	S2-701703790,S3-839474642,S2-111632544
S1-474172740	S2-118782110,S3-146409962,S2-925670000
S1-363602843	S2-990718055,S3-902963454
S1-662374899	S3-321107217,S3-353590893,S3-824047628
S1-947868950	S3-94764525,S2-872809510,S2-257402411,S2-802531187,S3-226459713,S2-75218663,S3-297918160,S2-244609259,S3-268979363,S3-74714164
S1-199060579	S3-746221353,S2-663417543,S3-819297018,S3-644206148,S3-413174814,S3-652292989
S1-915527840	S3-447267461,S2-900350328,S2-884986025,S2-911115944,S3-498334565,S3-313760860,S3-644729639,S3-740340656,S3-652120046,S3-654805450
S1-168549051	S3-21519205,S3-789515434,S3-85769081,S3-925743345,S3-839440144
S1-861100110	S3-411312807,S3-256909290,S3-632945672,S3-999131033,S3-412311904,S3-694379377
S1-377846202	S2-143009446,S3-131350664,S3-411364939,S3-98127137,S3-307281050
S1-125952499	S3-290526658,S2-420514806,S2-762131972,S2-783093238,S3-221876870,S3-403558954
S1-227222686	S2-59571506,S3-452925541,S3-493424623,S2-165182195,S3-844270467
S1-985309692	S2-303852859,S3-652441898,S3-391148897,S3-492161978,S3-426211686,S2-900894082
S1-564116899	S2-286235934,S3-343859134,S2-248718848,S2-80849653,S2-658082394,S3-746163471,S3-557396380,S2-340148702,S3-659987365
S1-916575962	S3-948074527,S3-852345794,S2-623640691,S3-268611297,S3-891912507,S3-605146617,S3-527977749,S3-929796431
S1-600561344	S2-631235560,S2-948687385,S2-353803091,S3-15327949,S3-127788425
S1-239475266	S3-609532051,S2-762672398,S3-132637628,S3-600835018
S1-48747549	S2-67818957,S2-86577883,S3-430292528,S3-194631837,S3-597225934,S2-218694838,S3-989406823
S1-928345305	S3-271843343
S1-204464643	S3-267509120,S3-214668661,S2-679237546,S2-708204104
S1-647789499	S3-442089279,S2-813867956,S3-780963826,S3-390843519,S3-921470462,S2-137001637
S1-561742839	S2-473866304,S3-149875385,S3-721413247,S2-205870258
S1-918052091	S2-103716937,S2-678787001,S2-119306158,S3-521796462,S2-433225393
S1-276158488	S3-57506920,S3-687675334,S2-492926339,S3-345118797
S1-240218187	S3-367528198,S2-432218898,S2-701992217,S2-278006087,S3-565160911,S2-925789966,S2-372854093,S2-639814528,S3-188805051,S3-879003920
S1-444941176	S3-513395273,S3-847731973,S3-681409421
S1-690237392	S2-355747732,S3-999546009,S2-336956351,S3-265670227
S1-337510150	S2-892702885
S1-147450568	S2-445099501,S3-288550148,S3-141569121,S2-267048510,S3-972253814
S1-191634263	S2-775591222,S3-139410066
S1-744052941	S3-978089488,S2-93874580,S3-97410383,S3-397330872,S2-28163126,S3-159394679,S3-660952475,S3-395361892,S3-385823711,S2-364266095,S3-843904268,S3-457102306
S1-679809740	S3-750825482,S3-107253908,S2-686016062,S3-972057713,S3-315073938,S2-490807882,S3-940852138,S2-260097575,S2-528528957,S2-869010337,S3-38986766,S2-328722639
S1-526867784	S3-486268251,S3-758350888,S2-932183351,S3-948538173,S3-832383200
S1-877495214	S3-432764146,S3-484608455,S3-464820572,S2-382307778,S3-368395176,S3-695299102
S1-529172004	S2-215441163,S2-603372170,S3-887253257,S3-642288198,S2-438271469,S2-916233678,S3-992557448,S3-641953187
S1-678508415	S2-595523642,S2-334648548,S2-609269991,S3-373747336,S3-450493052
S1-698689512	S3-612869185,S3-950623410,S2-415909037,S3-921124321,S2-488417776,S3-640235289,S3-273228772,S2-768924271,S3-439616799,S3-600380915
S1-339792863	S2-626786793,S3-59945776,S2-18069777,S2-483349226,S2-223216235,S2-967137974,S2-201293622,S3-75425520,S3-139914017,S3-720574772,S3-130677338
S1-954388560	S3-293754973,S3-692902234,S2-304532155
S1-675998552	S2-713088943,S3-585415418,S3-638551167,S3-858098012,S2-481752322,S3-844211036,S3-793746109,S2-58851532,S3-50816681,S3-453033649
S1-264304236	S2-204175604,S3-883169012,S2-523519098,S2-882983166,S3-787295611
S1-802451476	S2-447005730,S2-525167364,S3-682322762,S3-494222603,S3-170334969,S3-439515983
S1-941347586	S3-669279663,S2-589369831,S2-146981646,S3-923594234,S3-994385955
S1-899882894	S2-46451257,S3-419827930,S3-656531577,S3-57800555,S3-767868551,S3-595535996
S1-673153647	S2-46784989,S2-414526026,S3-176230037,S2-553499080,S3-876453080,S3-527276375
S1-712510857	S2-700682926,S2-405429266,S3-822911839,S3-219100728,S3-661879892,S3-222630268,S3-220285202,S3-402785730,S2-733535861
S1-58920105	S3-631851498,S2-786991737,S3-550579062,S3-314335778,S3-179456669,S3-563211515,S3-962706775
S1-101740731	S2-172382643,S2-174151957,S3-708025854,S3-846436232,S2-681813623,S2-557910651,S2-70019194,S3-879947291,S3-854524469
S1-380513982	S3-778056465,S3-146737063,S2-319654114,S2-476356546,S3-89304410
S1-233846577	S2-917095355,S2-37617463,S3-150139813,S2-12301222
S1-274063051	S3-514480091,S2-190167543,S3-142842996,S3-229230716,S3-307728121
S1-849369234	S3-963882351,S2-682331225,S2-990982921,S2-959085336,S3-231164696,S3-3031518
S1-602287969	S2-681813623,S3-18230594,S2-173272097
S1-296341423	S2-226649075,S3-345423101,S3-215384429,S3-89344666,S3-12564639,S3-348818455
S1-448804054	S3-446087133,S2-558090170,S2-326127791,S3-712916909,S3-743373774,S3-190505109,S2-350965318,S3-991730947,S3-369267147,S3-356516712,S3-965718527,S3-162821571
S1-324095800	S3-722717035,S3-926954172,S3-699070139
S1-54009750	S2-260521283,S2-137468091,S3-232451242,S2-211261651,S3-982354606
S1-35384274	S2-800981335,S2-430742114,S3-839440144
S1-212231406	S3-234738580,S2-578750317,S2-253857221,S2-725548568,S3-406710050,S2-360852105
S1-28666330	S3-898984479,S3-493296944,S3-920686647,S3-138701456,S3-516684569,S3-76982709
S1-566366140	S3-752567799,S2-39932866,S3-674545482,S3-675484136,S3-691010334
S1-771368017	S3-3532782,S3-427133967,S3-6899704,S2-259771583,S2-713451446,S3-802138092
S1-822332610	S2-172265510,S3-287135710,S2-337454545,S3-796024349,S2-121060807,S3-766822002,S3-883836451
S1-876532311	S2-392387109,S3-231313720,S3-438515866,S3-79695331,S2-57989995,S3-706399945
S1-188567558	S3-979039903,S3-140542637,S2-717132488,S3-994152542,S3-903893838
S1-810916940	S2-658420463,S3-808561407,S3-947675514
S1-103166552	S3-440291884,S3-228454212
S1-170859973	S3-181171504,S2-902036638,S3-413473634
S1-457103886	S2-531655989,S2-33879359,S2-479011425,S3-860498345,S3-214458970
S1-373371820	S3-580970953,S2-373451381,S3-186830373
S1-967787797	S3-100631333,S3-504288758
S1-562917545	S2-813704655,S3-985356983,S2-755443275
S1-341468873	S3-350700022,S2-153073307,S3-166084099
S1-94292397	S2-633014343,S3-485190014,S3-989834315,S2-939648562
S1-5941610	S3-242439711,S3-274809517,S2-913744130,S3-900014573
S1-22566246	S2-783432362,S3-922753681,S2-458207971,S3-741491307,S2-779544769,S3-58396908,S3-604147654,S2-872588642,S3-22136056,S3-732486833,S3-437854459
S1-497369489	S3-692907175,S3-937407642,S3-706165624,S2-685322654
S1-420375567	S2-805157145,S3-329804036,S3-674010984,S3-782227968,S2-892785475,S3-122909798
S1-502674167	S3-294773665,S3-976333763,S3-709387913,S3-552995555,S3-992666471,S2-863281562,S3-534659548,S3-381547149,S2-314073052,S2-624520511
S1-821375423	S3-253376139,S3-204435914,S2-394143140,S3-941535118
S1-953251791	S3-127304525,S3-409550080,S2-795054716,S2-283020257,S3-279267678,S2-54943980,S3-313760860,S3-498334565,S3-652120046,S2-971084160
S1-392673447	S2-23018905,S3-101761106,S2-362758761,S2-761678663,S3-397512573,S2-148201575
S1-754010939	S2-783026268,S2-949117776,S3-861259247,S3-24123956,S3-926610768
S1-823803332	S3-405499556,S3-530912607,S2-236617840,S3-4737109,S3-686825114
S1-519660405	S3-578321607,S3-675464393
S1-324370531	S2-535621542,S3-981003350,S2-794495103,S3-352612033
S1-567550420	S2-485140871,S2-464358235,S3-751474150,S2-730115883,S2-761871600,S2-715504100,S3-667119938,S2-39989231
S1-366566283	S2-381164237
S1-366568350	S3-935797260
S1-206291632	S3-511578145,S3-466136492,S3-940981656,S3-507823424
S1-916785800	S3-507146467,S3-640636579,S2-317756324,S2-285763836,S2-529930537,S3-732678807,S3-778847179,S3-738062779
S1-297826923	S2-46475613,S2-87920070,S3-693453175
S1-70117435	S3-624349027,S2-70009131,S2-470149585
S1-998398396	S2-818679439,S3-217353590,S2-83766011,S2-899023412,S3-218624576,S3-760626835,S3-539575966,S3-195929716,S3-181678743
S1-881072058	S2-539431539,S2-386597913,S3-591854066,S2-836885814,S3-39601962
S1-737543910	S3-75667501,S3-18831706,S3-47084830,S2-853494789,S3-207002903
S1-236537476	S2-760225692,S2-385674132,S3-610822916,S2-740134211
S1-194352096	S2-520266820,S3-305816919
S1-251336895	S2-765681333,S2-668591246,S3-948037151,S3-925705316
S1-966384008	S3-262135678,S3-781589887,S2-587175773,S3-413782070,S3-941835252,S2-245882463,S3-904653638
S1-946141508	S2-590617700,S2-192752576,S3-198846188,S3-160213379
S1-296102744	S3-630892516,S2-783840890,S2-625263119,S3-751892125
S1-744444429	S2-845050220,S2-106095851,S3-493860317,S2-260982493
S1-95547571	S3-381563905,S3-668899121
S1-235849615	S2-330660434,S3-137080741,S2-728126805,S3-563488704,S3-430037435
S1-752039138	S2-540139970,S3-924588068,S3-445257653,S3-776181766,S2-695484387,S3-977579909,S2-709976226,S2-717762618
S1-50206704	S3-951206398,S3-247588389,S2-30394377,S2-620694988,S3-248781089,S3-341685446,S3-707490255,S3-265758651,S3-200364785,S3-516780252,S3-667141634,S2-414360330
S1-512173527	S2-595451238,S3-408079085,S2-463960434,S2-582363901,S3-478088772,S3-102434605,S3-866251753,S3-138559576
S1-665099659	
S1-988241951	S2-616327311,S2-883066017,S3-957978915,S3-93766396,S2-102281299
S1-682136106	S2-160646190,S3-822821135,S2-529390221,S3-676481665
S1-73091612	S2-125026720,S3-333536011,S3-127447546,S2-195682852,S2-38201378,S3-946831776
S1-791524462	S3-987443694,S2-882598490,S2-715785709,S2-867217271,S2-221621725,S3-826056128,S3-184609622
S1-791679666	S3-68289829,S2-135083365,S3-858408374,S3-139062987,S3-673201111,S3-602536146,S2-707898731,S3-592394414
S1-843921839	S3-720766153,S2-411047868,S3-985511875
S1-852890634	S3-223140910,S3-226393567
S1-746885449	S2-974812745,S3-842483559,S3-853851802
S1-121871847	S2-15642395,S2-778235434,S3-583277453,S3-482599460,S3-773488065
S1-699987255	S2-461108661,S3-48313467,S3-343366138,S3-331250708
S1-420200038	S2-186317062,S3-875708816,S3-771503016,S3-716524687,S3-458976250
S1-775496488	S2-960648693,S3-808431770,S3-721988780
S1-770322523	S3-303857981,S3-158136773,S3-226385613,S3-242819685,S2-980730160,S2-922083366,S2-634900464,S3-848994868,S2-978549076,S3-621713051
S1-298717636	S2-475885495,S2-235455406,S2-312356421,S2-58213036
S1-810339465	S3-525792567,S3-478049579,S2-679150957,S3-488026051,S2-713182740
S1-46515805	S3-404511937,S2-775486173,S3-68420537,S3-108113253,S3-4147166,S3-163506449
S1-678994081	S3-166475919,S2-354783972,S3-503858711,S2-291464427,S2-998269132,S2-32480730,S2-262790128
S1-192179066	S2-815925803,S3-107343721,S3-202582323,S2-104254184,S2-822580117,S2-861972520,S3-765093570,S3-530054246,S3-260996013
S1-304161945	S3-137423414,S3-916411244,S3-234369272,S3-695057290,S3-76680972,S2-128341906,S3-534853497,S3-520591726,S2-321856819,S2-220386352
S1-464304619	S3-136722307,S2-705219993,S2-904355011,S2-969360999
S1-220323729	S2-999444728,S3-238830332,S2-296889455,S3-596490123,S2-953834670,S3-146634071
S1-155008716	S3-429951374,S2-395281737,S3-454755846,S2-547053636,S3-780924439,S2-983612352
S1-739737336	S3-833271577,S3-698465135
S1-948904670	S2-136023624,S2-114471902,S2-874943469,S2-406971866
S1-653509301	S3-492260907,S2-698437246
S1-618708781	S2-962906023,S3-304036108,S3-896633548,S3-496674470,S3-420876918
S1-996440673	S3-672414452,S3-772441983,S3-453507610,S2-853828808,S2-141455352,S2-495295882,S3-84254427,S3-565948698
S1-998608754	S2-585304719,S3-884430037,S3-771879503,S3-310970796
S1-160523670	S3-898182163,S3-313381568,S2-84231164,S3-877116344
S1-403620074	S2-683554764,S3-800489027
S1-642418104	S2-431147094,S2-865696810,S3-2170522,S2-488229385,S3-623501294,S2-322061714,S3-27081177,S3-129519012,S3-810950187,S3-399344088,S3-949118634
S1-25787022	S3-781021994,S3-155803908,S2-333707647,S3-186380493
S1-492673642	S2-80157887,S2-907194436,S3-570435507,S3-195766351,S3-305511009
S1-205309033	S3-553066616,S2-205578771
S1-324416566	S3-112964951,S2-216986601
S1-568911579	S3-800814626,S2-468784346,S2-483505855,S3-845355789,S3-590814888,S3-399793964,S2-725703179,S3-680739586,S3-532780649,S2-141226038,S3-252590279,S2-413825380
S1-600766140	S3-251407105,S2-489773275,S3-727928559,S2-232301532
S1-16139337	S3-155900185,S2-43856394,S2-396605240,S2-625288807,S2-35433881,S2-687386952,S3-565863738,S3-675776597
S1-607966851	S2-232635348,S3-450485700,S2-464263010,S3-389132536,S3-94918377,S3-97297485,S3-694803447
S1-51750115	S3-289188212,S3-501288469,S3-416700531,S2-932011692,S3-321454046,S3-803697680,S3-210409593,S3-8312998
S1-225618497	S3-191518748,S2-52037278,S3-777141023,S2-330439039,S2-72025762,S3-423063532,S2-401331969,S2-763458286,S3-764908402
S1-942397490	S2-90237210,S2-172617552,S3-715038776,S2-519098046
S1-185081423	S3-110605715,S3-682821547,S3-367109994,S3-96433288,S2-476373950
S1-107065684	S3-302866799,S3-408785303,S3-913958932,S3-306842619,S2-483212444,S3-730373403,S3-219456887,S3-167939264,S3-905061564
S1-913169659	S2-651823332,S3-682447419,S3-223230966,S2-17193825,S2-848460918
S1-3078790	S3-778724194,S2-741892126,S3-800719109,S3-338228894,S3-342024117,S3-890552897,S2-190589646
S1-856358436	S2-541190275,S3-825395776,S2-518776773,S3-281444550,S3-832724197
S1-601734009	S2-886846070,S2-621490640,S3-331790504,S2-384648900,S3-815062743
S1-732561712	S3-634559409,S3-375644963,S3-51072523,S2-332559516,S2-364897017,S3-988285256,S3-324177741
S1-602840790	S3-752742321,S2-590841042
S1-77161439	S2-365684930,S2-253964179,S3-305955816,S3-348592408,S2-200067481,S2-446363795,S3-419344534
S1-799494943	S3-760149697,S2-531315434,S2-589134399,S3-607600657,S3-641278077
S1-830349135	S2-228139333,S2-762495073,S2-869385108,S3-574267883,S3-540070571,S3-199675144
S1-303778185	S2-152097413,S3-69287906
S1-560995875	S3-970961486,S3-104115592
S1-327498387	S2-903846146,S3-694482976,S2-569617315,S3-114022775,S2-78011792
S1-266627430	S2-485010102,S2-34620504,S3-84782690,S3-1907260
S1-553023395	S2-20531048,S2-676340820,S3-978909795,S2-801139515
S1-406935524	S2-940215226,S3-633315097,S3-423817338,S3-503750410
S1-388600682	S2-715732233,S3-881875786,S3-578101034
S1-846779599	S3-299969439,S2-609960816,S3-114259471,S2-840371659,S2-712869614,S3-649134660,S3-715145649,S3-263527739,S3-632398164,S2-540033245,S3-267903200,S2-472752469
S1-207571911	S3-887688736,S2-765155798
S1-431077991	S2-84597364,S3-93535873,S3-23208438,S2-833500273,S3-322958600,S3-510898051,S3-912012163,S3-764191604,S3-564193218,S3-704653141
S1-309050179	S2-202635467,S3-575463457,S2-484228373
S1-215516049	S2-999713023,S3-17293446,S2-861257630
S1-302755292	S3-529788568,S3-182040980,S3-718745259,S2-375959525,S3-182925925,S2-492559575,S3-641840840,S3-620040917,S3-82766012
S1-326127297	S3-758535197,S3-241722753,S3-51259675,S3-600672208,S3-460550361,S3-450638082,S2-32880316
S1-540271882	S3-612106588,S2-525892954,S2-452895362,S3-142070206,S3-213544878,S2-240451177,S3-6338115,S2-865399701
S1-923381931	S2-271396323,S3-781504754,S3-336307245,S2-908844344,S3-354511380
S1-215790192	S2-562156366,S2-958718034
S1-163544211	S2-577418688,S2-280880505,S3-248202207,S2-882860035,S3-509067412,S2-492676251,S2-541313346
S1-390719693	S2-678189083,S2-49071928,S3-332738847,S3-935622423,S3-550716479,S3-232308971,S2-999472177,S3-925877245,S2-986903664
S1-10399974	S2-591843851,S2-740711038,S2-44715562,S3-619878912
S1-844292915	S2-812506448,S3-562523422,S3-181569455,S3-357972753,S2-377373482
S1-967028009	S2-219212367,S2-135917834,S2-732837946,S3-878470387,S3-289940111,S2-753574078,S3-699456319
S1-479555773	S3-41107703,S3-423898823,S2-430362071
S1-359195269	S3-978049720,S3-160381081,S3-914119353,S2-794848133,S2-406521799
S1-439981214	S3-696250450,S3-856584084,S2-928674826,S3-85289989,S2-725569623,S2-18323394,S2-49090692,S3-483434205,S3-476250315,S3-544725327,S3-88373875
S1-634764863	S3-796667034,S3-705116675,S2-534727281,S2-343489160,S3-592943979,S2-114878040,S3-71358705
S1-820683293	S3-327324087,S3-183429121,S3-850847840,S3-849155035,S3-137079488,S2-455953968,S2-500619861,S2-995999585,S2-5498419,S3-859472769,S2-275145636
S1-115559038	S2-311210848,S3-591398725,S3-110158836,S3-777868894,S3-682985518
S1-812167714	S2-82218847,S2-884495552,S2-81483963,S2-146208420,S2-320584270,S3-642096136,S2-696536120,S2-702989438,S2-143480668,S2-908709469,S3-682945197
S1-742554200	S3-972036910,S3-429547861,S3-760594467,S2-152235770,S3-552206274,S3-88569341,S2-478720831,S2-445019662,S3-55237369
S1-607593857	S2-225038134,S2-283994382,S3-274811955,S3-500582650
S1-508801769	S2-851987558,S2-129295393,S2-858624253,S2-155623830
S1-558064307	S2-146510521,S2-822450878,S3-166085544,S3-433359203,S3-203541893,S3-991579290,S3-921320373
S1-898947890	S2-293460546,S2-828974170,S3-731188563,S3-904403807,S2-598459660,S2-110965961,S3-872041742
S1-723193003	S3-522571032,S2-419613449,S3-928098247,S3-623844197
S1-683469235	S2-1569732,S2-346639801,S2-106907230,S2-406902970,S2-932669075,S2-494028115,S2-67996491,S2-376612199,S2-353589787,S2-983016842
S1-366218531	S2-433564153,S2-6520497,S2-746112345,S3-133206017
S1-729139935	S2-983191136,S3-491034963,S3-773068501,S3-472086651,S3-271952060,S2-629791411,S2-610560590
S1-382369917	S2-54421459,S2-220880327,S3-438070213,S3-469953161,S3-566886956,S3-215477293,S2-448625278,S2-657039247,S3-294006606,S3-767098261
S1-909477585	S2-878964206,S3-461903994,S3-523590384
S1-787135439	S3-243956039,S2-330411170,S2-475310658,S3-757175571
S1-679163581	S3-82094653,S3-755814082,S3-156556876
S1-919181184	S2-166344535,S3-458645129,S3-706941198
S1-402174224	S2-747349927,S2-620842791,S3-692817962,S3-884341804,S3-199226733,S3-281379920
S1-679205019	S3-561343540
S1-410250623	S3-595765681,S2-781410689,S3-606217734,S3-68674779,S2-924611363,S2-612149522
S1-777231906	S3-286622942,S2-990023077,S2-917544036
S1-551954783	S2-223134899,S2-663958531,S3-625663118,S3-305135275,S3-967482972,S3-207770697,S3-484923712
S1-39677770	S2-709754374,S3-305182814,S3-847875938,S2-624433250
S1-354170724	S2-689304624,S2-931473257,S3-246253219,S3-634297767
S1-478167659	S2-35431791,S2-11468154,S3-954740478,S3-883449893
S1-637851222	S2-246535532,S3-734702373,S2-864893067,S2-762385219,S2-575439398,S2-348267596
S1-505763648	S3-357015129,S2-76755360,S2-726430765,S2-162286641,S3-854471279,S3-362054929
S1-998766330	S2-624326988,S2-509047957,S2-678975506,S3-294248329,S3-130272444,S3-556042642
S1-574051238	S2-793498184,S2-627310589,S3-993199127,S3-560874538,S2-588347951,S3-21752199,S2-67995225
S1-489390303	S3-749112096,S2-425857852,S3-937437615,S3-336891052,S3-548117166,S3-755365353
S1-598909400	S3-65142546,S2-536473293,S3-629378341,S2-576668090,S3-460698807
S1-715847600	S3-304379196,S2-390256796,S3-233447411,S3-549447054,S3-40484195
S1-732812992	S3-302646292,S3-835891373,S2-478444109,S2-543879616,S3-495192936,S3-501364167,S2-790190158
S1-705842662	S2-692106460,S2-246173899,S2-541912120,S3-301293850,S3-665978805
S1-140424239	S2-691971616,S3-387771901,S2-524944291,S3-914322627
S1-986226976	S2-419002188,S2-916362849,S3-282429729,S2-151893429,S3-725499695,S2-906222802,S3-34117692,S3-981868980
S1-152242221	S3-573223578,S3-250887534,S2-137687473,S3-371451990,S3-96119256,S3-754932185,S3-836860672
S1-268847598	S3-352439932,S3-552141084,S3-520430506,S3-741979438,S3-422922241,S3-928207574,S3-202670366,S3-146440687,S3-116317135,S3-567285581,S2-731267853,S3-174685103
S1-485358472	S3-370767632,S2-126126065,S3-669362441,S2-480699846,S3-607294435,S3-751246640
S1-614656267	S3-156031211,S2-531794348
S1-306547736	S2-533596295,S3-36892081
S1-685295297	S2-689534989,S3-344783272,S3-49354920,S3-634638124
S1-519265207	S2-940472573,S3-449956974,S2-912452802,S2-581064969,S2-175935227,S3-344465295,S2-15574385,S2-566168505,S3-261166467,S3-108355761,S3-286185218,S3-240700912
S1-189515270	S2-430988172,S2-590833980,S3-937901660,S3-829055062
S1-417222362	S2-164012757,S2-156518117,S3-467543734,S2-536961053,S2-702551578,S3-182132563
S1-241000339	S2-972273280,S2-469765490,S2-345279195
S1-517952569	S3-479826270,S2-128592795,S3-824217752
S1-796747712	S3-127574189,S2-471309232,S2-464880039,S3-177633092,S3-740302490
S1-11073851	S2-35375531,S3-751879174,S2-172766011
S1-319433869	S3-884337814,S2-600426166,S2-730386288
S1-727856659	S3-887452137,S2-359986119,S3-969421422,S3-613281090,S3-33433876,S3-644853857,S3-364257746,S3-604062801,S2-186740315,S2-84648616
S1-263168682	S2-419307992,S2-538266948
S1-621417630	S3-119723945,S2-296654067,S3-707164712,S2-614192667,S2-85397964,S2-433966888,S3-216552337,S2-433778338
S1-54599556	S3-462432835,S2-181777887,S3-372701140,S2-240997191,S3-200837561,S3-708476832
S1-428560303	S3-140036653,S3-314501291,S2-391348104
S1-117766623	S3-653256989,S2-386652102,S2-953181972,S2-504524825,S3-248342444
S1-306922503	S2-155705503,S2-62582466,S3-595228121,S3-507660232,S2-845719484,S3-935505951,S3-730602539
S1-513897683	S3-841127440,S2-808479866,S3-259350634
S1-51476992	S2-742541661,S3-515948323,S2-583924030,S3-834175537
S1-62648139	S3-861586744,S2-57972206,S3-682607388,S3-566691573,S2-689315322,S3-164999684,S2-175308195,S2-265802583,S2-479485009,S2-626258773,S3-423357347,S2-5319186
S1-46766328	S3-790111959,S3-438745897,S3-881700534,S3-156617998,S3-282411490,S3-284185359,S3-16673758
S1-134122288	S3-116887713,S2-806498938,S3-157444020,S2-445136922,S3-622602747,S3-882583790,S3-316574749
S1-220193920	S3-877849367,S3-399757319,S2-780336622,S3-734216208,S2-147169177,S3-545769851,S3-370841189,S2-667379918,S2-394978450,S2-509498721,S3-705076537
S1-92942472	S3-959808764,S2-731209652,S2-365303637,S2-498614957,S3-306367350,S3-329436458,S3-575662858,S3-390697899,S3-52421047
S1-381271606	S2-564808849,S2-55976117
S1-665033244	S2-895653816,S3-330114091,S2-762837264,S2-284508930,S3-796465063,S2-599199091,S3-398303053,S2-371261564,S3-68907765,S2-589699792,S3-988067628
S1-477529781	S2-878245490,S2-488948723,S3-625192238,S2-742976257,S2-553635666,S2-93278413
S1-128257856	S2-369998037,S2-896674920,S3-645112063
S1-436068165	S3-926806223,S3-331220131,S2-166997195,S2-374436427,S3-467922797,S3-860555584,S2-286875185,S3-107457544,S3-168223469
S1-861477697	S2-352376656,S3-862266062,S3-570674199,S3-99584532
S1-275231855	S3-997888817,S3-623736289,S2-882064953,S3-772651970
S1-693993540	S3-133407149,S3-834731620
S1-787610485	S2-361547428,S2-584539052,S3-463231647,S2-540564967,S3-422892084
S1-640676538	S2-389342287,S2-453785951,S2-398816848,S3-585177153
S1-100320435	S3-926395862,S2-721801310,S3-494220497,S3-306700759,S3-457176689,S2-922421156
S1-889145385	S2-63022548,S3-419251962,S3-177912242
S1-735986438	S3-976524341,S3-859384247,S2-370255312,S2-437001316,S2-890252692,S2-228733964,S2-226349900,S2-716288408,S3-89857770,S2-50044648
S1-790133811	S2-955539389,S2-407643471,S3-967149883,S3-271462402,S3-431264055,S3-117195366,S2-421769005,S2-704294141,S2-148107004,S3-416802588,S3-930922888
S1-521034659	S2-460799619,S3-992174831,S3-876948048,S2-28375262,S3-453527149
S1-106713544	S3-738088222,S2-813437984,S3-968236407
S1-457340810	S3-531132689,S2-462958877,S3-321666466
S1-429358703	S3-349174296,S2-213917877,S2-985554120,S2-650733333,S2-624616213
S1-759894026	S3-799201351,S3-19924000,S3-733952038,S2-590438317,S3-154678012
S1-8496376	S2-71197549
S1-930941828	S3-26100707,S2-521014736,S3-65836016,S2-882118284,S3-668789123,S3-604490852
S1-987688762	S3-758186068
S1-940747860	S3-771565249,S3-856492270,S2-550190497,S3-334764188,S3-604012414
S1-674808035	S3-711762848,S2-623100230,S2-682152778,S3-664294000,S3-217315630,S2-493616219,S2-628172928
S1-368040910	S3-937731644,S3-910402986,S2-135685471,S3-356894606,S3-802975997
S1-520587521	S3-342380220,S2-317883177,S2-19634548,S2-847595120,S2-679801857,S3-557836778,S3-289485804
S1-464199162	S2-25967455,S3-515212797,S2-88354141,S2-16904423,S3-551418351,S3-144423298,S3-591485608
S1-792996791	S2-227729960,S3-140192795
S1-760241428	S2-50061987,S2-990374512,S3-186427167
S1-273955974	S3-584456896,S2-667203414
S1-749839535	S3-816151806,S3-894592847,S3-137171630,S2-419869878
S1-851078815	S2-855348473,S2-89200974,S2-474376412,S3-266894402,S3-399579855,S3-271475049,S2-620243443,S3-603938236,S3-691327074
S1-230765721	S3-830377805,S2-376069932,S3-684119274,S3-466561034,S3-418012772,S3-639335764,S3-196730372,S3-785538855
S1-258848162	S2-560053590,S3-791323213,S3-347078759,S3-442976030,S3-127644855
S1-385954406	S2-68759549,S2-304259379,S3-825777043,S3-190617407,S3-126489018,S3-327082977,S3-300610969,S3-761181505,S3-697495232,S3-348399813
S1-218549558	S2-872529642,S2-243457705,S2-687189207,S3-319045059,S3-374483172,S3-944626799,S3-33679218
S1-171165517	S2-979758563,S3-939963388,S3-882195670,S2-268473467,S2-240225044
S1-760784764	S2-670567854,S2-379499289,S2-225744455,S3-175023115,S3-717211181
S1-952970176	S2-252210735,S3-267250923,S3-21086990,S2-73968500
S1-439759537	S2-187760301,S2-3342062,S3-57978107,S3-297047622,S3-215275729,S3-319992441,S3-84693167,S2-327374287,S3-458760926
S1-261245139	S2-768227919,S2-501754756,S3-887231514,S3-47880729
S1-535548690	S2-993594469,S3-536867922,S2-580834333,S2-424749015
S1-615832111	S3-561130621,S3-161899233,S3-407960725,S2-843546157,S2-341059407,S3-753147554,S2-301746174
S1-263289064	S3-94445243,S2-362425750,S3-227049726,S3-189085963,S3-953253219
S1-201563762	S3-558173024,S3-959338445,S3-510665652,S3-798440386,S2-492612753
S1-974786169	S3-653550673,S3-439448396,S3-246080159
S1-125733604	S2-855988001,S2-774741194,S3-45039302,S2-70023561,S2-415720234,S2-706220774,S3-176176911,S2-734695076,S3-252576766
S1-143433633	S2-260432621,S3-684829330,S2-689446559,S2-646856479,S2-777972031,S2-958035345,S2-426808541,S3-121099117,S3-684805645,S2-593401866,S2-346621661,S3-111708558
S1-623330075	S2-669300160,S2-889179437,S3-189308109,S3-327482079,S3-113690208
S1-638994271	S3-59508014,S3-750464248,S3-558150564,S3-43230864,S3-31549949,S3-252110336,S3-613430360
S1-130431247	S3-635381714,S3-912947351,S3-302253089,S3-333699899,S3-773581392,S2-446611266
S1-530200999	S2-563793605,S3-922961220,S2-900784152,S3-356274338,S3-486296257
S1-502872698	S3-682335206,S2-680753284,S3-594357174,S2-649714805,S3-751368068,S3-934014553
S1-255135985	S3-635241483,S2-843608192,S2-216244662,S2-950970750,S2-858297922,S3-627606588
S1-535328381	S3-883632340,S2-902618588,S3-196441588
S1-377874863	S3-604047428,S2-947572001,S3-886713197,S2-688722790,S2-378815043
S1-450610488	S3-60053013,S2-906137019,S3-212007059
S1-458445180	S3-372557668,S2-596065122,S2-431400953
S1-718579751	S3-399279500,S3-451029392
S1-219703096	S3-33921643,S2-250910065,S3-774475775,S2-22631082,S3-745126709
S1-232141	S3-168079952,S2-824311140,S2-389235174,S2-194441636,S3-213325543,S3-201750537,S3-896433749,S2-30829436,S2-588198929
S1-587122656	S2-17227695
S1-622437801	S3-344750992,S2-119300703,S3-485427595,S3-813589290,S3-499307120,S3-16370576
S1-51597865	S3-258329610,S3-79172417,S3-672033421,S3-981995933,S2-989568202
S1-838919799	S2-305475290,S2-793273021,S3-929397380,S3-369450501,S3-189014709
S1-142540527	S3-298692337,S3-633828782,S3-58693590
S1-851581908	S2-997519979,S2-408972396,S2-234213010,S3-356931847,S2-706909841,S3-881456957,S2-765628786
S1-799517335	S3-466943132,S2-722429212,S3-14625242,S2-669338466
S1-486264952	S2-745269931,S2-239373468,S3-540683837,S2-423430989
S1-85651439	S2-49549511,S3-610848004,S3-49422359,S3-404639390
S1-65050223	S2-506117501,S2-476606485,S2-372170762,S3-971635535,S3-69287906,S2-141761174,S3-985972042,S3-779557388
S1-130912228	S2-480703209,S2-689147926,S3-6434525,S2-706700201,S2-581190626,S3-899730126
S1-202123531	S3-856673790,S3-189324187,S3-426923790,S3-364795147,S3-613557282,S3-975885865,S3-635442978,S3-485684356
S1-121993607	S2-510718411,S2-582006591,S3-171276169,S2-165880760,S2-318673760,S3-821164619,S2-820938470,S2-935004606
S1-854202353	S2-205315924
S1-970718643	S3-662981957,S2-98216116,S2-675132155,S2-664036635,S3-841199018,S2-324792208
S1-424988884	S3-116325041,S2-660898052,S3-350189233,S2-843207106,S2-260945998
S1-800479989	S3-137220102,S2-334961976,S3-440663307
S1-348525863	S3-41765359,S3-237015697,S2-65749845,S2-365892509
S1-480133617	S3-877590256,S2-300369567,S2-816493468,S2-321828035,S3-721581614,S2-454313590,S3-381479551
S1-840392378	S2-276429322,S2-132396237,S2-426698809,S2-72360440,S3-63817697
S1-283792159	S2-878420825,S2-635405171,S3-401251823,S3-771513184,S3-593714476,S2-560961107,S3-670049559,S3-530075279,S3-190073203
S1-777379040	S3-631586351,S2-348464996,S3-124789484
S1-604117897	S3-266967158,S2-542346464,S2-100545750,S2-220126500,S2-994393391
S1-186284876	S2-543241271,S2-758817372,S3-280688975,S3-652922679
S1-947089721	S2-292126992,S2-986237303,S2-529882962,S2-487442903,S3-261114815,S3-466705589,S3-158431644
S1-735557128	S3-299133455,S2-224937604,S2-170228235,S2-719987648,S2-850002025
S1-26584655	S3-735656248,S3-445741312,S3-275866213,S3-787494838,S3-687423352,S3-456669174,S3-963514461,S3-45893033,S2-546186142,S2-292904999,S3-689644940,S3-690724456
S1-747542283	S3-624132649,S3-729762467,S2-460059363,S3-376427634,S2-622889587,S3-354647437
S1-737534107	S3-278346895,S3-18719077,S3-314038804,S3-871181055,S3-244988458,S2-357502275,S3-157162386,S3-921508146,S2-733394277,S2-814531275,S3-948527185
S1-284047086	S2-974780443
S1-218324366	S2-233573106,S2-858185085,S3-824208739,S2-915388751,S3-144214696
S1-557518531	S3-464980481,S3-454343261,S3-429006166,S2-607229411,S2-800631797
S1-672804298	S3-98346189,S3-534243395
S1-141544592	S3-104702863,S3-251117842,S2-923387026,S3-536839022
S1-725540529	S2-547809424,S2-673325237,S3-67943318,S2-623901409,S2-463115076
S1-538475444	S2-477923862,S2-381965301,S3-641953830,S3-124132131,S2-320952904,S3-161042346,S3-323558520
S1-79736348	S3-795886122,S3-176505969,S2-420893957,S2-334549867,S3-506835388,S2-227280698,S3-893335666,S3-931366690
S1-734424099	S2-805576736,S3-335123074,S2-457525432,S3-249281750,S2-82999933,S2-766665168,S3-709680792,S3-730711832
S1-952970291	S2-652887389,S3-50267180,S2-773253607,S2-634617195,S2-292431336,S2-233973279,S3-305039647,S3-802009401,S3-125191329,S2-708487146
S1-667333905	S3-179022743,S3-740375336,S3-12602373
S1-766088874	S2-412764884,S3-381233250,S2-653445792,S3-835003585,S3-935181118
S1-301192160	S2-213252803,S3-248257379,S2-893483610,S3-167896404,S2-284449862,S2-496896547,S3-864410025
S1-60530379	S2-267174260,S3-361151258,S2-423431642
S1-186951550	S2-996415327
S1-711996477	S3-62218593,S3-694247999,S2-694368174,S3-464776615,S2-476841592,S3-863052495,S3-233111286
S1-882954384	S3-302551726,S2-915703728,S2-3532955,S3-178337083
S1-627287290	S3-805761154,S3-800607564,S3-183313447,S3-932638960,S3-566753202,S3-190754003,S2-838944073,S3-307789896,S3-158888297,S3-395405879
S1-940461808	
S1-954320078	S3-808791667,S3-649580805,S3-802888078,S3-891558171,S3-678632544
S1-820804282	S3-464727607,S2-934726151,S2-24345274,S3-208908306,S3-800804277,S3-233111286
S1-281440483	S3-830509812,S2-751389220,S3-729041017
S1-219264594	S3-600909629,S2-786092810,S3-907552126
S1-561882435	S3-723828738,S2-451959808,S3-745220141,S2-105917789,S3-76770867,S3-493496984,S3-307059876,S2-262472174
S1-931668142	S2-730154626,S3-708320104,S2-709233867,S2-260076339,S2-633777476,S3-821292423,S3-820417978
S1-335852521	S3-565846917,S3-967806672,S3-412666822,S3-317678915,S2-89940390,S3-230593795
S1-161040238	S2-817032215,S3-79279642,S2-769850438
S1-228773755	S3-934290504,S3-861336522,S2-657539442,S3-151135304
S1-613995737	S3-257920089,S3-506137631,S2-290747142,S2-407788908,S3-861218333,S3-848207379
S1-519203065	S2-315748818,S2-638255939,S2-936886772,S2-340676515,S3-771209668,S3-498160623,S2-98613890,S3-548106056,S2-39983269,S2-480527587,S3-687197935,S2-69699860
S1-909986124	S3-533829777,S2-415889570,S3-132035045
S1-360276933	S3-934016199,S3-53569649
S1-221507858	S2-718438840,S2-758255270,S3-51899004,S3-710974960,S3-763655731,S2-685380753,S3-993784235
S1-898062246	S2-367047478,S3-566166723,S3-186198616
S1-343905993	S2-568636084,S3-374770616,S3-415493103,S3-369585065,S3-574140352,S3-357359558
S1-642257566	S3-199369197,S2-732594121,S2-748610315
S1-848189584	S2-951681044,S3-696923948,S3-306999031,S3-301109589,S3-827469550
S1-702262678	S2-311021303,S3-693300074,S2-528758586,S2-856333599,S2-777548998,S3-627676214,S2-870758533
S1-717633802	S3-931069081,S2-797158244,S2-633344179,S2-681426764
S1-22264390	S3-507387024,S3-465560453,S2-208379645
S1-678043272	S2-605810879,S2-587457490
S1-130921669	S2-767892907,S2-689917414,S2-296492796,S3-27630759,S3-418379945
S1-376551955	S3-618913411,S2-343743116,S2-296674930,S2-382963074,S3-682148667
S1-805787945	S3-877762229,S3-974669855,S2-661011282,S2-468717306,S2-775330112
S1-214700312	S2-24403912,S3-903845804,S2-412508196,S3-812463752,S3-735061691,S2-611179538,S2-805317983,S3-132055841
S1-317825404	S2-543197688,S2-920742226,S3-661158091
S1-922988570	S2-353072627,S3-926824455
S1-404030522	S3-161347028,S2-810412463,S2-516724526,S3-94758860
S1-1668182	S3-582830761,S3-326581536
S1-502273598	S3-433848586,S3-471678220,S2-800336511,S2-676432259,S2-796222305,S3-318512451,S3-709849513
S1-406171753	S2-255928927,S2-821255,S3-355445414,S2-664469790,S2-837060483
S1-711670695	S2-301990578,S3-988061954,S2-311706665
S1-885868585	S2-388306994,S3-558586800,S2-907457364
S1-810881479	S3-829828805,S2-524551258,S3-711975966,S3-652702109,S2-145083392,S2-362000535
S1-45397126	S2-970793315,S3-523034889,S2-165624041,S3-50629476,S2-735486883
S1-629986004	S3-128636129,S2-511365633
S1-130992945	S3-616339327,S3-420071006,S2-926119019,S2-638625268,S2-539436794
S1-126988258	S3-766103741,S3-259838495,S3-848622132,S3-603387451,S3-127531527
S1-553507915	S2-993240634,S2-226366612,S3-375521741,S3-830540947,S3-666875525,S2-730673446
S1-524472166	S3-127563867,S2-903441257,S2-523865436,S3-738045046,S3-406981325,S2-843250457,S2-599356783
S1-230625274	S2-632580438,S2-505524013,S2-998726440
S1-164135850	S3-81067511,S2-793980460,S3-802880234,S3-300133027,S2-313449862,S3-101166374
S1-613045685	S2-135582722,S2-856491670,S3-124079550,S3-961710196,S2-504203340
S1-875300558	S2-80565058,S2-33428036,S3-866284813,S2-3404918,S3-472266371
S1-62438045	S3-248200586,S3-54042196,S3-940859622,S3-88897331,S3-880219333
S1-574670038	S3-462069221,S2-37287770,S2-501174953
S1-900042895	S3-16894478,S3-27310999,S3-253693045,S2-584229244
S1-260914000	S3-47949391,S3-32634049,S3-610090724,S3-461587612,S2-349694480
S1-287324035	S3-594758767,S2-649290502,S2-586171028,S2-616219369
S1-795668128	S3-47235007,S3-927189655,S2-144455577
S1-921656284	S3-852035874,S3-561041774,S2-200350065
S1-732647424	S3-475321913,S2-51443730,S2-461141723,S3-790912823
S1-220010184	S3-569531702,S3-956354525
S1-454289455	S2-116767189,S3-993743365,S3-158933924,S3-957492134,S3-519172080
S1-359647453	S3-576432881,S3-264964574,S2-475570923,S3-483038456
S1-247391273	S2-610403115,S2-852690037,S3-215799815
S1-576536744	S3-849864023,S3-770502283,S3-818780499,S3-601927225,S2-392900259
S1-624357575	S3-30430285,S3-815583010,S3-951055752,S3-191717444,S2-245395015,S2-458320701
S1-295046621	S2-488090166,S2-681236719,S2-7094287,S3-30626782,S3-764135148,S2-213208485,S2-447520078
S1-405463599	S2-843053577,S2-493357958,S3-23042961,S3-902549067
S1-426526821	S3-307638039,S3-967615998,S2-601848444,S2-949473501,S2-753266458
S1-134426326	S3-591942510,S3-820190582
S1-986022827	S2-552813154
S1-732072993	S2-336252597,S3-452341062,S3-558560940,S2-736533738,S2-746797682,S3-813982559
S1-133731073	S2-103865654,S2-857371810,S3-108037239,S2-559074170,S3-270567007
S1-406366906	S3-46074348,S2-889074303,S3-147712747,S3-452862419,S3-58230023,S3-546922526,S2-752712401
S1-96778697	S3-457781961,S3-597428373
S1-810629187	S3-492614417,S2-943550747,S2-926501153,S3-708355800,S2-29714896,S3-56558967,S3-438890350,S3-896057262,S3-451167102,S2-280584674,S2-730257178
S1-842904415	S3-961225360,S2-53537648,S3-158888297,S3-64879212
S1-251811717	S3-624210092,S2-907304854,S3-951057566,S3-565993702,S3-989885253,S2-483455146
S1-882718072	S3-338532218
S1-608123748	S2-584411641,S3-884655337,S3-767594987
S1-592612788	S2-64527931,S3-894876036,S2-2803169,S3-397047242,S3-230660745
S1-641446549	S3-330272968,S3-762750789,S2-137250344,S2-4251819,S2-894235089,S3-791493202,S3-522369425
S1-203305728	S2-728981599,S2-372163558,S2-922400961,S2-602751440,S2-513674632,S3-690197747
S1-414715986	S3-415803962,S2-690371914
S1-808652735	S3-736931188,S2-501787485,S3-666886304,S3-739518288,S2-147551922,S3-705304032
S1-812874293	S3-849300206,S3-490244946,S2-238833919,S3-925104356,S3-284242137,S3-217922768
S1-993156026	S3-739169115,S2-761433309,S3-983948260,S3-770908489,S2-890304848,S3-24083856,S3-34858985,S2-714045492
S1-272383144	S3-77403061,S2-343831166,S3-81284025,S3-138444494
S1-770382060	S2-758610341,S3-938538659,S2-701770555,S3-624676520,S2-972705143,S3-986479007
S1-777691698	S3-735081495,S3-517876291,S2-896818790
S1-872194579	S3-29211725,S3-488411559
S1-105291325	S2-335689443,S3-626528,S2-204294629,S3-354032542,S3-124850362,S3-334803186
S1-604072826	S2-362030232,S3-234255112
S1-73656034	S2-827735926,S2-617196871,S3-182880407,S2-434974795,S2-574776384,S2-208632680
S1-716404078	S2-802193565,S2-163079243,S3-234283990,S3-757462464,S3-286384802,S2-931656152
S1-303332897	S2-558342612,S3-43845262,S3-522628259,S3-786812330,S3-620591203,S3-755226181
S1-149554056	S2-807001766,S3-129386390,S3-82454797,S2-112658534,S3-193723668
S1-318123479	S2-60701602,S2-2408372,S3-727940067,S2-319956777,S3-57802694,S3-80944508
S1-961144421	S3-457978450,S3-741767387
S1-559865346	S2-832112918,S3-64502276,S3-190800563,S3-821437819
S1-436825383	S2-845287769,S3-966346057,S3-200081521,S3-67747263,S3-449198066,S2-130246488,S2-386423164,S3-83171579,S3-56596752,S2-985832567,S3-194270402,S3-282059681
S1-950955077	S2-214244611,S3-586342859,S3-616421207,S3-99321982,S3-300610969
S1-895252505	S2-72529540,S3-727456689,S3-450098166,S3-23293076,S2-911036442,S2-477790314,S2-538568301,S3-302373149
S1-718060681	S2-361863238,S2-303298605,S2-361038008,S2-91368041,S3-355587302,S2-775903441,S3-681628087,S2-57344552,S3-368629523
S1-580538043	S3-852094130,S3-787609896,S3-54258647,S3-479648185
S1-63496455	S3-835355769,S3-141787579,S3-850632948
S1-758488315	S3-56432984,S2-430942665,S2-726758952
S1-588793279	S3-577393242,S3-406573125,S3-822090393,S2-482232643
S1-409519522	S3-714166136,S2-470544432,S2-829258722,S2-12921652,S2-9822937,S2-305657881
S1-388573567	S2-780500433,S2-258883579,S3-96575351,S2-868773906,S2-694559104
S1-775923444	S3-722158325,S2-986753300,S2-196668384,S3-963783821,S3-106167418
S1-344584433	S2-426514780,S2-908727993,S3-295412603,S2-869805838,S3-480614597,S3-931532043,S3-253083104
S1-719070917	S2-878362366,S3-653141883,S3-395069326,S3-218276797,S3-394493971
S1-653107117	S3-459450775,S2-866635473,S2-348136846,S2-185342019,S3-989434719,S3-696919273,S3-834870809,S3-927236706,S2-251290375,S2-873065724,S2-42331006
S1-398567117	S3-768438930,S2-740755132,S3-715441892,S2-698090977,S3-296680315
S1-646733531	S2-249623869,S3-76017915,S3-306029785,S2-765967273,S3-463052785,S2-483608532,S3-541313301
S1-815529949	S3-355795460,S2-924307392,S3-276743521
S1-697477547	S2-683804898,S3-212275714,S2-628320631,S2-981313221,S2-452778264
S1-34799614	S3-695634684,S2-862025607,S2-196910478,S2-650823238,S3-6803347
S1-145404859	S2-851889997,S2-238945381,S2-454829520,S2-159754793,S3-371517270,S3-224111351,S3-307947626,S3-623838055,S3-890395773,S3-27883274,S3-46463619
S1-582297375	S2-185057579,S3-319304754,S2-963387703,S2-245462647,S2-635411058,S3-109463894
S1-931628350	S2-759267227,S3-768253765,S3-432684938,S3-477803565,S3-141471655,S3-481132387,S3-429346381
S1-14999758	S2-780175766,S2-514861259,S3-933579004,S2-147115792,S3-167509020,S3-786696159,S2-415054622,S2-616348631,S3-911086263
S1-126474399	S2-832780631,S2-806156035,S3-531689765,S2-969617152,S3-359614519,S2-788591369,S3-183866540
S1-403982837	S2-470126883,S2-61388886,S3-360758862,S2-678899270,S2-361462276,S3-442427234
S1-357798418	S3-850308616,S2-165564242,S3-489135163,S3-60203169,S3-343969178,S3-389769653,S3-440683248
S1-211897689	S2-889990574,S2-179829050,S3-671861878,S3-9486457,S2-848200119,S3-907196822
S1-784271083	S2-829763410,S3-352384471,S2-252792561,S3-879202953,S3-323046896,S3-875611874,S3-553120427
S1-163405778	S3-67952203,S3-249911871,S3-643631103,S2-997397864,S3-488385919,S3-344338510,S3-831543594,S3-768685600,S3-27989557,S2-395914719,S3-41445104,S3-383271897
S1-776636694	S3-816042430,S2-508197221,S3-433963797,S3-63309849,S2-705041049,S2-888397037
S1-603145092	S3-419857522,S2-758465678,S3-338317408,S2-690393517,S3-608751575
S1-240649323	S3-1794102,S3-119977639,S2-929405328
S1-42400859	S3-581584333,S2-242150189,S3-234668558,S3-620591203
S1-266363120	S2-491334278,S3-427647094,S3-129607787,S2-684054558,S2-388319334,S2-105759363,S2-297301299
S1-433348072	S3-634566942,S3-262110168,S3-559803785,S2-20829977
S1-204172064	S2-644731715
S1-299155086	S3-617892573,S2-873639831,S2-596859325,S3-343045970,S3-925160519
S1-701988153	S3-482363916,S3-344015045,S3-603867108,S2-261558266,S3-835196251,S3-186244870
S1-995031065	S3-665344742,S2-309909699,S3-347234981
S1-872290851	S3-109600295,S2-804561717,S2-99472924,S2-953355292,S2-899845010,S2-905311159,S2-131399118,S3-366226516,S3-172775658
S1-69762801	S3-680106869,S2-875385263,S2-348946451,S3-847189362,S3-199263431,S3-494248580,S2-717502194,S3-383958819
S1-376309082	S3-545349175,S3-289771766
S1-481521290	S3-409608479,S2-802057835,S3-517484802,S2-184480384,S3-433322239
S1-476942027	S3-927363171,S2-572955612,S3-314196907,S2-370577184,S2-404095776,S3-698030615,S3-415292735,S3-433034868
S1-676700710	S3-867281332,S2-376506994,S2-785845605,S3-713838046,S3-890834535
S1-475734041	S2-656752098,S3-448902964,S2-41938797,S2-890813969,S2-640459163,S2-129696849
S1-532738397	S2-261125095,S2-295318538,S2-380653430
S1-701487652	S2-424419629,S2-203586026,S2-159608682,S2-393089545
S1-467601634	S2-646110221,S3-409026168,S3-815709643,S3-256560659
S1-721285631	S3-949310864,S3-330113662,S3-351475276,S3-194067987,S3-648767438
S1-350479291	S3-659313470,S2-969988696,S2-50659846
S1-617064124	S3-53289247,S3-269180371,S3-957987060,S3-887230189,S3-967522007,S3-364106549
S1-8744367	S2-94982971,S3-974883655
S1-113811969	S3-938015679,S3-282929191,S3-178226108
S1-66770531	S2-654154804,S2-719750888,S3-899572974,S2-42375478,S2-547406987,S2-376927070,S3-114585426,S3-476441350
S1-646193638	S3-81918859,S3-416420623,S2-265902435,S2-890226018,S2-302464830,S3-318014041,S3-278378098
S1-224774611	S2-560583660,S2-265302668,S3-739651980,S3-435460424,S3-342384928,S3-138033068,S2-446843974
S1-893847903	S2-470923830,S2-34852664,S3-477453683,S2-147939389,S3-10197602,S3-24330398,S2-958649745,S2-645843280,S3-131946964
S1-259668566	S2-909358296,S3-624634098,S2-511350948,S2-526448805,S3-686993692,S3-555412434,S3-385243830,S3-861764135,S2-796898628,S3-425730360,S3-3090831,S3-91967106
S1-355030632	S2-723147337,S2-7017758,S3-498027225,S3-641073759,S3-81260424,S3-639964599
S1-766788569	S3-622717566,S3-360554369
S1-899460856	S2-624342027,S3-594001137,S3-972562511,S3-438070244
S1-932897365	S3-133702120,S2-772272891,S3-406262422,S3-923854582,S2-374431743,S2-604431291,S3-625909916
S1-558911141	S3-83607235,S2-291732074
S1-90166250	S2-321243830,S2-12501160,S2-880625173,S3-154169474
S1-55807149	S2-925774726,S2-746070565,S3-803562108,S2-343240020
S1-781712517	S3-312366853,S3-814922579,S2-921932477,S2-459910399
S1-817906448	S3-901565702,S2-557300290,S2-64603233
S1-358909862	S3-343603631,S2-369607025
S1-139079196	S3-433337280,S2-753798029,S3-259394166,S3-627206692
S1-562008911	S3-862203344,S2-972798082,S2-157056603,S3-906215077,S2-261304892,S3-867634420
S1-668531919	S2-566333284,S3-623623309
S1-939286104	S3-147692595,S2-65292838,S2-25214066,S2-15790714,S2-109272159,S3-227212044,S3-815409804,S2-361135457
S1-818738514	S2-414657096,S3-511273646,S2-649314398,S2-158079530,S3-612639324
S1-664375334	S3-310319622,S3-411931525,S3-19292921,S2-838702121,S2-224625538,S3-510283713,S2-57871546,S3-631034632
S1-26460927	S3-366671461,S2-959350256,S2-733777384,S2-41377983,S3-460560979,S3-395224972,S2-991554671,S2-148165874,S2-268435709,S2-592509674,S2-472504296,S3-938861625
S1-179736438	S3-42669878,S2-847166231,S2-137158808,S2-851570474
S1-605070061	S3-927222430,S2-590320863,S3-285117543
S1-229694731	S2-930826014,S3-342599889,S3-459221286
S1-953761436	S2-136134235,S2-455732467,S3-126409328,S2-741888815,S3-1008196,S3-387331576
S1-76698152	S3-725280538,S2-288209980,S2-428450993,S3-309106807
S1-411030	S2-698107751,S3-766105692,S2-777293058,S3-687595002
S1-418923440	S3-828682891
S1-733612741	S3-11899608,S2-334889056,S2-993594469
S1-921949610	S2-97140286,S2-75398807,S3-972078101
S1-441349015	S2-606352303,S2-662099127,S2-572230665,S3-943738792,S3-964737130,S3-983733302,S3-746881276
S1-908340970	S2-819152634,S2-685863333,S3-246770168,S3-755302891
S1-713114163	S3-935922391,S2-527805667,S3-413316195,S3-279939612,S3-519620451,S3-584997110,S3-969156423,S3-567801945,S3-855573019
S1-991551326	S3-374959512,S3-59973655,S3-866643475,S3-237158369
S1-590385281	S3-554214016
S1-134115180	S2-272456142,S3-661401223,S3-210462417,S3-229205346,S3-454138278
S1-408763291	S2-176574150,S2-746355802
S1-743619701	S3-440019355,S3-253469151,S2-322424758,S3-45927530,S3-176512247,S3-127011664
S1-605677190	S3-954236389,S3-95336014,S2-14106985,S2-242900406,S2-300181747
S1-110582588	S3-373495357,S3-746868609,S2-338754832,S3-200246193
S1-23119232	S3-774663789,S3-796902828,S3-130102646,S2-166102173,S3-222105808,S3-946852435
S1-947901769	S2-299631655,S2-193947456,S3-791858011,S3-610980454
S1-577525293	S2-788749106,S2-352025314,S3-25390153,S3-613135066,S3-204427179
S1-611658325	S3-291942939,S3-30329897,S3-48286635,S2-391059243,S2-31931777
S1-694621496	S3-213543581,S3-219529323,S3-27338947,S3-233640456,S3-650275436,S3-223840749,S3-267855358,S3-454784714
S1-947638057	S3-532877787
S1-790298301	S3-721290727,S3-77351380,S3-830516024,S3-368699615,S3-96748708,S3-226009431,S3-893676514
S1-716407122	S3-103836196,S3-906246736
S1-459902633	S2-793641948,S2-196308754,S3-944999600
S1-847261525	S3-90250707,S2-322408136,S3-64085702
S1-921465632	S3-391913291,S2-163114913,S2-759954163,S2-20198941,S3-288096136,S2-390548686
S1-125226366	
S1-449220864	S2-278272077,S3-326040143,S3-431986262
S1-205121863	
S1-392176381	S3-462746955,S3-619833932,S2-394915796,S3-278954207,S2-757630972,S3-287336324,S3-591068561,S3-225268774,S3-163961915,S2-130629481,S2-60760885
S1-818965321	S3-390051889,S2-546462775,S3-446326252,S3-623550544
S1-34369720	S2-448761169,S2-772158169,S2-706703280,S2-859527855,S3-879589393,S2-87811184,S3-136129841,S2-393974295,S3-547037734,S3-745226221
S1-431641853	S2-500851931,S2-878581912,S3-331813000,S3-240083430,S3-928501145,S3-71662670,S3-342880680
S1-647173498	S3-242267977,S3-528031143
S1-68041950	S3-448058376,S3-108026477,S2-73271294,S3-171718225,S3-326861674,S2-804994060
S1-966022454	S3-111451930,S3-270035314,S2-35424735,S3-112258902,S3-16788398,S3-377940157
S1-665537374	S3-994605563,S2-779134270,S2-368720471,S2-153190132,S2-888887907,S2-799438801,S3-480418807,S3-813839761,S3-358240991,S3-668805155
S1-845976850	S3-415214802,S3-348514435,S2-903609897
S1-191563467	S3-714245668,S2-79538457
S1-518088829	S2-177420311,S2-584581838,S3-286812631,S2-192275799,S2-279270783
S1-308181228	S3-203053480,S3-796656708,S3-206525290
S1-418694729	S2-20375131,S3-387016994,S2-671474655,S3-533041392
S1-164185385	S2-444796503,S2-728865777,S3-512355942,S2-359683863,S2-696676587,S2-341217211,S3-393755821
S1-228118969	S3-873117625,S3-422397434
S1-214914943	S2-227181813,S2-802478508
S1-135296616	S2-922154608,S3-588458451,S2-304954577,S2-307903400,S2-135613783,S3-394712488,S2-626821058
S1-809314802	S3-96935991,S3-909865441,S3-5985416,S3-44194865,S3-543538803,S3-905252303
S1-162676951	S2-383815603,S3-980789871,S2-693359271,S2-237503053,S3-210641988,S3-489516738,S3-962525902,S3-353210442
S1-599779282	S2-97441876,S3-389427514,S3-249516775,S2-734236128
S1-163178706	S2-767380934,S3-632122517,S2-487036055,S2-393102798,S2-379971631
S1-877712287	S3-858673120,S2-165185628,S3-352685368,S2-421794184,S3-847650629,S3-995067459
S1-111043079	S3-354713261,S2-425948668,S2-919529536,S2-523773078
S1-697198353	S2-787864873,S2-539721601,S3-951388054
S1-142950270	S2-168187823,S2-921762620,S3-526401885,S3-258475232,S2-264359438,S2-681125150,S3-987365078,S3-920862500
S1-329525557	S2-909157096,S3-731432114,S2-474519282,S3-970768193,S2-529903532,S3-442734012
S1-786590121	S2-24215647,S2-201538263,S3-503217862,S2-778262474,S3-489306734,S2-133555569
S1-266542534	S3-926471383,S3-595571782,S2-380066390,S3-632945672,S3-256909290,S2-713532346
S1-377363025	S2-475724012,S2-33373285,S2-659611560,S3-458787957,S3-716306739,S2-544093236
S1-19823695	S2-53607060,S2-138201422,S3-75205856,S3-232185380,S3-863557929,S2-644316279
S1-19778941	S3-49766723,S3-534777387,S3-809353235,S3-124682885,S3-382460708,S3-458309243
S1-496968901	S2-783616194,S3-786978235,S2-1558260,S3-413333886,S3-486834702,S2-897875503,S3-116488690,S2-732750287,S2-552321318,S2-378639471
S1-231514377	S2-886641180,S2-45455830,S2-826266601,S3-798838058,S2-605303948
S1-288845872	S3-606695562,S2-202925990,S2-383002056,S3-266054092,S3-681193337,S3-778547973,S3-710786891,S2-228014172
S1-446839131	S2-74044302,S2-195807218,S3-731949334,S3-999225103
S1-302944369	S3-203943758
S1-265121379	S3-29271540,S3-366236996,S2-800222834,S3-42836745,S2-642884733,S3-624259073
S1-373033028	S2-933961330,S2-838761820,S2-199481262,S2-951775604,S3-610014989,S3-319474111
S1-929368053	S2-685445417
S1-148753478	S3-591770329,S3-545821515,S2-541282464,S2-954489829,S3-270547589
S1-108640458	S2-241401631,S2-581594669,S2-403099128,S3-57994592
S1-896271081	S2-935563770,S2-462597896,S3-184703972,S3-43579423
S1-49234588	S3-465749436,S2-526908100,S3-898013379,S3-63314130,S3-692176564,S3-264368398,S3-211871800,S2-449758696
S1-810671564	S2-33772376,S2-343912036,S2-852758018,S3-374597288,S3-464479748,S2-324028099
S1-985097031	S2-201869966,S3-330622525,S2-865170024
S1-953600280	S3-998594185,S3-906940640,S3-267850360,S2-724872381,S2-298428537
S1-182892387	S3-183470161,S2-750407974,S3-203688354,S2-279074245
S1-102994647	S3-864263901,S3-785930800,S2-72527368,S3-623767058,S2-741898435,S3-95921031,S3-750189544,S2-367096564,S3-277030537,S3-888706945,S2-487956044
S1-928034354	S2-614927917,S3-562028405,S2-414117852,S3-158188511,S2-620421366,S3-239652174
S1-61516785	S2-104364533,S2-266366586,S3-550244882,S3-417241210,S3-158888297,S3-854474626,S3-489990009,S3-970738055
S1-679174723	S2-593967630,S3-960488922,S3-13414930,S2-969654757,S3-83551337,S2-424824583
S1-25102566	S2-888626197,S3-678670761,S3-444535067,S3-836761377,S2-901761840,S3-671736580
S1-970887092	S3-918377235,S3-460810676
S1-96369658	S2-424057593,S3-542442137,S3-121481713,S3-583428291,S3-699331879
S1-821548134	S3-229832074,S3-467379740,S2-464205415
S1-839649850	S2-709118827,S2-829284265,S3-296100148,S3-478766262
S1-52123969	S3-461976834,S3-347194313,S2-595066136,S2-102234472
S1-576826076	S2-393543127,S2-413134154
S1-474975160	S2-356292394,S3-738210941,S3-525367900,S3-230215709,S3-307347130
S1-777496180	S2-364168097,S3-439398484,S2-859056928,S3-332068807,S3-337266562,S2-589774386
S1-97172795	S3-548902843,S2-744746303,S3-886035207
S1-532263005	S2-874676669,S2-662866377,S3-133456848,S3-360040568,S2-332429217,S3-706041579,S3-963572405,S3-613946707
S1-716390845	S2-80696893,S3-503338564,S2-272689327,S2-158049643,S3-384708065,S3-594633153,S3-439581496
S1-992743298	S2-139554133,S3-581235277,S2-153718694,S3-281032897,S3-480238302,S3-253380056
S1-778871982	S3-510019481,S2-862203252,S2-754798757,S2-85629331,S3-222176236
S1-54869107	S2-832513208,S2-853690027,S2-674253307,S2-51601604,S3-628139772,S3-629154301,S3-515478312
S1-260606492	S3-109838525,S2-125491300,S3-257933678,S3-787972192,S3-233640456,S3-27338947
S1-753066813	S2-609087630,S3-701571627,S3-762436104
S1-898578286	S2-904991190,S2-893629282,S3-492250379,S3-522633499,S3-789110145,S2-939874089,S2-653724640,S2-671654020,S3-475775680
S1-510397955	S3-967848309,S2-270936949,S2-832052708,S2-153313831,S2-965018050,S2-406673617
S1-84422853	S3-928267410,S3-243612956,S2-658842018,S3-92039720
S1-982736698	S2-757559620,S2-679379955,S2-925666827,S3-93731136,S3-786692769,S3-606135852,S3-885713063
S1-52976413	S3-543270395,S3-340022065,S3-473171329,S3-479242243,S2-55237849,S3-75629681
S1-563346725	S2-434311392,S2-396388832,S2-686271008,S3-307693584
S1-14961313	S2-953966420,S2-153128470,S3-795565807,S2-430173158,S2-958747412,S3-99090233
S1-631641790	S2-569484089,S3-923652726,S3-334866951
S1-263660988	S3-228072480,S2-378508571,S2-680410467,S3-13355236,S3-198725002
S1-410128012	S2-977321837,S3-252818511,S2-619920380,S3-82212449,S2-927825885,S3-174731688
S1-297414947	S2-760575389,S3-924973631,S2-68060300,S2-844995328,S3-700522154,S3-862557678,S3-308604877,S2-763070388
S1-840623085	S2-993256550,S2-764923002,S3-264023748,S3-339242556,S2-682659566,S2-761646221,S3-775748234
S1-969995739	S3-324639603,S2-310373631,S3-598939052,S3-821137383,S2-46674752,S3-3029935
S1-604720754	S3-572383090,S3-139671405,S3-150246467,S2-821666143,S3-894352314,S3-131056811,S2-415622081,S3-945573509,S3-343042408
S1-369218013	S2-327960145,S3-913614399,S3-313097949,S2-420876266
S1-575129395	S2-971454216,S2-853858587,S3-917619040,S3-825343267,S3-137486961,S3-687521896,S3-941085569
S1-688292920	S2-803895960,S2-460384553,S3-83045454,S3-947552314,S2-214197832,S2-226413398
S1-170123026	S3-565638867,S3-333709101,S3-416820188,S2-69904957
S1-290193824	S2-863730682,S3-146611158,S3-896240470,S2-909000669,S3-638821025,S2-292619921
S1-98916647	S3-986877120,S2-861137647,S2-808509475,S3-36237570,S3-729500936,S3-483382514
S1-659988422	S2-147819014,S2-977714992,S3-863339128,S3-222555985,S3-928410721,S3-86873991,S2-852993475,S3-785470805,S3-495815934,S3-319918225,S3-19491139
S1-220967847	S2-195276813,S2-266240816,S3-769563671,S3-680999949,S2-755546422,S3-204014524,S2-548044474
S1-544904910	S3-862944123,S2-707332105,S2-839282681
S1-734286276	S2-156329975,S3-751295159,S3-997197970
S1-679378800	S2-124776674,S2-306682947,S3-956878046,S2-49489975,S2-955735394
S1-715782239	S3-643027532,S3-376487742,S3-282957671
S1-306244106	S3-515086462,S2-851687044,S3-290771623,S3-400495577,S3-481217285,S2-551646574,S3-572645648
S1-880515262	S2-39907954,S2-445054678,S3-543010080,S2-200363388,S2-479468654,S3-728805179,S3-958385877,S2-612291556,S3-504809195,S3-115091890
S1-140336851	S2-112662847,S2-69484735,S3-338321435,S3-696247994,S3-175406356,S3-789943751
S1-318850568	S3-7558740,S2-619517540,S3-51366981,S3-789708825
S1-268824066	S2-632227176,S3-336571251,S3-281081990,S3-344231320,S3-717179930,S3-859167336,S3-606530612
S1-843537721	S3-681981696,S2-943464520,S3-538448100,S3-295170994,S2-388196792
S1-746256981	S3-10330394,S2-582888442,S3-485314133,S3-248854410,S3-271768453
S1-382324942	S3-866888338,S3-350704050,S2-132802396
S1-658606733	S3-187056081,S2-750570878,S3-291538584,S3-882565792
S1-973571452	S3-793441704
S1-774903134	S2-880177351,S3-133306092,S3-933951721,S2-786031400,S2-996448636
S1-329778385	S3-115651959,S2-674603576,S2-232690791,S3-623825849,S3-308575854,S2-455903475
S1-631323799	S2-308691219,S3-49007400,S3-193391319,S3-439265710,S3-684665057,S2-967307988,S3-114106872,S3-979761832
S1-977885592	S3-572974525,S2-428608140,S3-217665029,S3-614258549,S3-199039141
S1-888164726	S2-441880480,S3-584538503,S2-821685713,S2-719778263,S3-840969781,S3-24518106
S1-584846242	S3-222652437,S3-21241738,S3-227810944,S2-471374502,S2-143809520,S3-314916347,S2-19812033,S3-54171125,S3-53721615,S2-621863194,S3-331995819,S3-17231037
S1-957467392	S3-201123403,S2-197231532,S3-941156685,S3-560757462,S3-9390164
S1-759281762	S3-344287124,S3-484691574,S3-979333649,S2-224559447,S2-152978213
S1-456385446	S2-609630619,S2-514998815,S2-497875923,S2-166196768,S2-610571969
S1-829193003	S2-578797004,S3-338725688,S2-403187944,S2-318851250,S2-541172244
S1-988417686	S3-578874650,S2-467047172,S2-71527120,S3-202453021,S3-38456671,S3-96179582
S1-281620591	S3-830589523,S3-133409586,S2-366543451,S3-68151095,S2-838514150
S1-142459713	S3-579467637,S2-957053381,S2-57417348,S3-695043110,S3-228506368
S1-323720444	S2-283254741,S3-535093385,S3-122953092
S1-889730455	S2-115807542,S2-691146505,S2-753235257,S3-448118023,S3-539717519,S3-951881839,S3-926863022
S1-428648259	S3-590475504,S3-591811379,S2-927336592,S2-666468264,S3-676264312,S3-946665267
S1-343914590	S2-309199621,S3-609014560,S3-718254629,S2-770455259,S2-888548886,S3-945041890
S1-991903327	S3-237813115,S3-960870590
S1-641022850	S3-399310135,S2-533866522,S2-21473562,S2-133178759,S2-433759502,S3-647217576,S3-438824027,S2-420974471
S1-222300637	S2-354132240,S2-769800563,S3-727224772
S1-123667425	S3-899154943,S3-614789869,S2-38352797,S2-810943795,S3-455895275,S3-112158020,S3-186825353,S3-341874857,S2-860481113,S2-92535039,S2-571696710
S1-772983186	S3-445414326,S2-42367968,S3-746110402,S3-458727490
S1-682865215	S3-142457163,S2-289058225,S3-230345786,S3-335574286,S3-443613256,S3-607393253
S1-220227845	S2-581165028,S2-661996579,S3-865865199,S2-112536584,S3-992449021,S2-29019908,S3-149988569,S2-794259285
S1-97848238	S2-571454403,S2-821398272,S2-272976912,S3-972723840,S2-524759783,S3-245006588,S3-891308687,S3-147145235
S1-952478487	S2-149531312,S3-178452263,S2-420050742,S3-341041746,S3-110635558
S1-433297526	S3-329326090,S3-533587338
S1-816336757	S3-172212696,S3-37267810,S2-116387937,S3-926460794,S2-450789342,S3-84956416,S3-362250236
S1-245423758	S3-166026508,S3-843440259,S2-180913408,S3-326587737,S2-914506074
S1-70318872	S2-968790428,S3-224559099,S2-412235739,S2-759392709,S3-237241970,S3-928840991,S2-349228616,S3-959376263,S2-403155735,S3-955866589
S1-280351384	S3-593359869,S2-28094949,S2-532648443,S3-737121478
S1-649038975	S2-443065346,S3-321865842,S2-494189342,S3-499444970
S1-738090205	S2-621661947,S2-682448827,S2-375678912,S3-176478396,S3-728507230,S2-993918374,S3-356283209
S1-362575266	S3-478455563,S3-689179795,S2-572462433,S2-382116406
S1-28610748	S2-851208521,S3-171004874,S2-442702805,S3-455074246
S1-658553024	S3-620286133,S3-45164217,S3-509722101,S3-428605696,S3-199411792
S1-226092411	S3-985828008,S2-540752224
S1-642293579	S2-366140410,S3-23583750,S3-572481510,S3-862621261,S2-529592874
S1-612369220	S2-86634861,S3-266362756,S3-145784723,S3-400368347,S2-984553500,S3-826753921,S3-159574501
S1-660994803	S3-128472767,S3-296894446,S2-726251458,S3-974774228
S1-772678411	S3-859278348,S2-127304147,S2-445178489,S3-458625232,S3-519803164
S1-929220487	S3-615284543,S2-802118923,S2-739418552,S2-316727293,S2-625788068
S1-354837287	S2-513328718,S3-420883398,S3-288678668,S3-149489756,S2-683813521,S2-67745669,S3-740126345,S3-879404975,S2-796326064,S2-888887907,S3-480418807,S3-813839761
S1-293397047	S2-756222953,S2-110398073,S2-102894550,S3-915370634,S3-82544521,S3-176121555
S1-637052837	S2-490554050,S3-935098382,S3-174933371,S3-841717287
S1-598838112	
S1-294875985	S2-598120345,S3-370123391,S3-108335909,S2-836264064,S3-85630325
S1-948969521	S3-711596956,S2-686848738
S1-631506217	S2-140527962,S3-265493685,S3-144355721,S3-157141556,S2-699173288,S2-96600520,S3-237544930
S1-929054691	S2-197865020,S3-673191100,S2-653062110
S1-947743941	S2-127357318,S3-490623494,S3-805518648,S2-513856290
S1-18467148	S2-522201715,S2-200951839,S2-381736983,S3-562526860,S3-279279206,S3-439710135,S2-480904865
S1-135662451	S3-182358263,S2-492999162,S2-183796972,S3-271930888,S2-387745729,S2-630388273,S3-999625790
S1-418192932	S3-351686705,S3-91628182,S2-695281812,S3-449105469
S1-531611840	S3-754036288,S3-61686120,S2-52083157,S2-154221924,S3-828521580,S3-349604932,S2-576124459,S2-601403596,S3-869091161,S3-580410824
S1-488957184	S2-329517923,S3-955532589,S2-408243634,S2-761259581
S1-828436727	S2-303474676,S3-509143071,S3-80706717,S2-781784589,S3-581206043,S2-146599466,S3-164599709
S1-216170284	S2-704543732,S2-4692035,S3-82429902,S3-582324270,S2-954609646,S3-464541003,S2-186951276,S2-414693826
S1-572676826	S2-663565219,S3-114464581,S2-906266286,S3-845910516,S2-613474395,S3-81834673,S3-368330683
S1-717251610	S3-651722130,S2-311007244,S3-203267596,S3-199522239
S1-679408568	S3-459651323,S3-970174571,S2-435578202,S3-8402434,S3-275712047,S3-488612467
S1-978519594	S2-731877422,S3-226872337,S2-152821574,S2-908477561,S2-647543024
S1-538939734	S3-302698411,S3-490642580,S2-551841846,S3-42291717,S2-890001854,S2-86609928,S2-137449382,S3-548674660,S2-860961346,S2-493735309,S3-385794465,S2-844651474
S1-761113485	S2-781544011,S2-681336549,S3-300102672,S2-478949090,S2-317407408,S3-712610003
S1-875788852	S3-176140473,S3-851547731,S2-598711506,S2-813405867,S2-984059285,S2-846520067,S2-523449933,S3-150388377
S1-651178322	S3-352039442,S2-392841995,S2-502006548,S3-23509961
S1-302197131	S3-291427475,S2-288172849,S2-302521602,S3-849498738,S2-702447143,S3-87800883,S3-402592451,S3-828373855,S2-872100779,S3-786974774
S1-547866820	S3-968287641,S3-305511009
S1-75814522	S2-393327995,S2-288466045,S2-631767642,S3-923334728,S3-830809522,S3-107135996,S3-781754049
S1-553432108	S3-751588798,S3-205301863,S3-868295224,S3-987250741
S1-692993433	S2-694374703,S3-31336194,S2-962495668,S3-218637567
S1-888796114	S2-955895379,S2-772715671,S3-168706411
S1-586007332	S3-481639008,S3-603186944,S2-938481447,S2-987528049,S3-527821285,S3-739621421,S3-337275492
S1-153994913	S3-716681845,S3-54441394,S2-695507480,S2-125602232,S2-259002487,S2-662439692,S3-266300868,S3-177413353,S3-977168223,S3-512285150
S1-759831614	S3-695135157,S3-951335528
S1-655336192	S3-710721534,S3-369974488,S2-318039669,S2-859377987,S3-548132293,S3-813453073
S1-459763629	S3-31095365,S2-922091117,S3-898885893,S3-719871277
S1-643258490	S2-363920159,S3-57485693,S3-889465114
S1-438065831	S3-21776090,S3-640639723,S2-330795496,S2-169422825,S2-105304182
S1-252661307	S3-985790185,S2-741067088,S2-297526077,S3-869068512,S3-478313818,S3-17395228
S1-607654017	S3-673046241,S3-916046355,S2-756816231,S2-941477109
S1-30909010	S2-307881215,S3-188156796
S1-221333847	S3-186420932
S1-107715652	S2-114986739,S3-774378737
S1-782168738	S2-967743034,S3-181137174,S3-163470821,S3-700114989,S3-627288259,S3-201721225,S2-396856584,S3-158888297
S1-868165555	S2-936154662
S1-126032191	S2-484666172,S2-752123540,S3-806385319,S2-765426601,S2-976085513
S1-125623285	S3-304684857,S3-224943800,S3-572972091,S2-313214027,S3-690583223
S1-102111455	S3-479483379,S3-42142015,S2-798028683,S3-24514849
S1-577084080	S3-241884933,S2-434103973,S2-478424317,S3-144039850,S3-516649726,S3-389570695
S1-4055591	S3-446307203,S3-430221575,S3-337301959,S3-191401031,S3-7782820,S2-753701452,S2-504636382,S3-130436756,S3-530951457,S3-120746356,S2-382007235,S3-946257699
S1-154464604	S3-847940788,S3-633826172,S2-149890720,S2-31831201,S2-609775750,S2-677807650
S1-815601813	S2-313133254,S3-796792022,S3-374851174,S3-848235732
S1-590643676	S3-671519208,S3-522389227,S3-452709955,S2-889978018,S2-74997335,S3-110462826,S3-390386774,S3-394659309,S3-453775896,S3-753916558
S1-934507412	S3-641364188,S2-665246414,S3-511312440,S2-980695829,S3-533118003,S3-757318922
S1-982650506	S3-918010864,S3-654725458,S2-379889571,S3-268569895,S3-269091539
S1-797209202	
S1-525856483	S3-451459496,S3-316039014,S2-465171015,S2-547837069,S3-551854787,S3-457598746,S2-401544526,S3-122692366,S3-72664218,S2-995464582
S1-121275871	S3-684881501,S2-679236208,S3-324846142,S3-294924872,S3-702948072
S1-683717641	S3-399450189,S3-566399138,S3-35273341
S1-844455513	S3-76519626,S2-170647851,S3-490634278,S3-142163094,S2-740374135,S3-804987761
S1-491355091	S3-451852663,S2-779321490,S3-662022764,S2-360707163
S1-99856041	S3-288618422,S3-685249433,S2-570532668,S2-916315844,S2-519558,S3-562747164,S3-684427672
S1-831858658	S3-263995893,S2-437885827,S3-635600790,S3-336024587,S3-419093198,S3-21485336,S3-868862296,S3-65934554
S1-998938906	S3-688727779,S2-190893406,S2-125120931,S3-489990009,S3-513879520,S3-854474626,S3-712610003
S1-960715502	S3-333223864,S2-636607092,S3-661239232,S3-925852290
S1-899133727	S2-84472953,S2-282911995,S2-188092473
S1-806934629	S2-796841943,S3-938848497,S3-383899235,S2-349910889,S2-315777950,S3-785839172,S3-721182862
S1-948002890	S2-694378528,S2-80430752,S3-152252781,S3-921447831
S1-130747224	S2-836861881,S2-433847230,S2-595179774,S3-637675210,S3-917798280
S1-571272823	S2-481954755,S3-456420308,S3-118774333,S2-79685096,S3-240161343,S3-225265552,S3-11979063
S1-115885858	S2-836191674,S3-279457670,S2-590496446,S2-547671195
S1-574326409	S2-267751419,S3-10290301,S2-410180336,S3-963262316
S1-55554536	S3-288179437,S3-586653733,S2-782985041,S2-618569633,S3-86848998,S3-761994008
S1-692424263	S2-372491091,S3-535689531,S2-456138319,S3-424283137
S1-422823667	S2-100915261,S3-578799498,S3-568300109
S1-152832643	S3-123962112,S3-603790749,S2-137011146,S2-177998967,S3-713697307,S3-491944001,S2-215644693,S3-791991813
S1-72197215	S2-780456987,S3-236375206,S3-860257899,S2-606294516
S1-939168950	S2-927795925,S2-726449137,S3-443835286,S3-276693433
S1-833412872	S3-203057111,S3-94132324,S3-639903951,S3-56971529,S3-245684206,S3-876988039
S1-476361546	S2-542564355,S2-109645247,S2-774501565
S1-154636396	S2-412646860,S3-461384150,S3-885035395,S3-894012784,S2-95374294,S2-65836039,S3-676882696,S3-35593086
S1-13454436	S3-694665536,S2-7026409,S2-42044075
S1-559161481	S2-884854124,S2-565129409,S3-579377395,S2-883304018,S2-675575956,S2-293940902
S1-687135529	S2-871975909,S3-975964969,S3-427512123,S3-83463657
S1-445607577	S2-526576050,S3-589551215,S3-732771040,S3-356493272
S1-594708865	S3-179268074,S3-27318491,S3-710698560,S2-899400479
S1-643629852	S3-641709632,S2-177353296,S2-298314448,S3-547675667,S2-341763282
S1-498296224	S2-309307916,S2-132876917,S2-96785177,S3-919312295
S1-447245573	S3-50237598,S2-136162603,S2-246474957,S3-624568995,S3-645944343,S2-481724849,S2-890407730,S3-809234240,S2-262887606,S3-660158548,S2-884788997
S1-947274590	S2-997761260,S3-74030039,S3-655029692,S3-54059932,S3-417536257,S2-783730245,S3-763857583
S1-699645402	S3-321421561,S2-799859014,S3-709771495,S2-129624239
S1-624989970	S3-258179674,S2-214084621,S2-89564440,S2-248755641,S2-485628327,S3-671580807
S1-390113910	S2-668132407,S3-554137898,S2-82147734
S1-270420170	S3-579907739,S3-30961775,S3-765093570,S3-260996013,S2-50518516,S2-261260733,S2-668032455,S3-324254891,S2-906109915,S2-815925803
S1-161076129	S3-783427934,S3-116277098,S3-194488865,S3-562336202,S3-304748580,S3-413855320,S3-976493519,S3-611660440,S3-775165599
S1-144674915	S3-480427713,S3-36381454,S3-514249640
S1-736833461	S3-115310522,S3-431500884
S1-905469806	S3-895579264,S2-286255901,S3-982921056,S3-330614510
S1-69205908	S3-651563823,S2-496872745,S3-16314784,S2-610203762,S3-332593561,S3-76513277,S3-469795537,S3-655340620
S1-988484599	S3-735522529,S3-205204537,S2-677525925,S2-897575310
S1-623603592	S2-425722690,S2-872569261,S3-455899436,S2-848212193
S1-139388421	S3-631943796,S3-678810340,S2-550247491,S2-880534685
S1-81761802	S2-927392287,S3-467060103,S3-950159493,S3-23006638,S3-423628859,S2-156361107,S3-907232148,S3-852948514
S1-632702764	S2-502752669,S3-840103838,S3-331831017
S1-89537501	S2-198931570,S3-834397517,S3-498116999,S3-367625335,S3-549030497
S1-926611217	S3-713200470,S3-272836374,S2-854472162,S3-113975354,S3-197107828,S3-836101818
S1-907321035	S3-328076627,S3-766903797,S2-773625012,S3-195498547,S2-664256116,S3-754208588
S1-103706011	S2-361430995,S2-859002049,S3-649410647,S3-652991002,S3-831065169,S2-601703414,S3-287115284,S3-773404165
S1-518100323	S2-980277785,S2-561694776,S2-855145951,S2-897787481,S3-228087756,S3-306818167,S2-14021429,S3-372426034,S3-755062710
S1-418040968	S3-745591466,S2-822498019,S2-54520498,S3-224939820,S3-395405879,S3-158888297,S3-119679588,S3-823773817
S1-195393959	S2-550617636
S1-476387357	S2-90359793,S3-754651293,S3-437552965,S3-626938390,S3-287402859,S3-92927838,S3-332376624
S1-631303958	S3-90322954,S3-406419747,S3-612061791,S3-997578570,S2-12573133,S3-639117020,S2-10365607,S2-243158998,S3-831753648,S2-299776247,S3-413195829,S2-110347097
S1-321142680	S3-16983412,S2-824671473,S2-812569217,S3-716422629,S3-508238900,S3-38343612,S2-417167747
S1-98344275	S3-630379007,S3-622228389
S1-205985365	S3-450238898,S3-290048385,S3-82873837,S2-270022474,S3-446698849,S2-311333252,S2-30934354
S1-728543001	S3-115710310,S3-650958266
S1-87312585	S2-684007937,S3-815206337,S2-464723763,S2-524840077
S1-449014406	S3-557034019,S3-947325157,S2-836102409,S3-924873083,S3-620416556
S1-987790458	S2-595911367,S2-853723815,S2-576629831,S3-179496599,S3-779000848,S3-315499175
S1-460117109	S3-603746210,S3-608259983,S3-45171475,S2-54728662,S2-157417390,S3-983186015,S3-275400578,S2-809642006,S3-460406031,S3-325539242
S1-840118499	S2-572602779,S3-28976953,S3-70967882,S3-292320472
S1-92010556	S2-873544856,S3-896021047,S3-912366442,S2-323163678
S1-712704483	S3-433765919,S3-602460147,S2-744275958,S3-150616806,S2-940360505
S1-899155024	S2-244026010,S2-85178611,S3-466308181,S3-793295755,S3-953142300,S3-222986330,S3-719871277
S1-921579013	S2-644813496,S2-712791977,S2-528403657,S3-706496320,S2-903615282,S2-282899069
S1-104738800	S2-834640606,S2-519930481
S1-960020675	S3-399370294,S2-332225099,S3-178002285,S3-509491510,S2-560493835,S2-5364986
S1-508222612	S2-108585696,S2-240150688,S2-740082129,S3-374474968,S3-58935252,S3-504831669,S2-423805981
S1-36871336	S3-982036779
S1-473890660	S2-661371712,S2-709873679,S3-906121269,S2-570278426,S3-298982751,S3-912933942
S1-438287638	S3-719286849,S2-165541417,S3-517609110,S3-671627166,S3-712117196
S1-67697852	S3-802752335,S3-386542684,S3-185053802,S2-913660225,S3-734634258,S3-678157268,S3-245072145
S1-79682816	S3-601529977,S2-456628594,S3-520772677,S2-313761338,S2-9829062,S2-5225218
S1-545208031	S2-390745092,S2-464587701,S3-837575483
S1-291512820	S2-166424975,S2-313511071,S3-605739389,S3-273386154,S2-104485692
S1-132674673	S2-997549586,S3-514269638,S2-447742279,S2-108797723,S3-525997321,S3-775921438,S3-207573896,S2-409121625,S2-154604859,S3-242989012
S1-201232884	S3-1907260,S3-881424846,S3-417920828
S1-185621497	S3-489990009,S3-854474626,S3-440006005,S3-38456671,S3-225538998
S1-739578785	S3-80859618,S2-188680365,S2-872168369,S2-671918427,S3-243789489
S1-54464183	S2-703989158,S2-233530943,S2-459910399,S2-692712904,S3-840106060
S1-575710437	S3-502228740,S3-794008365
S1-298875387	S3-360864563,S2-364975446,S2-181375078,S3-821037381,S2-576212404,S2-319176236
S1-902655206	S2-917564493,S3-272165405,S2-878077172,S2-711300843,S3-225895760,S2-30247369,S2-326662577,S3-951609476,S3-142246732,S3-957922978,S2-418871209
S1-430591168	S3-212702334,S3-921156682,S3-784460943
S1-984552295	S3-337904240
S1-968739877	S3-618250833,S3-63514460,S3-779779882,S2-913913653,S3-113464810
S1-943701517	S3-422958922,S2-320507894,S3-502764322,S3-976237213,S2-394366042,S3-666502939,S2-103901974
S1-422628911	S2-731688233,S2-549751280,S3-803678908,S3-527397773,S3-529957997,S3-261780791,S3-14839370,S2-203691249,S2-954697461
S1-909143458	S2-647414015,S3-572973605,S3-155535582,S2-670256394,S2-598473303
S1-322760691	S3-161159213,S3-381567866
S1-968329492	S2-269547856,S3-798189718,S2-281505671
S1-788955536	S2-860295028,S2-998300406,S3-218219611,S2-775155722,S2-318892502
S1-809710133	S3-79123400,S2-286793652,S2-847259596,S2-669548457
S1-77394474	S3-337505733,S2-398427445,S2-253570818,S3-503312311
S1-430781126	S2-554400975,S3-900719026,S3-830798162
S1-314051237	S3-197966979,S3-73904542,S2-175515118,S2-489377901,S3-799482026
S1-471137462	S3-138070747,S3-390671499,S2-681328777,S2-326734948,S3-342261194
S1-653512986	S3-983900252,S2-843613895,S3-765784606,S3-179424650,S2-914711695,S2-114039561,S3-684935082,S3-206538801,S3-25585065,S3-971910191,S3-98109248,S2-662612933
S1-777136779	S3-368926890,S3-459643975,S3-250386112,S2-208240175,S3-579233180
S1-55975658	S3-317961216,S2-404664111,S2-829181311,S2-668592356,S2-363006048,S3-341326013,S2-854875219,S3-837210505,S2-526092562
S1-690420510	S2-15281840,S2-874057894,S3-936817468,S3-937276187,S2-230959314,S2-520639035,S2-605811286,S2-628741583,S3-872602171,S3-4181278
S1-640416043	S2-340354449,S2-171938818,S2-224096438,S2-666917282,S3-899392785
S1-440963048	S2-616440773,S3-887100711,S2-398526110,S2-320773884,S2-548386655,S3-104627526
S1-547961154	S3-31858,S2-139949187,S2-437959368,S2-375747431,S3-637462512
S1-27837146	S3-914491461,S2-479858322,S2-528118408,S3-724313136,S3-963783821,S2-802105480,S2-793641572
S1-250061606	S3-270772439,S3-304194042,S3-423855106
S1-801415066	S3-966288321,S2-405565677,S2-129234661,S3-488059734,S3-765784606,S3-179424650,S2-114039561,S2-914711695,S3-98109248,S3-206538801,S3-25585065,S3-971910191
S1-367544083	
S1-131421481	S2-718110494,S3-672664021,S2-582468657,S2-453376221,S2-944378849,S3-305288382,S3-279672119,S3-741714886
S1-231222622	S2-51991412,S3-167054528,S2-817563529,S3-216464483,S3-709235
S1-306901587	S2-78661998,S3-925378850,S2-903264926
S1-921490156	S3-22209492,S2-600798110,S3-185971595,S3-520396645
S1-644770716	S3-768559191,S3-30544937,S2-606712551,S3-471330485
S1-872682860	S3-162907687,S2-770652014,S3-666611504
S1-715968943	S2-911464004,S3-615519029,S2-720330011,S2-381310865,S3-536441475,S3-433890251
S1-357370182	S3-720390403,S3-427586684,S3-217882834,S3-847591014,S2-66993204
S1-722307224	S3-941707734,S2-831479626,S2-483902650,S3-181723656,S3-430500618,S3-481649817,S2-915632644,S3-895392506
S1-572586464	S2-257741093,S3-676451438,S2-748485705,S3-156964306,S3-399986308,S3-171560152,S3-676871578,S2-401048973
S1-207390239	S3-988082226,S3-612389644,S3-819148861,S2-700492481
S1-461136934	S3-675845236,S3-916314668,S2-429888618,S3-42080580
S1-724922746	S2-477995766,S2-508482484,S3-927316327,S3-614405445,S2-410297289,S3-554052817,S2-213709423,S3-429477431
S1-637811161	S2-58274076,S3-649966130,S3-746307630,S3-433028487
S1-404725135	S2-363365953,S3-983337738,S3-817768082
S1-882877527	S2-385561999,S3-719442411,S2-979870620,S2-717715830,S3-309201129
S1-531648870	S2-867691665,S2-878278357,S2-920278677,S2-296126007,S3-713571545,S3-71894156
S1-228306430	S3-949597519,S2-230727342,S2-916973404,S3-760111749,S2-544173236,S2-82912639
S1-50897949	S2-561644501,S3-249287349,S2-904609361,S3-101160277,S3-734405679,S3-392985932
S1-145311497	S3-336083439,S2-873875754,S2-456596983,S3-579294017
S1-120036257	S3-785227093,S3-921204439,S2-94492581,S3-271194443
S1-63643505	S2-197925801,S3-527959984,S3-386246204,S3-351171221,S3-989465352,S3-51389002
S1-460404648	S2-880736323,S2-922308087,S3-450520320,S3-592413197,S3-681065817,S2-883119886,S3-850184767
S1-461308988	S2-717139939,S2-702995843,S3-496828507,S3-431934468,S3-95492087,S3-716045121,S2-222116723,S2-410316633
S1-453283634	S2-103090961,S2-876245791,S2-170119272,S2-717736070,S3-250559817
S1-323351825	S3-264505379,S3-374859767,S2-120079850,S3-194122023
S1-7159153	S3-39421574,S3-212938203,S3-788023143,S2-800700118,S3-23246527,S3-983627034
S1-349220827	S3-814522559,S2-189739102,S2-870906728,S2-922169475,S3-833577315
S1-8111647	S2-500192058,S3-644973281,S3-151186628,S2-428312891,S3-211556642,S2-472707870,S3-399351384,S2-906894630,S2-602596078
S1-709739042	S3-735795755,S2-521218242,S2-683291355,S3-82528436
S1-887424530	S3-222016581,S3-482715068,S2-847016450,S2-223661096,S3-735921417
S1-292705274	S3-345761703,S2-982325951,S2-795157344,S2-648219065,S3-268857604
S1-10626835	S2-476619826,S2-947846387,S3-53979786,S3-868587327,S3-776452770
S1-575729935	S3-614030073,S3-492566902,S3-46551682,S2-719543667
S1-821655965	S2-968161665,S2-806025680,S2-487493131,S3-450212173,S2-45078624,S2-220404664,S2-412802784
S1-884886849	S3-162316622,S2-670049120,S3-188477899,S3-924407454
S1-331409561	S2-441850372,S3-39902598,S3-567945427,S3-841780399,S3-156290905
S1-380226084	S2-836012800,S3-371524187,S3-162699275
S1-714914571	S2-326048200,S3-774397483,S3-513059242,S2-638263407,S3-927316327,S3-614405445,S3-554052817,S3-429477431
S1-28347314	S2-808560830,S3-527449906,S2-941807208,S3-300644546,S2-894860443
S1-727122870	S3-783255475,S3-950365951,S3-786672722
S1-780547539	S3-456748203,S2-463105639
S1-166280641	S2-521740157
S1-100097160	S3-409947470,S2-831336264,S3-792381340,S3-116057957,S2-383776496
S1-428699602	S3-541629237,S3-794331398,S3-844476345,S3-849209812
S1-63160245	S3-409936458,S3-241281464,S3-532157207,S3-400389565,S3-599427085,S2-447221703,S2-816341185,S2-396233982
S1-671183648	S3-955819978,S3-512124311,S2-831634078
S1-872662229	S3-461099336
S1-785384834	S2-759817181,S3-684835293,S3-229464828
S1-236145941	S2-117310834,S2-530652194,S3-805860293
S1-857030148	S2-233023318,S3-990028826,S3-440469801
S1-275778357	S3-630580434,S2-653696319,S3-936501765,S2-651357138,S2-287140866,S2-998284074
S1-552953821	S2-64359973,S3-94326135,S3-858661605
S1-289058075	S3-427996737,S2-43489709,S2-78669634,S3-600864023,S2-877363738
S1-91112920	S3-10155057,S3-842105681
S1-323590473	S3-700546710,S3-103031184,S2-587200617,S2-815981011,S3-489163999,S3-543305101,S3-46519627
S1-872494225	S2-749328084,S3-95374916,S3-777537287,S2-632688942,S3-206798123,S2-18345688,S3-590683988,S2-284104143,S3-480418807,S3-813839761
S1-443701700	S3-577447303,S2-758914693,S2-459707300,S3-355023814,S3-429477431,S2-935833553
S1-333734234	S3-259625209,S3-393168269,S2-286499259,S3-661461006,S3-840807967,S3-318849857,S3-354102734,S3-653699344,S3-516839951,S3-98811359
S1-535123946	S2-700853314,S2-295275499,S3-185294662,S3-265106488,S2-826407551,S2-621890225
S1-910747945	S3-339890961,S3-58771697,S3-65595522
S1-613089997	S3-764437447,S3-407614525,S2-21632583,S3-593325583,S2-578782499,S3-644137691,S3-293185328,S3-489990009,S3-854474626
S1-683049543	S3-61902923,S2-685758645,S3-699062323,S3-905910692
S1-336300303	S2-153432054,S2-817279111,S2-58474532,S3-886091309,S2-739810112,S3-460814444,S2-977889449
S1-799003346	S3-438836738,S3-179142757,S3-573164314,S3-817507691,S3-19130127
S1-815730755	S2-850361704,S3-242077368
S1-973320675	S3-308924894,S3-144309318,S3-55043465,S2-437455712,S3-526878786
S1-745181502	
S1-585436260	S3-890876200,S3-322142972,S3-508872546,S2-514874029
S1-327764402	S2-145415301,S3-939686767,S3-323628955,S2-595175503,S2-920772555,S3-761053987,S2-975611099,S2-425120662,S3-992955687,S3-204671981,S3-140999088
S1-498795006	S2-394359784,S2-775655445,S3-276453108,S3-331438328,S3-941133757
S1-532683773	S3-646428121,S2-196469768,S2-21691519,S2-248830147,S3-965735823,S2-359643603,S3-224879631,S3-738707061,S3-76010194
S1-369404536	S2-440762793,S3-799160712,S3-520762056,S3-647305957,S3-626050676,S3-976507005,S3-975641925
S1-455804773	S3-762368218,S3-144517784,S2-378449473,S2-507274102
S1-781113477	S2-664684263,S3-751121318,S3-628853592,S3-827816606
S1-786725149	S3-814676157,S2-279086717,S3-662835691,S2-881930848
S1-812138277	S2-174813892,S3-142670407,S3-866657505
S1-315261272	S3-974283403,S3-200351455,S2-546636532,S3-52243563,S3-65629866,S3-338704964,S3-471840538
S1-254592401	S3-203167738,S3-909566569,S3-950002512,S3-594877218,S3-101235069
S1-438530334	S2-518521175,S2-922069977,S2-535592194,S3-717833862
S1-863093170	S2-560373500,S2-168220958,S2-506425291,S2-8440963,S3-61339072
S1-731477130	S2-369255847,S2-700766587
S1-233535808	S3-361229563,S2-894768005,S3-171225482,S2-141197876,S3-35605428
S1-271692063	S2-713207113,S3-679951518,S2-117520755,S3-789634247,S2-723804836,S2-557647791,S3-737699667,S2-666505061,S2-271783697,S2-48171374,S2-796249317
S1-255019889	S2-600219141,S3-632132256,S2-212270104,S3-582068151,S3-122499103,S2-290351059
S1-401904030	S3-558246935,S2-880863090,S3-790737303,S3-281606374,S3-704451432,S3-377538238
S1-132349940	S3-916805781,S2-285714651,S3-642808834,S2-769100276,S3-345764225,S3-122555041,S2-691698465,S2-146208420,S3-642096136,S2-696536120
S1-935467742	S2-596041115,S3-381259684,S3-524288893,S2-451893491,S3-558343801,S3-542991140,S3-808563641
S1-850221477	S2-265788668,S3-534786221,S3-946705906,S2-222310642,S2-363066078,S3-461036390,S3-630381327,S3-428562811,S3-883544313,S3-424996555
S1-789737840	
S1-29526636	S2-225082806,S2-946333752,S3-238032725,S3-462069221,S3-539006264,S2-973612954
S1-882923334	S3-873291322,S3-691974803,S2-831025547,S3-772749363,S3-961245096,S2-533280193,S3-947219303,S3-44284168,S2-643273463,S3-948000949,S2-70163054,S2-894065306
S1-970521828	S3-41279981,S2-183646040,S2-434236852,S3-356115923,S2-270385842,S2-549129518,S2-313640377,S3-265529408,S2-611362124
S1-12959749	S3-270828418,S3-667556220,S3-682497036,S2-218345852,S2-520716634,S3-177980074,S2-813122971,S2-655192631,S2-540735469,S3-559986606,S2-498188863,S2-764098440
S1-530721009	S3-373575539,S3-666209074,S3-526408436,S3-392753303,S3-429919587,S3-132893370,S3-259697389,S2-769609167
S1-625924104	S3-459656562,S3-701521395,S2-542142819,S3-515322199
S1-934493113	S2-951330075,S2-310405357,S2-39718939,S2-776127764,S3-175045957,S2-497598678,S3-293034862,S3-316209562
S1-478509086	
S1-670949000	S2-267027462,S2-973461869,S2-756904979,S3-792288065,S3-230547695,S3-668161169,S3-605060527,S3-252495717,S3-164474452,S3-282287635,S3-624880382
S1-487300190	S2-387703730,S2-884702093,S2-791079807,S3-279837083
S1-364637562	S3-431609034,S3-938296323,S2-618224659,S2-741459336,S2-429275719,S3-585922034,S2-925896998
S1-710917189	S2-822638313,S3-645244569,S3-904111765,S3-564703748,S3-163888802
S1-488120035	S2-744341522,S3-99240273,S3-679355870,S2-912441115,S3-722818216,S3-211775256,S3-676300573
S1-567771401	S3-95062718,S3-391494689,S2-212719161
S1-716162487	S2-822375985,S2-815582368,S3-353990519,S2-803338212,S3-149894272
S1-973624986	S3-28888306,S2-721063202,S3-539532551,S3-369564531
S1-906231523	S3-939790449,S2-13930006,S2-857667868,S3-452995600
S1-63653500	S3-146310573,S2-123603402,S3-780093112,S2-152037718,S3-194711304,S3-430955167
S1-975892571	S3-952803307,S3-858975374,S2-179930649,S2-936058923,S3-902786325,S3-837974,S3-841919144
S1-588916160	S3-627800989,S3-863864835,S3-861917307,S3-686887630,S3-35044253,S2-768941758,S3-596277588
S1-726746849	S2-305407552,S2-892728766,S3-199453631,S2-388565575,S3-566827283,S3-182584317,S3-117389788,S3-985561093,S2-978865010,S2-298347379
S1-385298252	S3-456305603,S2-721978869,S3-730807743,S2-248150619,S2-519292378,S3-149622657,S3-828740108
S1-905530301	S3-404252440,S3-289465032,S2-367882224,S2-773024797,S3-963905411,S3-695720248,S2-203860311,S2-743144886
S1-229417551	S3-557586510,S3-207931099,S2-338567916,S2-681699072,S3-318032940,S3-53979786
S1-541291246	S3-713457218,S3-669959313,S2-598969958,S3-857445860,S3-398186132
S1-60451250	S3-762706530
S1-259585466	S3-179059383,S2-178505463,S2-891783597,S3-309273387,S3-495440293
S1-184625544	S3-297243142,S2-64651575,S3-53810319,S3-623652519,S3-137709347
S1-113165641	S3-478189587,S2-417928373,S3-361441799,S3-261053582
S1-431165864	S3-141185135,S2-137497209,S3-742202681,S3-572098366,S2-686759635,S3-992451108,S3-798763951,S2-237113366,S3-646759078
S1-789517167	S2-719490522,S3-679988060
S1-912472806	S2-324598424,S3-997614899,S2-165504624
S1-170230490	S2-279836879,S2-162497903,S2-579605002,S3-37816894,S3-779343975
S1-200445964	S2-486284797,S3-897489174,S2-236913228,S3-818085286
S1-106178228	S2-636903848,S2-132980543,S3-563863853,S3-489950629,S3-113267190
S1-904543367	S3-64590644,S3-482883745,S3-221959435,S3-92667587,S2-534359872,S2-996537016
S1-560597986	S3-298603032,S3-681787414,S3-652087450,S3-693762858,S3-847261400
S1-108715214	S2-892735934,S2-503234651,S2-151638087,S2-584633683,S3-512469326,S3-835092069
S1-14446478	S2-882587814,S3-933969287,S3-907998082,S3-899915674
S1-462659730	S2-314073052,S3-976333763,S3-709387913,S3-552995555,S3-534659548,S2-863281562
S1-221484924	S3-663329539,S2-691022435
S1-887339121	S2-819340481,S3-165195515,S2-927294429,S2-525024920,S2-487950132,S2-886160874,S3-469304237,S2-415720234
S1-174122342	S2-496569901,S2-287252044,S3-183891562,S2-352414295,S3-164895,S3-727838550,S2-153133380,S3-260026603
S1-464092864	S2-495932027,S2-519954598,S3-612100718,S3-220017868,S3-991250410,S2-466601082,S3-739367426
S1-126443963	S2-298982767,S3-51215876,S3-558566724,S3-77433925
S1-335506849	S2-149244226,S3-27643770,S2-321956568,S2-636508392
S1-684302640	S3-240959061,S2-78646496,S3-893165620,S2-923222025,S3-560711768,S3-104876286
S1-518320698	S3-623782514,S2-468913928,S3-945448061,S3-449779268,S2-699319991,S2-266029706,S2-31966791,S3-65441105
S1-479853241	S3-245820377,S2-62125007,S2-581511585,S3-813644690,S3-218348581,S2-719456627,S2-95491763
S1-992499581	S2-207359942,S2-725594518,S3-637213591,S3-761479353,S3-302613745
S1-702876950	S3-178273690,S3-3481074,S3-735017006
S1-862134169	S3-536713911,S2-204912105,S2-659161920,S3-807045038,S3-89499461,S3-671857872,S2-656053155
S1-617172733	S2-3808085,S2-82215894,S3-891066986,S3-924065713,S3-544242005,S3-602143158,S2-528789000,S2-362727339
S1-747758895	S2-136810469,S3-850436829,S2-414049328,S3-250927062,S3-499023828
S1-831415089	S3-944266677,S2-482323058,S3-479840841,S2-742238392,S3-655067791
S1-846433042	S2-83055309,S3-404941578
S1-196547766	S3-716505666,S3-173828211,S2-372474586,S3-575317301,S2-669432215,S2-559874214,S3-100399625
S1-453516108	S2-994889977,S2-486001464,S2-177943934,S3-127266313,S3-961538047
S1-259099539	S3-73936848,S2-272352769,S3-649368863,S2-234809596,S3-673749992,S2-732603248,S3-319918225
S1-454681811	S2-580783818
S1-829044389	S3-87131780,S2-207705059,S3-913909991,S3-879650096,S3-835189915
S1-732981167	S2-160710591,S3-653903979,S3-401554575,S3-86205818
S1-171554269	S3-83233035,S3-953679017,S2-902601116,S3-731870277
S1-248395911	S2-482674471,S2-423889566,S2-539833538,S2-605740519,S3-360858909,S3-549001273
S1-815607943	S2-509060055,S2-856611853,S2-899757878,S3-304743929,S3-996437179
S1-860432375	S2-236546010,S2-948230074,S3-919795882,S3-405983322,S3-364639266
S1-462516598	S2-273443191,S3-644377989,S2-779278111,S3-335351483
S1-859481943	S3-545315610,S3-169903100,S3-625810083,S3-314248124
S1-499643492	S2-538610819,S2-580100411,S2-651470494,S3-639657611,S2-586505377,S3-369469541
S1-993638607	S3-816181047,S3-497897323,S3-702209143,S3-45743637
S1-40241774	S3-214426827,S3-823392605,S3-617481984,S3-499675102,S3-903518823,S3-648670868
S1-396852852	S2-80541521,S3-683782394,S3-565727968,S3-143630887
S1-832020751	S2-689160568,S2-146351546,S3-314429541,S3-798046210,S2-373983286
S1-390159980	S3-828908056,S3-342533380,S3-917332915,S3-504059113,S3-207010951
S1-66300624	S3-378576409,S2-550136282,S3-730893738
S1-252641367	S3-294693153,S3-638460527,S3-755698211,S3-643246331,S3-239057261,S2-400792530,S2-951281345,S2-927469967
S1-956180713	S2-434317552,S3-170213239
S1-207253311	S3-194047798,S3-3146070,S2-704437947,S3-630582529,S3-820692885,S2-11330117,S3-201711820
S1-601829318	S3-737425285,S2-355390248,S2-820480420,S2-514488360,S3-40411,S2-647051829,S3-298751937,S2-95189363,S3-147943262,S3-335750158,S2-199117120
S1-479904821	S2-977640682,S3-444680507,S3-309083946,S2-942271699
S1-952962246	S2-375108102,S2-531391647,S2-936310611,S2-8687209,S2-160111609,S3-220423982,S2-2561019,S3-722608066,S2-271400129,S2-432423471,S3-86843275,S3-367090436
S1-31415318	S3-243368777,S2-643218881,S2-209343624,S3-683455042,S3-653262036,S3-211529663
S1-225629726	S3-667113485,S2-134780727,S3-609012664,S2-452553800,S2-265674281,S3-381844211,S2-468334544,S2-273712531
S1-872818125	S3-259429059,S3-341734665,S2-55354275,S3-676319637,S3-191527684,S2-54399552,S2-510607126,S3-792105371
S1-637438485	S2-642300816,S2-995862398,S3-424727480,S3-257057047,S3-634478712,S3-294252837,S3-893676514
S1-799167817	S3-570349896,S3-891589600,S2-687869602,S3-62267721
S1-537003982	S3-834697937,S2-722591304,S2-112054345,S3-985352719,S3-569483332
S1-836382762	S3-767687924,S2-763979129,S3-249400050,S3-293460671,S3-924935861
S1-512545011	S3-126997203,S2-570037309,S2-725005142,S3-479901776
S1-811044132	S2-498751743,S3-42284812,S2-133816490,S3-383390567,S3-440570642
S1-335351006	S3-233338461,S2-558766190,S3-715247045,S3-770052362
S1-304278365	S2-480388433,S3-600695912,S2-304627664,S2-859192425
S1-23434440	S3-221203814,S3-545847982,S3-522201943,S2-643951270,S2-965302608,S2-520571897
S1-437753793	S3-726693817,S3-14367704,S2-919620655,S2-755827180,S3-996297362,S3-747371333
S1-30042872	S3-262607098,S2-258286747,S3-83578223,S2-733588794,S2-4236786,S3-760210482
S1-746576775	S2-512225206,S3-47442782
S1-621313614	S2-526339212,S2-535803969,S3-668379051,S2-11643211
S1-205252091	S2-732064775,S3-941382933,S2-361501663,S2-899419442,S3-936782112,S2-639821755
S1-865369475	S2-514627687,S3-226720295,S3-63663186,S3-981269163,S3-605980159,S3-878705837,S2-251220293,S2-230961119,S2-305602831,S2-162474143,S2-682638121,S2-191522697
S1-886693746	S3-714681320,S3-380314293,S3-832936704,S3-181218172,S3-813299294,S2-138873499
S1-604110376	S3-354948926,S2-900251167,S2-407548473,S3-42926450,S3-24017061,S3-960838759
S1-577343	S3-502750851,S2-63249747,S2-778356099,S3-137878055
S1-690181278	S2-857403849,S3-478466984,S3-679470181,S2-499718251,S2-68516128,S2-566919861
S1-710160350	S2-842501309,S3-902137291,S2-49869785,S2-615962693,S2-235685598,S3-491925821,S3-514549419,S3-782505445,S3-146597730
S1-216732746	S2-900312009,S3-269963052,S2-566585730,S2-281157204,S2-657408502,S2-787834237,S3-555947692,S3-824813912,S3-897982207,S3-432083396,S2-37164547,S3-35659434
S1-601360698	S3-538563549,S3-197497286,S3-642639434,S3-202230367,S2-645869842
S1-579805471	S2-944371751,S2-313051154,S3-260313041,S2-598742729,S2-704702813
S1-936544996	S2-586105145,S2-799080847,S2-622689667
S1-264922258	S2-618892942,S2-949752354,S3-903760858,S3-438700688,S2-807681092,S3-710611032,S3-745366657,S3-949982331
S1-939669332	S2-125842530,S3-2103047,S2-419627675,S2-467056456,S2-218078586,S3-584539711
S1-515716864	S3-734321366,S3-820513792,S3-237809915,S3-599745712,S2-84949885,S3-258113842,S2-90338778,S3-392642158
S1-392342984	S3-893251665,S3-599735195,S3-166577669
S1-725229684	S2-551866405,S2-43861103,S3-58186465,S2-583807072
S1-631682140	S3-822165437,S3-288441829,S2-818810104,S2-649523910
S1-200990590	S2-247314686,S3-314402,S3-189353816,S2-836288326,S3-628022301,S2-156595726,S3-470502044,S3-938916822,S2-268323638,S3-934728513
S1-928523091	
S1-422941813	S3-64244900,S2-303393213,S2-675868496
S1-422055646	S3-563083258,S2-276944689,S3-495475821,S3-676017140,S3-128812439,S3-584127739
S1-345972596	S2-632180432,S2-61140117,S3-235553917,S2-797958399,S3-612061791,S3-90322954,S3-406419747,S3-121857097,S2-12573133,S3-997578570,S2-10365607,S3-639117020
S1-75175978	S3-824003884,S2-696266361
S1-270393416	S2-5252780,S2-630552740,S2-982002217,S2-352043793,S3-482865504,S2-998272495,S2-353233734,S3-238615773,S2-499619847,S2-325532055,S3-420682062,S3-745780997
S1-629090665	S3-398278392,S2-433817916,S3-701546953,S3-946426187,S2-485592228,S2-96977431,S3-416922977,S2-684553990,S3-10406885
S1-600269406	S3-647537596,S2-447958106,S2-450748355,S2-664787466,S3-778995895,S3-345447496
S1-208574700	S3-277092591
S1-288386115	S3-82674633,S2-696126401,S3-683374767
S1-7440588	S2-278515259,S3-823922372,S3-822052465,S2-43349128,S2-831631430,S3-587506024,S2-664364967,S3-804475432
S1-994535461	S3-306068272,S2-28826671,S2-651849323,S2-694950204,S3-759328994
S1-801507351	S2-885849271,S3-892557553,S3-364745329,S3-812621469,S3-612264320
S1-565457191	S3-269816598,S3-882049244,S2-993501514
S1-151229123	S3-231367876,S2-572414108,S2-970442148,S3-631772456,S2-435515156,S3-337744231
S1-59556114	S3-673387515,S3-696677624,S2-156890667,S3-880524471,S2-376352697,S3-331992307
S1-115012381	S3-61700459,S2-1287615,S2-766165364,S2-703336521
S1-660533003	S2-751214102,S2-778398931,S2-518228744,S2-389545230,S3-373761687
S1-815484612	S3-671468257,S3-385357502,S3-931627357,S2-367584797,S2-369560845,S3-622441603,S3-674015843
S1-489927891	S3-283437853,S3-425679444,S3-691126005,S2-429735027,S2-8855347,S3-559412884,S3-364257746,S3-109823123
S1-709142293	S3-579469252,S2-929749700,S2-590295018,S2-677957695,S3-955998578
S1-882278739	S2-443370466,S3-799448751,S3-716045121
S1-438023011	S2-979248586,S2-100936825,S3-167225996,S3-970270729,S2-237663031,S3-222809112
S1-894996149	S2-320594729,S2-826610213,S3-660024341,S3-494082397,S2-882639976,S2-536091409,S3-937466573,S3-917644692,S2-968883122
S1-472561378	S3-885646209,S2-286223305,S3-123463070,S2-273273430,S2-666189238,S2-887494216,S3-127134242,S3-100420368,S3-418444636,S3-783607195,S3-127985413
S1-216330940	S3-980328196,S3-308033809,S2-850291972,S2-471461344,S3-374604247
S1-679177541	S2-403498470,S3-950345354,S3-656598543
S1-843083249	S2-982896373,S3-436049382,S2-248882366,S3-69460515,S3-892982930,S3-349785049,S3-795833904,S3-766797944
S1-902570392	S2-154810524,S2-116681072,S2-442883352,S3-66706968,S2-952253126,S3-776958624,S3-739263580,S2-194309478,S3-900514381,S2-233609539,S2-956705700
S1-170108944	S3-834070122,S3-231121053,S2-392545901,S2-228496691,S3-786807714
S1-760123344	S2-996779299,S2-539677806,S2-946291929,S3-997932065,S2-613067884,S3-67859462
S1-38981232	S2-566755101,S3-41502467,S2-964014564,S2-370759976,S3-38793967,S2-920691743
S1-685258313	S2-653642401,S2-446387001,S3-484816426,S2-237048800,S2-360516942,S2-374623116,S3-846850533,S2-490815848
S1-105065460	S3-442891598,S2-831275042,S3-354251255,S3-331191230,S2-469281476,S2-424548968,S3-815167997,S3-476751632,S2-968478168,S3-785448950
S1-473288265	S2-40218880,S2-205190227,S3-277812167
S1-970675864	S3-815514839,S2-743267549,S2-30520139
S1-280682242	S3-93898270,S2-97640958,S2-592954879,S3-503974481
S1-275562630	S2-57813556,S2-496640996,S2-761221743,S2-746690424,S3-335331852,S3-419995501,S3-287507957,S3-298655761,S3-784137537
S1-275571553	S3-249775410,S2-586998749,S3-166396479,S2-262372548,S2-399860542,S2-677984957,S3-163983080
S1-892201155	S2-374691819,S2-936122218,S3-418906862,S3-62099091,S2-138999779
S1-41009949	S3-242876670,S3-23538280,S2-206738963,S3-870927282
S1-865975814	S3-680891777,S3-236787167
S1-397509921	S3-87654458,S2-825086615,S3-217945801,S3-529016845
S1-891722903	S2-988538114,S3-66396021,S2-967537340,S3-740999136
S1-505509438	S2-678675688,S2-260340534,S3-886276882
S1-577449029	S2-939222540,S2-290533509,S3-44034036,S3-552756397
S1-870059563	S3-471529754,S2-683635598,S3-397076918
S1-706314106	S3-286391107,S3-953609891,S3-235605131,S3-669458121,S2-132681745
S1-359234063	S3-187401466,S2-181072004,S2-39625843,S3-931688525
S1-320583244	S3-156549293,S3-413795956,S2-529025694,S3-905553304,S3-687908631,S2-444059607
S1-834540035	S2-853329496,S2-845520617,S3-601661720
S1-117847784	S3-117684979
S1-779324695	S3-289091530,S2-355728218,S3-168787641,S3-617591870,S2-566794506
S1-590111609	
S1-852599932	S3-366048672,S2-159600779,S3-562986636,S3-307433438,S3-892250105,S2-58757494,S2-636143148,S3-330229442,S3-757341793
S1-523435013	S2-90224823,S3-631378103,S3-515967539,S3-953253526
S1-337690650	S2-89342864,S3-713442213,S2-965307573,S2-264425088
S1-238850599	S2-406518917,S3-904819564,S2-197162068,S3-875916900,S2-918053619,S2-10648152,S2-275780923,S2-704091850,S3-970580738
S1-617505478	S2-823022953,S2-439221240,S2-929497109,S3-207872582,S2-742369388,S2-419773730
S1-805346707	S2-403399178,S2-159067774,S3-255421924,S3-114185076
S1-782532872	S2-695310745,S2-653978971,S3-626902026
S1-909186750	S3-28194944,S3-133541411,S2-954132049,S3-378822712,S2-467189668
S1-522177821	S3-138016630,S2-486846401,S3-85144647,S3-304998543,S2-55813618,S3-134331673,S2-120726571,S2-926477458,S2-745822911,S3-526474300,S3-743442089,S3-817961773
S1-478879192	S3-581286062,S3-64384326,S2-136239617,S2-496929068,S3-349911138,S2-118670939,S3-633034502,S3-447836691,S2-185861559,S3-412950586,S2-297867959
S1-112581763	S3-309051810,S2-117373752,S3-804517027,S3-104261748,S2-794608125,S2-906515567,S2-263042126
S1-168146129	S3-291643300,S3-883624438,S3-881599140
S1-475018757	S3-982332592,S3-218459398,S2-561420110,S2-517569916,S3-383068071,S2-588512569,S3-643315237,S3-605663309,S3-135130983,S2-223513748,S2-556673184,S3-115787506
S1-67181368	S3-828025065,S3-997305007,S2-438848095
S1-88349633	S3-41881027,S2-420028798,S2-655124652
S1-316137003	S3-392615424,S3-941480079,S2-59099865
S1-823804425	S2-557296299,S3-638414436,S3-404099605,S3-230654601,S2-125736123
S1-485809191	S3-814144050,S3-970164738
S1-746360084	S3-756594881,S2-150466312,S3-124964193,S3-458760926,S3-864065894
S1-149082169	S2-199428844,S3-332552171,S2-419320933,S3-618698965,S3-912411159,S3-754107180
S1-465120934	S3-155639719,S3-156766119,S3-652701306
S1-973041899	S3-102894777,S3-661566922
S1-196385453	S3-297902858,S3-516485740,S3-372642809,S2-352978374,S2-498196392,S3-377053492,S3-912166085,S2-88024740,S2-157625016,S3-388436014
S1-371618409	S2-139471269,S3-712149798,S3-202125620
S1-122341045	S2-414099355,S3-66522118,S2-31554698,S2-337092507,S3-430369348,S2-642685349,S3-118652229,S2-891247246
S1-997657982	S2-882822212,S3-345066578,S3-173259196,S2-190705593
S1-523457770	S3-923017156,S3-464710278,S2-382710595
S1-427928018	S2-291889682,S3-509207692,S2-769076301
S1-437577365	S3-571822382,S2-191126182,S2-906142267,S2-348798282,S2-607869602,S3-678103231,S2-94837827,S3-617471093,S3-283654935,S2-387742624,S3-392045920,S2-862920231
S1-157000748	S3-909614622,S2-115987652,S3-991011908,S3-26825460
S1-325947075	S2-37240866,S3-869861372,S2-945383538,S3-779601538,S2-934926971,S3-459698012,S2-790189435
S1-537228033	S3-239011527,S3-390317468
S1-251515553	S3-709437942,S3-332746059,S2-949621564,S2-119112553
S1-645774514	S2-963411502,S2-117744344,S3-366227449,S3-713993136,S3-537237344,S3-399193809,S3-742971412
S1-688758864	S2-324575348,S2-128696577,S3-575395859,S3-724565065,S3-900449083,S2-527132759,S3-937466573,S3-703045090,S3-660024341
S1-325517467	S3-158327684,S3-508388773,S2-168729715,S2-636255811,S3-686652067
S1-947731568	S2-920042701,S2-190759650,S3-346437168,S2-259734668
S1-716112933	S2-524270936,S3-101733264,S2-330163746,S3-788082966,S3-195824003
S1-778290949	S2-912592726,S3-747051908,S2-774902736,S3-758565719,S3-389545470,S3-53211212,S3-371262771,S3-690266563,S2-628691789,S3-873032847,S2-62801394
S1-80159615	S2-864034624,S3-103928184,S3-439830121,S3-544097722,S2-978466029,S3-533394583
S1-5154773	S3-339116653,S2-79153229,S3-342994233
S1-522889226	S2-749741105,S3-703423140,S2-374002336,S2-808795860,S3-444411059,S3-510739432
S1-978618043	S2-706579655,S2-73103882,S3-183157159,S2-358303879,S3-415038912,S3-378447255
S1-515997867	S2-316822392,S3-425944995,S3-909292686,S3-312902368,S2-930318806,S3-832112617
S1-122122623	S2-384537238,S3-381109412,S3-647492174,S2-494126709,S2-364284337,S3-226126599,S3-411117964,S3-446228479,S2-635412608
S1-353718986	S3-205506680,S2-352508789,S2-689557820,S3-159147337
S1-343434389	S2-267163415,S2-308381964,S3-165722382,S3-458760926
S1-254448904	S3-660143737,S2-837900777,S3-434963228,S3-636771206
S1-571630757	S3-112328044,S3-171754507,S2-679299016,S3-867420479,S3-210243636,S2-898317382
S1-562656505	S3-553794526,S3-406835929,S3-585613007
S1-678691131	S2-702447518,S2-752061152,S3-241394069,S3-545363245
S1-593657532	S3-790250224,S2-199329308,S2-451251890,S3-717845163,S2-998539088
S1-633878078	S2-669847754,S2-417634324,S2-112370977,S2-965323593
S1-565886280	S3-545283392,S3-804479913,S2-961844598,S2-517247196,S3-164093868
S1-543449380	S3-644519371,S2-323077587,S3-455706698,S3-240804942,S2-340587347,S3-113699440,S3-427282617,S3-392165607,S3-315773131,S3-306139886,S3-370667513,S3-88655472
S1-709970347	S3-184609622,S3-546969836,S3-441550316
S1-111575785	S3-216935628,S2-381837306,S2-635669012,S2-372685855,S3-491038110
S1-690271619	S3-921736466,S2-409618569,S3-17886038,S3-653836004
S1-482526831	S3-388434859,S3-552355680,S3-832142517,S3-562545355,S3-751749254
S1-721013285	S3-591669823,S3-353877369,S2-957800221
S1-446426470	S3-911287510,S2-465010783,S2-621873405,S3-290744406,S3-214427835,S2-753635629,S2-108511477,S2-187302312
S1-547611976	S3-96225653,S2-66190148,S2-62316840,S3-565837395,S3-168998145
S1-231001018	S2-685079682,S3-539000294,S3-355100563,S3-712787975,S3-65993806
S1-132530445	S2-790374481,S2-512686801,S3-444956650,S2-928813576,S3-10496463,S2-138423587
S1-617160474	S2-501733775,S2-485435743,S2-735634910,S3-226119362,S3-143468752,S2-597733490,S3-874493455,S3-29623842,S3-791686243,S3-193799099
S1-788668459	S3-552424484,S2-572252983,S3-208551571,S3-284602331,S2-375720961,S3-268864584,S2-505212519
S1-975810185	S3-760581052,S2-237791826,S2-918526390,S3-256638449
S1-467375498	S2-106165149,S3-694822517,S3-446145656,S3-161851332,S2-921009115,S2-487911210,S2-859916888,S3-597361564
S1-745054701	S2-491167623,S3-808564001,S3-268851224
S1-566956614	S3-21732143,S3-733408652,S3-717546053,S2-911319251,S3-755989003,S3-241560006,S2-238890638,S2-135470954,S2-37959587
S1-684563233	S3-616784341,S3-534999250,S2-377309540,S2-536657760
S1-706363724	S3-975215701,S2-426948569,S3-792955138,S2-969793868,S3-78263378,S2-356273165
S1-322203849	S2-80959687,S3-242249330,S3-468807380,S2-925951665
S1-965482190	S3-633064257,S2-111898468,S3-825399072
S1-995387092	S2-370443275,S2-968347221,S3-609224941,S3-831602733,S2-936421025
S1-880608330	S3-474885698,S3-438855900,S2-835860604,S2-115552887,S2-813725767,S3-214469516
S1-510822825	S3-714462272,S3-126380929,S3-997562649
S1-875049673	S2-429998378,S2-22576037,S2-296034758,S2-542801770
S1-404479688	S3-471315159,S3-541320612,S2-144691847,S3-984476861,S2-346649756,S3-879282516
S1-564599776	S2-746825223,S3-759476717,S3-302096055
S1-419781949	S2-704861724,S2-434081902,S2-801014858,S2-850252570,S3-975793848
S1-906725014	S2-799066646,S3-289889741,S3-429515671,S3-564650078,S2-588047503
S1-795875520	S3-982146654,S3-26139335,S2-153511333,S3-331193771,S3-230174093,S2-220537974,S3-832134845,S3-696460666
S1-893150557	S2-39125765,S3-770292378,S2-232111187,S2-845229931
S1-540798669	S2-836575327,S2-741792184,S2-752745250,S3-37172581,S2-588041482,S3-127644855,S3-720670571,S3-305791350
S1-669141263	S2-366134754,S2-266366342,S2-717618111,S3-572645648
S1-246763858	S3-60300572,S3-755448123,S3-215038217,S3-257140415,S3-73489743,S3-673165954,S3-917612559,S2-590984302,S3-606858934
S1-332293042	S2-296832916,S2-719565724,S3-281000741,S3-735047669
S1-418955289	S3-8359329,S3-715586407
S1-502746566	S2-8023326,S2-731894402,S2-677171473,S3-926257397
S1-561148298	S2-228519960
S1-862861987	S2-496478352,S3-13050035,S3-915420363,S3-845935809
S1-840840585	S3-500124481,S2-117096107,S2-432711902,S2-388507976,S3-800234192,S3-978268587,S2-688647710
S1-863147456	S2-715444095,S2-700472766,S3-256431552,S3-246168683
S1-483486167	S2-61871377,S3-800576923,S2-766378529,S2-448903294,S2-528606318
S1-660005184	S2-952360777,S3-125067224,S2-784150108,S3-304789937,S2-199292415,S3-949090403,S2-659953458
S1-797966130	S3-892698166,S2-55850035,S2-149709373,S3-319223409,S2-424979708,S3-982975259
S1-296000542	S2-568353639,S3-190980283,S2-970267999,S3-267770381,S3-575737215,S2-889124868,S3-819790976,S3-698162207
S1-469076530	S2-93109244,S2-886562353,S3-393389375,S3-242951041,S2-967857801,S3-367450363,S3-495611475,S2-116772362,S3-824136061
S1-819916083	S3-664773629,S3-315658079
S1-360194736	S3-227103007,S2-931351492,S3-639052108,S2-744377153,S2-312476346
S1-698579846	S2-53524039,S2-39773015,S2-466210093,S3-853486241,S3-724439526,S3-102686824
S1-508196606	S3-252497110,S3-813920886,S2-267984607,S3-65414875,S3-327082977,S3-300610969,S3-99321982,S2-758340478,S2-717677493
S1-147588834	S3-569351002
S1-582074630	S3-133040274,S2-94829895,S3-186518502
S1-752130715	S3-872544845,S2-410219457,S2-460271079,S2-523075057,S3-774625143,S3-589794680,S2-249856189
S1-711092247	S3-166999036,S3-415687233,S3-105340457,S3-289342611,S3-588378025
S1-141615448	S3-442559518,S3-960293650,S3-697796648,S3-935621835
S1-465463687	S3-688818742,S2-299256053,S3-428262500,S3-382255942
S1-644772008	S3-873015155,S3-637813648,S3-605923629,S2-797041535
S1-338616525	S2-178620075,S3-914894690
S1-187439357	S3-256034502,S2-303047298,S2-840760905,S3-239745906,S2-685733917
S1-315731192	S2-51004854,S2-209700138,S3-535890289
S1-624904097	S3-225480580,S2-385556769,S3-492641273,S3-665252626,S3-736235493,S2-641348396,S3-339885410,S3-673833972,S2-888443332,S2-177755643,S3-565921745,S3-330444904
S1-148952917	S2-49450331,S2-415490257,S2-167872854,S3-401501426,S2-561085584,S3-417080452
S1-804015323	S2-935653589,S3-114991104
S1-820721889	S2-197751554,S3-359626025,S3-215408974,S3-827531387,S2-277396171
S1-714477891	S3-252713244,S3-43328431,S2-616932568,S3-243503103
S1-833806861	S2-311263449,S2-696777094,S3-218885201,S3-913967185,S3-425277893,S3-711729662,S3-443469858
S1-309035753	S3-593303813,S3-615758704,S2-403354305,S2-686600545,S3-857982785,S3-927401859,S3-681948305,S3-24883807
S1-512356577	S2-823303104,S3-868005176,S3-478015127,S2-703384152,S3-192509017,S3-380412769
S1-316498676	S3-332498623,S2-881474281,S3-853924624,S3-220645078,S2-783869242
S1-56643455	S2-742533635,S3-531499398,S2-905685041,S2-84974476,S2-862263206,S2-941225686
S1-891024785	S3-938400780,S3-156924153,S2-736782061,S3-628595959
S1-304950813	S2-293579566,S3-200643940,S3-683297074,S2-904086612
S1-4828074	S3-431261251,S2-39981338,S2-83848964,S3-572342721,S3-320944598,S3-656327624,S3-520443992
S1-608372074	S3-226695344,S2-283083519,S3-685180160,S3-754465330,S3-32248742
S1-721413990	S2-875446286,S2-424384535,S2-163990688,S3-454342605,S3-276566166,S3-440419598,S3-236899,S2-249029138
S1-582670276	S2-631726127,S3-171538488,S3-905833046
S1-472564070	S2-322304642,S3-546287536
S1-576034680	S3-587278929,S2-447937995,S3-582847417,S3-150198091,S3-729738440,S3-522608921,S2-219804379,S2-56607868
S1-440824511	S2-979966137,S2-646842232,S2-837178718,S3-709726769,S3-187752630,S3-906357090,S3-848327269,S3-697378929
S1-214523553	S2-526348325,S2-489875221,S2-945995043,S3-185239365
S1-142887694	S2-677693598,S3-693969820,S2-154742874,S3-80234817
S1-400455899	S3-592478308,S2-17959519,S2-747398074,S2-772386466,S2-754765337,S3-784027618,S2-600985464,S3-595341809,S3-488930222,S2-692631385
S1-633326485	S3-252420754,S3-908100055
S1-394388053	S3-58633317,S2-99986500,S3-923542724
S1-105213911	S2-745459583,S3-871887364,S3-997902469
S1-805619556	S2-309841363,S2-614601295,S3-371307124,S3-865212438,S3-777072837,S3-406344376,S2-332418904,S2-275183496,S2-18513941,S2-378271277,S2-870740887,S3-993271926
S1-556324886	S3-294435216,S2-952517590,S3-467722298
S1-953836573	S3-292084966,S2-732581911,S3-921039206,S3-240339796
S1-564810041	S2-839568562,S3-977215989,S2-862085719
S1-645545083	
S1-395584117	S2-989748627,S2-983416050,S3-624558966
S1-525480355	S3-200612592,S3-446194553,S3-92743834
S1-892672742	S2-662148439,S2-200671038,S3-560262279,S2-987551898,S2-923616048,S2-904207731,S3-743354223,S2-258350740,S3-747524663
S1-101086801	S2-969308115,S3-883458558,S3-710799833,S3-429085731
S1-534640204	S2-937720297,S3-628624969,S3-959541361,S2-415518456,S2-521407272,S3-436854644
S1-45754231	S3-943890866,S3-46103937,S3-368976874
S1-946855893	S2-698848922,S3-99268648,S2-783466021,S2-522388230,S2-611208860,S3-692255247,S3-691841072,S2-384593689,S3-554548008
S1-77608132	S2-807964626,S3-373781335,S2-366793945,S3-173491301,S3-557799727,S2-380135232,S3-15757361,S2-429349314,S3-605951662,S2-724663999
S1-523932198	S2-414077380,S3-162515892,S2-682415907,S3-621370105
S1-386780612	S2-584642307,S3-413705134,S3-859226093,S2-561692509,S2-6666756
S1-564808825	S3-622391926,S2-973424885,S2-518521175,S3-21294609
S1-486003830	S3-182198918,S2-116865921,S3-935276182,S3-239173760,S2-431125861
S1-247402131	S3-210747773,S3-119568061,S2-242634991,S3-631982636,S3-130813732
S1-870388911	S2-670140098,S3-831962624
S1-833158811	S3-787506501,S3-708244679,S2-821020633,S3-790948019,S2-486294154,S3-489990009,S3-854474626
S1-417516667	S3-860155540,S3-660876966,S2-791257661,S3-800946086
S1-826745936	S3-915197753,S2-675480802,S3-249123234,S3-238158863,S3-923067530
S1-576131275	S2-822389813,S2-168947520,S2-853780032,S3-502072475,S2-20256600,S2-509498721,S3-705076537,S2-273871849,S2-187052215,S3-175249346
S1-151512332	S2-301410151,S3-138171344,S3-421416974,S2-137775861
S1-794611876	S3-639031403,S3-485058396,S3-524940533,S3-591916295,S2-247730534,S2-962394538,S3-982500088,S3-735812500,S2-506734938,S2-595686064,S2-840696821
S1-263336622	S2-274159582,S3-985350320,S2-288850475,S2-166331489,S2-237611937,S2-719627125,S3-518990809,S2-518578540
S1-193166783	S3-117663490,S3-855396828,S3-131834682,S3-644773784,S3-910567497
S1-917752229	S2-100693253,S3-647485993,S3-923257473,S2-714903549,S3-523695610,S2-778732194,S2-404407599,S3-394682068,S2-595440568,S3-669205579
S1-418252660	S3-490386647,S3-230411880,S3-125525358,S3-77043853,S2-159010751,S3-102070787
S1-931876793	S3-364038211,S2-41155952,S2-856073573,S2-501765879,S2-270371555,S3-490686534,S3-409262760,S3-584495729,S2-836799898
S1-148681029	S2-406975516,S2-131078921,S3-900082410,S3-624069432,S3-308441248
S1-270120384	S2-732062979,S3-370277109,S3-815470138
S1-39013848	S3-733118205,S3-126854423,S3-120985265,S2-563991745,S3-797306778,S3-698926066,S2-53148724,S3-47828479
S1-218426158	S2-246409675,S2-231552062,S3-132134308,S3-574187382,S3-759350742,S2-750315955
S1-838767070	S2-542737768,S2-584600300,S3-114415823,S3-888095764,S3-49623872,S2-102173913,S2-628217255,S3-188293323,S3-81924517
S1-822590513	S3-768424246,S3-82122793,S2-41987576,S2-662037773,S2-303596000,S2-185041974,S3-313874800,S2-678153969,S3-825686613,S2-144437273,S2-17037270,S2-247738094
S1-383099386	S3-188421163,S2-525916947,S3-902433706,S2-139640369,S2-963561532,S2-608329771
S1-157112332	S2-350637963,S2-531660902,S3-436647557,S3-935270558,S3-503610096
S1-452581683	S3-427033299,S3-209848969,S2-403607600,S2-21120534,S3-277938964
S1-109751578	S2-808084837,S2-667804327,S2-778366017,S3-538168968,S2-679639102,S2-995268886
S1-562178434	S3-988742863,S2-335589441,S3-799566841,S2-997768520,S3-616147363
S1-116258838	S2-352546941,S2-978959007,S3-154704016,S2-600460446,S3-393721302,S3-928498938
S1-819749887	S2-321366496,S3-486058377
S1-705159346	S2-144710171,S3-417898235,S3-540878498,S3-830255483,S2-728242731,S3-332150105,S3-457547681
S1-205959556	S3-760113580
S1-330749552	S3-176354086,S2-148586124,S3-122450339,S2-408596884,S3-573621739,S3-641634540,S2-322453333,S3-792102112,S2-150447561,S3-750458297
S1-328158035	S3-333926170,S2-546957761,S3-454030304,S2-685482518,S3-329447878,S3-190422956
S1-545414715	S2-333679945,S2-911658283,S2-329311722,S3-629838008,S2-242836328
S1-692990298	S2-969024168,S3-318700082,S2-798544343,S2-300822518,S3-463998814,S3-639122391,S3-965722469,S3-299579425,S3-618860650,S3-28397650
S1-196615081	S2-842687942,S3-139030290,S3-372508761,S3-275353617,S3-384243001,S3-777362434,S3-711220050
S1-257708007	S3-801900759,S3-973232929,S2-617751124,S3-544894957
S1-693452825	S2-80416732,S3-25839617,S2-169166801,S3-804075815,S3-433647900,S2-407019191
S1-555920352	S3-812091332,S3-726524020,S2-970389498,S3-793888886,S3-339424002,S3-248706528,S3-356450492,S3-826448360
S1-482779936	S2-430069161,S2-305139870,S3-744650896,S2-926897754,S3-276617362
S1-659293753	
S1-792783612	S2-164530406,S2-156764353,S3-604123951
S1-993268785	S2-286004564,S2-269717848,S2-585099394,S3-298536487,S2-912522564,S3-687615763,S2-511759030,S3-90115602
S1-484006648	S3-693650518,S3-860211172,S2-999526144,S2-443000630,S3-966380116,S2-711185791,S3-668200284,S3-927316327,S3-614405445
S1-518826205	S3-169924284,S3-369937709,S2-978582375,S2-975143591,S3-548390078,S2-273269633,S2-655097901,S3-783364703
S1-485749026	S3-192138003,S3-366839783,S2-595194302,S3-597863129,S2-235287147,S2-724319996,S3-177555151,S2-768811096
S1-899834170	S3-316459203,S3-964488095,S3-36927165,S3-699983886
S1-585520056	S3-935819348,S3-539362384,S2-376420795,S3-268550124,S3-173076626
S1-781887356	S3-500194622,S3-89838875,S2-160779617
S1-12798898	S3-342010511
S1-612831545	S2-345031319,S3-64789320,S3-101107628,S3-910505588,S2-710368419
S1-146577833	S2-953656386,S2-477704448,S3-786703571,S3-975150344,S3-894773184
S1-301385548	S3-364605282,S3-678810171,S3-65498695,S2-30952914,S2-966034476,S3-501461387,S3-157193777,S2-631461969
S1-280074232	S3-102318742,S2-995644993,S3-578675138,S2-840706526,S2-983661618
S1-779562225	S3-681158779,S2-706035283,S3-895402346
S1-28548013	S3-800302941,S2-239692170,S2-393080478,S2-688789422,S2-517785083
S1-678645747	S3-337322966,S3-509294858,S3-26308504,S3-325501626
S1-951654499	S2-699785803,S3-908078243,S2-218115778,S3-35152809,S3-791845920,S2-858886859,S2-811899686
S1-657843898	S3-382342675,S2-353053846,S3-247466377,S3-153225610,S3-415388595
S1-832592276	S3-191199345,S2-783837377,S2-358883548,S2-557631006
S1-861390210	S3-643845808,S2-853046236,S3-180726215,S2-569604166,S3-319027169
S1-161986876	S3-685829358
S1-766557965	S3-286753005,S2-672840171,S3-851528927
S1-776439628	S2-693322219,S2-336566991,S3-71690130
S1-904262546	S3-154070402,S3-222504378,S3-53607458
S1-621946202	S2-766520956,S3-468419124,S3-518968091,S3-951585513,S2-487358591,S3-506443726,S3-677624364,S3-591762907
S1-493441144	S2-8858364,S3-640854635,S2-850547580
S1-18586573	S3-542935908,S3-970586976,S2-839913807,S2-874621415,S2-168837105
S1-269809674	S2-816333660,S3-41220786,S2-699623070,S3-80982671
S1-319549609	S3-136744919,S2-700694200,S3-825160460,S3-307136885,S3-863485681,S3-927444798,S3-390384431,S3-819593923,S3-911340202,S3-419553624,S2-564076651
S1-87136952	S2-553167827,S2-730064189,S3-443136181,S3-851997844,S2-880151429,S2-873883369
S1-419589721	S2-97266975,S3-689065433
S1-898284754	S3-481452327
S1-641268086	S3-227823539,S3-800154417,S3-519144221,S2-515979654,S3-728219087,S2-501934772,S3-371956492,S2-48758072
S1-302682734	S3-650271250,S2-998581552,S2-742382196,S2-44961764,S3-207273640,S3-358327961,S3-69106394,S3-119958191
S1-813779151	S2-984850970,S2-321380282,S3-352179252,S2-164788517,S2-509261701,S3-163236189,S2-822019164,S2-273695203
S1-294332398	S3-905896861,S3-370515571
S1-273820246	S2-400462965,S3-694072703,S2-69587778,S3-998140013,S3-693991067
S1-625984149	S3-400977914,S2-800753502,S3-306889981
S1-965014178	S2-862578833,S3-6788361,S2-47882299,S2-298813670,S3-24685148,S3-754864917
S1-899372618	S2-214176453,S2-845988580,S3-720362767,S3-523833268,S3-863190590,S3-797019230,S2-130470394,S3-442734012
S1-328171589	S2-835886558,S3-626293831,S3-156928579,S3-986862206,S2-762534501,S3-674084116,S2-808570650
S1-587083781	S3-128910229,S2-922064082,S2-158363591,S3-992567788,S2-329766531,S3-223864668,S3-127034207,S3-759211971,S3-331451575,S2-231185078,S2-285733289,S3-454801438
S1-692401577	S2-540049747,S2-685774863,S3-707930246,S2-504788687,S2-688375621,S2-538470190,S3-40665429,S3-890292562,S3-442909136,S3-840956273
S1-204900087	S3-810837153,S2-823983326,S3-120346260,S3-552727987
S1-493146491	S2-802077309,S2-191965194,S2-302022441,S3-150618736,S2-978262265
S1-628847473	S2-540276963,S3-50763594,S3-791731032,S2-685969140,S3-939634897
S1-407530654	S3-145047132,S3-261988037,S3-769016502,S2-405110834,S3-245516921
S1-515915015	S3-840146264,S3-536517180,S3-791858011,S3-977173870
S1-488263905	S2-509517181,S3-591172888,S3-411972579,S2-8184416,S3-618204321
S1-61628664	S3-584713577,S3-660703244,S2-396512964,S2-752200265,S3-323131582
S1-598765611	S2-325665078,S2-990750405,S2-225500013,S3-383945237,S2-774788650,S2-506433677
S1-263528264	S2-126025826,S3-471271440
S1-750680029	S3-186051368,S2-119976382,S3-568049611,S3-887585869
S1-672844567	S2-48468620,S2-327254757,S2-575845580,S2-387574362,S2-418772176
S1-175196363	S3-269860955,S2-552713624,S2-724700602,S2-133601891,S3-470487910,S3-232768003,S2-804567632,S2-146026173,S3-657291985
S1-890404377	S3-255764317,S3-231971307,S3-839577893,S2-854076060,S3-995933084,S3-869260634,S2-918678757
S1-212991739	S3-980707488,S3-658649550,S2-422466973,S3-906859611,S2-234737318,S3-924228624,S3-290993204
S1-201587931	S3-695336058,S3-155434267,S2-990039631,S2-168446455
S1-357811843	S2-634465015,S3-664539477,S2-30602350,S3-536681434,S2-937615133,S3-807932251
S1-478148950	S3-216188202,S3-698933670,S3-124668283
S1-483374867	S3-153124257,S3-76125272,S3-107701658,S3-701044010,S3-125662217,S2-809321387,S3-485798204,S3-2056925,S3-352256715
S1-887051645	S2-438491623,S3-4843617,S3-812489873
S1-491678227	S2-193232779,S2-338237432,S3-644206148,S3-377062127,S3-804810077,S2-196399586,S3-652292989,S3-413174814,S3-598149546,S3-172840669,S3-384368033
S1-20030899	S3-855411810,S2-998965992,S2-100019790,S3-74362323,S3-252416717,S3-884435768
S1-123962940	S2-414086963,S2-396235325,S3-707644447,S3-425544103,S3-838410732
S1-557269687	S2-706082216,S2-622742252,S2-745457505,S3-233792542,S3-524512004
S1-35598191	S3-942320446,S3-401765048,S2-279848526,S2-942653357,S3-395399314
S1-580487704	S2-38136700,S3-543869273,S2-469730897
S1-99723978	S2-529624339,S2-108555426,S3-677342967
S1-413718196	S2-184588558,S3-379877454,S3-626603475,S3-358944540
S1-935021596	S3-961857323,S2-783654268
S1-330947699	S3-122957224,S2-876309997,S3-220558908,S3-777316945,S3-23125332,S3-493202109,S3-635970236,S3-655692333
S1-413927629	S2-993926877,S3-557550536,S2-62456938,S2-479709601,S2-5948813,S2-17098498,S3-177079646,S2-612366322,S3-85767509,S3-633920742
S1-617147137	S2-712429647,S3-218795842,S3-1621153,S3-244358627
S1-885629122	S3-937606042,S3-730200313,S3-895115632,S3-561714703,S3-965829340,S3-896198450
S1-947951152	S3-28378083,S2-38956986,S2-996478559,S2-377421364,S3-539791170,S3-507773931,S3-811453789,S3-162510691
S1-81261762	S3-130346643,S3-268294109,S2-179637008
S1-6539939	S2-522534159,S2-267774815,S2-225109550
S1-389556785	S3-255210258,S3-381599389,S3-158241940,S2-472265824,S3-626705149,S3-97460530,S3-473641902
S1-465391943	S3-672180583,S3-898386725,S2-672332302
S1-510203064	S2-63345447,S3-772319541,S2-34155914
S1-123222080	S3-695343144,S2-604369305,S2-781084897,S3-666171722,S3-469494701
S1-877959437	S3-250110462,S2-875510344,S2-939644306,S3-771382537,S3-942693068,S2-645151538,S3-90393075,S3-130915138
S1-540286813	S3-71390196,S3-506815849,S2-546967445,S2-938187921,S3-592663709,S2-365987614,S2-683780301,S2-303195667
S1-154647012	S2-234601554,S2-731219385,S3-844634393,S3-578780660,S2-937453259
S1-76148256	S2-605437938,S3-853282702,S2-610716626,S2-707759574,S3-134172632,S3-572873464,S2-21455216,S2-635881512,S3-941683379
S1-837028250	S3-783555351,S2-8515109,S3-801511072,S2-331777608
S1-56504175	S3-326123901,S2-756084522,S3-860896195
S1-826593695	S3-325405619,S3-598707351,S2-128289283,S2-909914194,S3-9351611
S1-653567823	S2-774726984,S2-855763827,S3-156105305,S2-38950154,S2-847946935,S3-626603475,S3-358944540
S1-10705954	S3-196913748,S2-780239062,S3-3559253
S1-221869362	S2-703022829,S2-270246989,S3-639335764,S3-196730372,S3-785538855
S1-944388526	S3-788537345,S2-551927161,S2-365062250,S3-577462392,S3-666999354,S2-318112949
S1-578244070	S2-514899323,S3-146326599,S3-742913033,S2-149689074,S3-863770215,S3-511372363,S3-65414875,S3-322344592
S1-858366792	S3-72264282,S2-780110623,S2-826884849
S1-682751121	S3-910663417,S2-665916306,S2-139286788,S2-344704171,S2-143861451,S3-240886135,S3-381304809
S1-45361425	S2-529732352,S3-191592135,S3-66599130,S3-567442137,S2-830668957,S2-298538151
S1-671869373	S3-232365470,S2-786832156,S3-952346278,S3-509662272,S3-518688551,S2-481307522,S3-701056419
S1-126322394	S3-653058045,S2-390197549,S3-504452384,S3-438116120
S1-863532201	S3-473122157,S2-880297488
S1-877644504	S2-353144838,S2-826221926,S3-100689337,S2-739106272,S2-36088084,S3-479703779,S3-14687422
S1-536902250	S3-708466527,S3-333745453
S1-600999131	S3-648804681,S2-606597223,S2-538600834,S3-401815152,S3-313799618,S3-432795851,S3-665887309
S1-890347689	S2-928460282,S3-131805069,S3-787367222,S3-320808113,S2-111437620,S3-84291793,S3-731697261,S3-349341401,S3-54039954,S2-26399647,S3-801912189
S1-272553088	S2-228265525,S2-443652571,S2-166275824
S1-732569705	S3-657678732,S2-688764774,S3-703983053,S3-95286046
S1-225941516	S3-344629287,S2-332675349,S3-470084384,S2-595543454,S3-623356902
S1-514062684	S3-749946280,S3-800740955,S3-384859954,S3-917674499,S3-177853117
S1-151959633	S2-463930604,S2-436971244,S2-680577952,S2-201062942
S1-94413504	S2-8285882,S3-46474727,S3-178991694,S2-970775314,S3-699445490
S1-443468704	S2-363658024,S3-931676603,S3-228513408,S3-696322205,S3-413665877
S1-673754581	S3-930504177,S3-733658614,S3-561839301,S2-898567177
S1-406098025	S2-889372876,S3-588244274,S3-165286995,S3-993005401
S1-612400040	S2-95630745,S3-160878516,S3-33489816,S3-296741442,S3-685401129,S2-414550117,S3-79354893
S1-263617581	S3-470157988,S3-50700810,S3-702114517,S3-964248802,S3-529595646
S1-973400888	S2-539262228,S3-13051129,S2-832698977,S3-875661985,S2-219187291,S2-699554810,S3-742014084
S1-385053951	S2-908395336
S1-350682460	S3-955335712,S2-674758931,S2-583825233,S3-585753103
S1-840771268	S2-146886882,S3-338043736,S2-45148817,S3-205340401,S3-569634962
S1-145032202	S2-264792193,S3-89751108,S3-155252607,S2-922303748,S2-332873241,S3-856838046,S3-911987050,S2-982622259,S2-576863807,S3-500104062,S3-472277603,S3-946239436
S1-649363139	S3-860341855,S2-334864519,S3-498606596
S1-905017973	S2-999519210
S1-259325015	S2-326215181,S3-391898836,S3-370826891,S3-268885776
S1-228891719	S3-490449157,S3-357955235
S1-78894372	S2-986926837,S2-830642924,S3-232737988,S3-889507482,S3-100488652,S3-337418309,S2-155975627,S3-408537990
S1-372137529	S2-809581923,S2-680192163,S3-503986247,S3-933102242,S3-728441021,S2-755581330,S2-42320661,S3-377494122,S3-124330657,S3-167824428
S1-295449558	S2-784081259,S3-887095881,S3-139560575,S3-371609474,S3-988851396,S3-29197049,S3-675448916,S3-379877454
S1-157396753	S3-118660744,S3-214600734,S3-952936609,S3-701170531,S2-429156899,S3-150457031
S1-439988341	S3-451346967,S3-53952441,S3-607249706,S2-998763223,S3-981767072,S2-357124433,S2-595833798,S3-361398366
S1-55304651	S3-230696886,S3-18568600,S3-110600828,S3-882446452,S3-347097437,S3-175768575
S1-83617813	S3-258157360,S3-445740384,S3-405102993,S2-897757626,S2-780917960
S1-198781876	S2-670336404,S2-117133732,S2-748113837,S3-626218421,S3-440309470
S1-693338958	S3-593574940,S3-552847213,S2-42101152,S2-322066657,S3-546469348,S3-439521937
S1-280221824	S3-73211524,S3-689139073,S2-367461729,S3-646057080
S1-501069829	S3-492557790,S2-951116556,S3-203370717,S3-8545022,S3-299607479
S1-616804830	S2-3974875,S2-832419597,S2-295573159,S2-155715814,S3-563372959,S2-677454917
S1-328439916	S2-438465378,S3-170895435,S3-503877559,S3-253102572,S2-523728875
S1-484839101	S2-67419760,S3-298269822
S1-289727909	S2-307386401,S3-385679296
S1-782443901	S3-577167418,S3-749763342,S3-939667439,S3-401501531,S3-556062062,S2-674713777,S2-677407613,S3-298975852
S1-831033588	S3-993901801,S3-917260263,S2-470490076,S2-217589494,S2-657343046,S3-547256966,S3-90243172
S1-983538228	S3-849513840,S3-372354861,S2-858795495,S3-601213985,S3-990582408,S2-706554394,S3-23947480,S3-224477993,S3-458810908,S2-838540451,S2-875289132,S3-327632396
S1-584166223	S3-58868008,S3-973088310,S3-804673655
S1-961118651	S3-816191097,S2-94311195,S3-527715560,S3-255143541,S3-478741015
S1-530639532	S3-245736798,S3-113380576,S3-358792918
S1-202770528	S3-767020075,S2-776622221,S3-25819093,S3-644662834
S1-834988606	S2-294541580,S3-359735826,S2-328498095,S3-437764152,S3-189617625,S3-248649811,S2-744827009,S3-794683550
S1-733858657	S2-970498951,S3-500607790,S2-868673995,S2-402548329
S1-201184721	S2-324405830,S2-689424623,S3-510125723
S1-592640067	S2-581401751,S2-600725373,S3-835286874,S3-715175969,S2-204774508,S3-91161045,S3-677944187,S2-11040732,S3-617879877
S1-393085584	S3-764137402,S3-923955109,S3-377326738,S3-310309028,S2-268317868,S2-600199791,S2-200878923,S2-113698648,S2-903117136,S2-426686103,S2-925977527
S1-296824481	S3-178058742,S3-529356069,S2-278965730,S3-199539660,S2-581478916
S1-491910806	S3-849448850,S2-811132530,S3-402563772,S3-557396380,S2-340148702,S2-658082394,S3-746163471,S2-80849653,S2-209067595,S2-361733506,S3-324906549
S1-668685816	S3-941588748,S2-578441924,S3-690754223,S2-951002332,S3-769877511
S1-912069561	S2-816295709,S2-786409845,S2-528645290
S1-883614427	S3-329906900,S3-389302689,S2-552856767,S2-13523304,S3-278668455,S2-878264773
S1-778494324	S3-432204648,S3-380712648,S2-409622287,S3-607612924,S3-380630520
S1-849792063	S3-741394274,S3-514256806,S2-399614152,S3-385912126,S3-557285058
S1-83891527	S3-445306410,S3-88155467,S3-199218964,S2-935799882,S2-184375032,S3-813846744,S3-956579331,S2-349964953
S1-406929883	S3-520905723,S3-429887451,S2-122452393,S3-312091673
S1-343083433	S3-628563410,S2-312279921,S3-95840057,S2-454625864,S3-805807945,S2-384476066,S2-985783737,S2-337251384
S1-306462740	S2-235045273,S2-16841770
S1-904435323	S2-947433761,S3-905564165,S3-152258392,S3-841355968,S3-333269178,S3-42271196
S1-721892988	S3-78015476,S2-954656317,S3-702842868,S2-355737012,S3-182682687
S1-924651769	S2-175286937,S3-459356675,S3-319581950,S3-577401868,S3-944010209,S3-365583731,S3-945032585
S1-709333767	S2-534361589,S2-273265532,S2-450161910,S3-853632349,S3-334010698,S3-71513606
S1-17231433	S2-287805504,S3-914458447,S3-770996702,S3-379947092,S3-11979063,S2-101163537,S2-769493429,S3-161563072,S2-599527880,S3-793069155
S1-861696214	S3-358432988,S2-202482263,S3-291843890,S2-593307124
S1-7248920	S2-921161245,S3-230408502,S2-869526603,S2-182181765,S3-488854963,S3-689878165
S1-687504986	S3-256893789,S2-823803733,S2-950722715,S3-320629941,S3-464541003,S2-279589580,S2-307285713,S2-261324613
S1-847836752	S3-504439310,S3-526592139
S1-246539981	S2-563045555,S3-260784525,S3-268124659,S3-603625637
S1-668684497	S2-367930954,S2-220880327,S2-448625278,S3-566886956,S3-215477293,S3-469953161,S3-438070213,S2-657039247,S3-294006606,S3-127043590,S3-767098261
S1-450006633	S2-773463709,S3-44256549,S2-528204412
S1-926125120	S2-497095536,S3-823311514,S3-595269630,S3-473641902,S3-941940045,S3-97460530
S1-532892995	S2-208487466,S2-219242034,S3-396999324,S3-153428663,S3-996348556,S2-121955889,S3-984753745,S3-638148953
S1-290591783	S2-749615306,S2-612697861,S2-346321311,S3-906343123,S3-936356920,S3-135360098
S1-743297585	S3-521193642,S3-181928445,S3-825438609,S3-24685064,S3-850302184
S1-382088646	S3-698042477,S2-343123343,S2-569004237,S3-886878872
S1-209173794	S2-405371067,S2-338701955,S3-338444847,S2-485097966
S1-89040673	S2-12625046,S2-810161998,S2-463531187,S3-961276142,S3-369904200,S3-637993407,S3-24380740,S2-568699129,S3-857173943,S2-37007202,S2-405429683,S3-999623659
S1-753749331	S2-64075223,S2-589674174,S3-495436933,S3-399979918,S2-149303436,S2-134876697,S2-831938698
S1-388263611	S3-184443174,S3-759449794,S2-596280942,S2-885192112,S2-116040275
S1-964776469	S2-46577609,S2-32427
S1-693433767	S2-388142896,S3-643007401,S3-564851353,S3-144269991,S3-464442248,S3-447387293,S3-802408906,S3-716667084,S3-409405890
S1-130293032	S3-119572018,S3-875652527,S2-968023418,S3-459088225,S3-967590735,S3-128781158,S3-767458200
S1-681527269	S2-432581144,S3-378968609,S2-41971787,S2-680834030,S2-548564616,S3-403510259,S3-575668408
S1-299895732	S3-22606407,S2-688901182,S3-726984850,S2-22962309,S2-90919443,S2-330429891
S1-571680089	S3-384730862,S3-552177802,S2-924344906,S3-427833592,S3-734128847
S1-291703896	S2-343811909,S2-162328444,S2-843694923,S3-471454735,S3-562899625
S1-798923856	S3-684072255,S3-351184000,S2-422246194,S2-324496614,S3-297295982,S3-573545974
S1-830745390	S3-608401859,S2-386863901,S2-870010720,S3-620591203
S1-326815464	S2-270695986,S2-67561864,S2-776688107,S2-672326661,S3-466808330,S3-389665849
S1-975247407	S2-558094921,S2-400235859,S2-323077587,S3-240804942,S3-455706698,S2-340587347,S3-128638306,S3-370667513,S3-88655472,S3-392165607,S3-315773131,S3-306139886
S1-469596592	S2-394919409,S3-740502416,S3-975501794,S2-492927928,S2-414081566,S3-129724394
S1-787974850	S3-89902411,S3-317407462,S3-69056300,S3-455040062,S2-735982874
S1-103653334	S3-976420653,S3-968668180,S2-547107114,S2-922989309
S1-511180886	S3-266437223,S3-629320479,S2-771469175,S2-886953403,S2-295737955,S3-675925515,S3-594308006
S1-763368563	S3-46157688,S2-61093953,S3-798420130,S3-461461538,S3-783982954,S3-426350860
S1-875598039	S3-901837769,S3-843294532
S1-383231077	S3-513250769,S3-447454355,S2-313107531,S3-171056849,S3-1212158
S1-945378175	S3-262844202,S3-566177489,S2-731563580,S3-515459636,S2-841278761
S1-131206074	S2-414502007,S3-417126233,S2-779242314,S3-444160419,S3-237291570,S3-388738269
S1-578047657	S2-157952743,S2-737432550,S2-906464722,S3-397538851,S3-531321789,S3-41098749,S3-374484023,S3-450675304,S2-578715766,S2-901067676,S2-693075942,S2-691902455
S1-421301218	S3-872087019,S2-596543091,S3-110328145,S2-437362459,S3-93635504,S3-400230180,S3-398460935,S2-163211774,S2-252095962
S1-105519429	S2-367162743,S3-828224839,S3-444582384,S3-620591203,S2-185890414,S2-660198121,S2-29487048
S1-102596703	S3-328914654,S3-692860738,S2-475295200,S2-746146783,S2-431091890,S2-786097239,S3-278376807
S1-646446556	S3-652506076,S2-89364851,S2-772301949,S3-877247297,S3-599672942,S3-896794614
S1-608555057	S3-82483174,S2-187963399,S3-659393624,S3-770787159,S3-515618390
S1-454591457	S2-93792392,S3-349716522,S2-847656991
S1-750404685	S3-449937263,S2-218193826,S3-716050504,S3-955521983,S3-143138828
S1-262919080	S2-449482039,S3-166914549,S3-739161323,S3-793141442
S1-173388033	S3-388067262,S2-519646371,S2-426849329,S3-797197859,S3-391723687,S3-367858075,S3-94524733
S1-850451355	S2-949731232,S3-629198695,S3-402502323,S3-41944597,S2-290193276,S2-784117566,S2-511260113,S3-123889475,S3-87747547,S3-518230956,S3-802569048,S3-435334194
S1-564736111	S3-464868582,S3-482125396,S2-829232618,S3-638899221,S3-620258175
S1-231402625	S3-517551045,S2-382178632,S2-254255312,S2-296928159,S3-780911169,S3-972962371,S3-151622068
S1-283428786	S3-99290287,S2-267291295,S3-636214770,S3-437929832,S2-276246050,S3-438494378,S3-805308219
S1-104523664	S3-303168628,S2-865398055,S3-476131541
S1-672028560	S2-591425185,S3-33862327,S3-77736250
S1-501337130	S3-18325448,S2-46532282,S3-231762998,S3-459088225,S2-176360814,S3-967590735
S1-174895721	S2-206856454,S3-343327598,S3-372017223,S2-526142831
S1-988410443	S3-696698067,S2-18279409,S3-835016029,S2-334443396,S2-988644370,S3-573480488,S2-407616793,S3-325185457
S1-312885973	S2-47394923,S3-696936298,S2-78558827,S3-899711473
S1-469090157	S3-473739037,S3-648033033,S3-991624006,S3-3947901
S1-862279857	S3-780202131,S2-321803227,S2-75318038,S3-913571731,S2-809521683
S1-366715533	S3-153916075,S3-576015890,S2-235990786,S2-217262129,S3-854474626,S3-498334565,S3-525360788
S1-241761487	S3-779288104,S3-465881321,S2-846532973,S2-330785000,S2-325283454,S2-773155571,S3-500902579,S3-450488777,S2-802048709
S1-669955189	S2-200902177,S3-441048215,S3-968830921,S2-921786943
S1-365414224	S2-915403094,S3-675387384,S3-706399945,S3-497902468,S3-595941091,S3-289188212,S3-366861346
S1-744613680	S2-134496325,S3-274131549,S3-652999913,S3-785141404,S3-661551778,S3-552409559,S3-524668041,S3-889465114
S1-724419414	S3-382999549,S2-193108960,S3-120740151,S3-381027414,S2-247691592,S3-117888423
S1-928201871	S2-803992706,S2-71712422,S2-740982648,S2-213116465,S3-727553752,S3-918462151
S1-496634445	S2-882723734,S3-773610142,S3-716029940,S3-113800228,S2-540970067
S1-846979520	S3-209882112,S3-886027480,S2-153559824,S2-483861511
S1-655866819	S3-695176600,S2-676637469,S3-334465182
S1-597621252	S3-545466184,S3-954346052,S3-79784973,S3-814679717,S3-735648199
S1-59751397	S2-688234573,S2-133288140,S2-942840101,S3-468367712,S3-507755354,S2-742588721,S3-8200545
S1-620175742	S3-465510312,S2-481414453,S2-660132946,S2-247875976,S3-758959421
S1-577216195	S2-205414866,S2-943334397,S2-242012032,S3-874450756
S1-973350072	S3-636604515,S3-579504440,S3-496664452,S3-18784655
S1-192559269	S3-33435982,S3-635286406,S2-525723768,S3-75719971,S2-828017563,S3-6864934,S3-186575749
S1-884554599	S2-668715651,S2-459071177,S3-934840447
S1-338992404	S2-615510022,S2-845072339,S2-658870357,S2-799965167,S2-336721193
S1-153201293	S2-279729350,S3-18846108,S2-480565773,S2-643647685,S3-317066754
S1-165381421	S2-183913905,S2-659938083,S3-825781053
S1-945521489	S2-14600713,S3-322904376,S3-450087134,S2-697789379,S3-644798883,S2-929457608
S1-874478882	S3-140219724,S2-741201405,S3-477861038,S2-139037634,S3-574011566,S2-238943981,S3-760708982,S3-962165185,S2-720003293,S2-327826713,S3-722811929,S2-764006734
S1-196686132	S2-521525847,S3-48931534,S3-791845920,S3-35152809
S1-394053334	S3-117914983,S2-556665600,S3-646246614
S1-839882429	S3-460238249,S2-625935534,S2-968142483,S3-641121415,S2-140679478,S3-744838038
S1-468334937	S2-561402041
S1-856238130	S2-368844924,S2-407815760,S2-968277457,S3-796653511,S3-317045121
S1-669381927	S3-707889803,S2-293159620,S2-13774376,S2-940022625,S3-211599161
S1-382320298	S2-984724784,S2-262905477,S3-104960010,S3-310867590,S3-709938805
S1-290934474	S2-504242438,S3-557086936,S2-425203951,S3-14372602,S3-220122623,S2-280135728,S2-427339161
S1-36913432	S3-860140920,S3-78551238,S3-869705242,S3-747476092,S3-456120253,S3-13401503,S2-247039652,S3-622195119,S3-499610883,S3-681047680,S2-48947987,S2-911709988
S1-471583686	S3-402441021,S3-575515189,S3-412592755
S1-342084689	S3-782654783,S3-182456325,S3-344293127,S3-85657837,S3-737955781
S1-587309904	S2-165901199,S3-366364021
S1-234587563	S3-54193362,S2-740024123,S3-533331089,S3-82459594,S3-529643885
S1-861984360	S2-41954381,S3-904448222,S2-96954290,S3-695826391,S2-107311105
S1-928199628	S3-271565471,S3-841348561,S3-565115181,S2-166713206
S1-56576966	S2-304024659,S3-868477429,S2-146360945,S3-782376757,S3-618718947,S3-907922737
S1-179036881	S2-973299256,S2-611373994,S2-985661280,S3-861008896,S2-857811302,S3-835691627
S1-362663629	S3-733195460,S2-134568129,S3-556146425,S3-43107460,S2-101722477,S2-313865032,S2-192792050
S1-854329895	S3-700368120,S2-700493891,S3-716088599,S3-49351013,S2-677558863,S3-30057357,S3-399193775,S3-864393189
S1-325792164	S2-84510337,S3-143752544,S2-508262928
S1-723540981	S3-733043491,S2-466721982,S2-541834070,S2-990579835,S3-94243314,S3-20878233,S2-219550355
S1-209195841	S2-544503005,S2-816013023,S2-427660446,S3-234968267,S3-831440415,S3-468000961,S3-727885611,S3-758477276
S1-571474944	S3-677525083
S1-909424351	S3-581792115
S1-393507437	S2-255201456,S3-613196104,S3-295372994
S1-521404857	S2-109957531,S3-478276109,S2-982713232,S3-270995585,S3-760818043
S1-474679520	S3-429109406,S3-761800988,S2-777371718,S3-638049043,S2-891414629,S3-826557612
S1-914825254	S2-612373877,S2-814685780,S2-789353520,S2-764899745
S1-149532900	S2-744489695,S2-999973144,S3-956493811,S3-181005427,S3-241749914,S2-41662659,S3-176233415
S1-665076724	S3-275530276,S3-525275109,S3-895759710,S2-903654247
S1-117428991	S3-320523298,S3-227498995,S3-963121056,S2-870297300,S3-894604745,S2-76648041,S3-981735008
S1-66808345	S3-159648772,S3-954117976,S2-95236321
S1-742282509	S3-337910322,S3-154954064,S2-217228559,S2-794289755,S2-434639458,S2-487170998
S1-217764627	S2-80849653,S2-658082394,S3-746163471,S3-557396380,S2-340148702,S3-182110195,S3-324906549,S3-659987365
S1-453668277	S3-353391462,S3-247656158,S3-251551236,S2-270430413,S3-225034769
S1-502815747	S2-275908442,S2-64181818,S3-716908183,S3-854171399,S2-600463811,S3-915060819,S3-603615702,S3-998968605
S1-360863271	S2-935826132,S3-274171347,S3-403156093,S2-53422762,S2-579002367,S3-756749673
S1-102703888	S3-708202705,S2-83712788
S1-399497327	S2-241935838,S2-745999621,S3-851079947,S3-55331807,S3-930848954,S2-509347653
S1-96291056	S2-396809822,S3-431928688,S3-862379422,S3-368778324,S2-249236093
S1-608647330	S2-63808010,S3-114493502,S3-584825643,S2-534142102,S3-234012595,S3-467602533,S2-545090959
S1-872920034	S2-441623270
S1-844653424	S2-774422598,S3-710521382,S3-388450050,S3-436194216
S1-352070785	S3-734113745,S2-126059979,S3-191555076,S2-55420882
S1-872629787	S3-614413130,S2-693168921,S3-973266491,S2-766124912,S3-915804287,S3-63750767,S3-671985588,S3-121560872,S3-813445593
S1-526368604	S3-239983899,S3-112743564,S3-733585957
S1-91005634	
S1-338001800	S2-523400350,S3-250493769,S2-427237500,S3-730632929
S1-21204445	S3-391131405,S3-413156791,S3-891228511,S3-93132200,S3-25986120,S3-44495272,S2-549940511,S3-700934272,S2-537957224
S1-402669118	S3-617463070,S2-292650132,S3-637399070,S2-381089977,S3-993074718,S2-858770352,S2-396027106,S2-787687879,S3-911581177,S3-621591184
S1-243130168	S3-938492189,S2-801268396,S2-242375794,S2-934502171,S2-280867038,S2-970185184,S3-673862542,S3-642505240
S1-681391967	S3-749726561,S2-175145037,S2-702547160,S2-989989052,S2-368162277,S3-549480308,S3-219717581
S1-527407179	S2-312332712,S2-501027790,S2-118979581,S2-92696809
S1-904424215	S3-652145529,S3-393887628,S3-334902062,S2-171766308,S3-562708010,S3-65549088
S1-422682612	S3-550931391,S2-796775700,S3-138561144,S2-298711128,S2-35075235
S1-835919573	S2-17675042,S3-555305138
S1-261166236	S3-833449060,S3-171696091,S3-708268125,S3-675063370,S3-70217882,S3-565340481,S3-101793489,S3-954944243,S3-93329448,S3-186713850
S1-878495114	S3-154678012
S1-729012346	S3-53431313,S2-990417769,S2-128719745
S1-651533710	S2-91454295,S2-59219608,S3-781202604,S3-612338281
S1-904108130	S3-857982762,S3-808107637,S2-482611327,S3-71436206,S3-16256108,S2-293183357,S3-898623615
S1-611681116	S2-277013739,S2-923657909,S3-985569251,S2-521924024,S3-917612559,S3-73489743,S2-381401586,S2-768489416,S3-801669189,S2-210992704,S3-628841889
S1-496558467	S2-334645819,S2-806886967,S2-600676176,S3-318184159,S2-478761603
S1-127929191	S3-713136074,S3-161716027
S1-457768958	S3-544628877,S3-80520439,S3-290100615,S2-339320734,S2-300632376,S3-327029896
S1-542723758	S3-65441105,S2-381860839
S1-378066347	S2-264905502,S2-355908658,S3-216949764,S3-516257159,S3-310187753,S3-550334006,S3-172885252,S3-490638915,S3-574025356,S2-721541098,S3-692241427,S3-685448560
S1-707004451	S3-241547239,S2-248853291,S3-693935896,S3-780014327,S2-933829920,S2-106198088,S3-262333243,S3-868386129,S3-614405445,S3-178883121,S3-12839927,S3-109823123
S1-470460932	S3-777389700,S3-118850801,S2-728349465,S3-477340844,S2-258710709
S1-317017595	S2-987077186,S2-764524334,S2-664463342,S3-542824123,S3-200370969,S3-924913319,S3-444632553
S1-343376619	S3-925115338,S3-541511820,S2-953523477,S2-426119127,S3-986787902
S1-528419124	S2-8930422,S2-565796514,S3-297893585,S3-963776365,S3-303537039
S1-60348460	S2-718444513,S3-221372399,S2-869830040,S2-748067820,S3-388544710,S2-624163448
S1-578905317	S3-725016065,S2-651102207,S3-595985159,S3-541385953
S1-489379525	S2-339801691,S2-924164982,S3-525119522,S3-511943640,S3-91921550,S2-175008793,S2-730281816
S1-566531436	S3-423265837,S2-366007899,S2-901398006,S2-660535480,S2-130196552,S2-256814557,S3-196816947,S3-991970095,S2-657314946,S2-632136073,S3-851765546,S3-629535457
S1-199530552	S2-556083451,S3-275700115
S1-194454233	S2-226236549,S3-708474459,S2-119926377,S3-651163989,S3-290521862
S1-442696073	S3-793747327,S2-679056465,S3-167676409
S1-622802112	S3-287601651,S2-509022270,S3-497878552
S1-118918152	S2-762428500,S3-114174993,S3-905503229,S2-292560657
S1-600405104	S2-199507897,S2-579640993,S3-746110782,S2-292153449,S3-331701153,S3-407412039,S3-958206932,S3-419244118,S3-386447726,S3-560453975
S1-995497291	S3-594697485,S3-727514436,S3-624001287,S3-368275816
S1-731801966	
S1-597275951	S3-98579218,S2-304226793,S2-871373726,S2-342208006,S3-875596801,S3-113739341,S2-820433300,S3-243508534,S3-140806850
S1-686619135	S3-903596958,S2-245956394,S2-836533845,S3-214146685,S2-867999625,S3-962487129,S2-597880354,S3-21697764,S2-170918704,S2-603444895,S2-717143287,S3-812045654
S1-315856690	S2-785673870,S2-787953789,S3-940046659,S3-127771361,S2-627812802,S2-544655651,S2-840054285
S1-324189573	S3-851892346,S2-430443785,S3-40849010,S3-629989255
S1-802047319	S2-311992451,S3-581138032,S3-317374591
S1-878769071	S2-379777629,S3-848186871,S2-820922230,S3-167724345
S1-202995025	S2-591993088,S3-718151436,S2-45573295,S3-989350733,S3-413577227,S3-358945903
S1-859937420	S3-255504170,S3-985832571,S3-897885519,S2-936265279
S1-895348202	S3-345654415,S2-355112804,S3-863836422,S3-617822623,S3-28474314,S2-919393894
S1-676375233	S3-484142215,S2-325501472,S3-322631970
S1-173035876	S2-286259129,S3-827296857,S2-223898325,S3-812887639,S3-858028065,S3-830224474
S1-389070022	S2-759598536,S3-406190362,S2-467588764
S1-485481654	S3-375219319,S3-215639495,S2-557177747,S2-742464873,S3-694777264,S3-896255763,S3-370556088,S3-487022828,S3-182945715
S1-80015174	S3-120171793,S3-318970412,S3-376747139,S3-31691596,S2-917367304,S3-898550372,S2-918039584,S3-367566360
S1-469004380	S3-585028282,S3-925055610,S2-116975523,S2-63864319,S2-962741829
S1-454526488	S3-934079781,S3-336170283,S2-703974907,S3-642114226,S2-981810128,S3-945136274,S2-918970423,S2-228130134,S3-756412698,S3-131095791,S2-754583522
S1-969423127	S3-157380399,S3-667676598,S2-128634115,S2-219658648,S2-91570054
S1-389409080	S2-349077300,S2-962158417
S1-456077639	S2-650703458,S3-172195316,S3-543533465,S3-701854985,S3-238834418
S1-760321563	S2-732425709,S2-527679029,S3-990868765,S2-803136197,S3-691196749
S1-281744168	S3-314916347,S2-143809520,S3-54171125,S3-331995819,S3-536377732,S2-737215518,S2-120438228,S3-17231037
S1-165741457	S2-543447930,S2-849160044,S3-968549709,S3-724933353,S2-776553687
S1-250397973	S3-964005579,S3-286954733
S1-351999643	S2-847807265,S2-623315597,S2-447192396,S3-926738353,S3-517476705
S1-955061661	S3-930775712,S3-153279502,S3-776540742
S1-17665722	S3-960305205,S2-296334512,S2-411572994,S2-131276751,S3-78174692
S1-31813130	S3-814368796
S1-688345127	S2-74833696,S3-430287870,S2-902319604,S3-954607909,S3-703063676,S2-441554189
S1-868781172	S2-91861393,S2-221055404,S3-47441436,S2-249239978
S1-654824814	S3-160631541,S3-778368953,S3-920977838,S2-943403970,S3-450686624,S2-391735551,S3-661397294,S3-294455021
S1-168983732	S2-86667584,S2-77062142
S1-160381230	S2-364855717,S3-231481032,S3-587542081,S3-566948039,S2-840580932,S3-557394003,S2-267644200,S3-83742264,S3-854474626,S3-498334565
S1-187296152	S2-434030928,S2-262888758,S3-18992633,S3-343761893
S1-174035520	S2-135263922,S2-213664029,S3-958192640,S3-704487533,S2-194779005,S2-405408210
S1-763158703	S3-726750317,S2-220406148,S2-610433816,S3-253952234
S1-212046852	S3-604551977,S3-658880929,S2-578278344,S3-269396150,S3-342104469,S3-986395570
S1-923682916	S3-479754662,S2-542895268,S3-130580962,S3-576237986,S3-547566351
S1-667620747	S3-845564615,S2-335731885,S3-417685835,S3-562221668
S1-908763203	S2-721996083,S3-777556630,S2-10999325,S3-344598349,S2-831356697,S3-572568435
S1-486753307	S3-518287361
S1-252307047	S2-348161129,S2-613942962,S2-773084312,S3-961336997,S3-35952743,S2-237967429,S3-9937631,S3-749704923,S3-778571561,S3-611244400,S3-508664246
S1-752368704	S3-502986908,S3-285322368,S2-470725943,S2-483376253,S3-993457368,S3-203673302,S2-373216690,S3-660554740,S3-234111408
S1-256048997	S2-470282529,S3-921722308
S1-715895918	S3-968055742,S2-474937885,S2-849733365
S1-124500624	S3-548780509,S2-255289521,S2-836220430,S3-746217537,S2-566342888,S3-348323282,S3-697729335,S3-440285172,S3-975320869,S2-227944185
S1-116828946	S3-20800875,S3-388869562,S3-798116676,S2-249030652,S3-975532563,S2-461996173
S1-24568859	S3-322980126,S3-694752921,S3-514188500,S2-721412761,S2-850453582,S3-944890321,S3-953973875
S1-193225222	S3-645007447,S2-556331904,S3-912355769
S1-406354867	S2-435374362,S2-414902896,S2-18080072,S3-915408814
S1-949709969	S3-133258785,S3-868577259
S1-970678057	S3-630634931,S3-151318499,S3-256481850,S3-128849318,S3-944075107
S1-771986870	S3-17019554,S2-941870549,S3-463956617,S3-781633753,S2-978386495,S3-199286473,S3-257936743,S2-695854049
S1-590510744	S2-272573148,S3-149142546,S2-869253066
S1-957358812	S2-909497419,S3-126191495,S2-430459172,S3-787734840
S1-743195836	S2-720843835,S3-865000935,S3-837405089,S2-50434175
S1-160591258	S3-333170961,S2-887994242,S2-15485542,S2-601267033,S2-921393435,S2-691482430,S3-740958215,S3-626449339
S1-900102939	S3-281309833,S3-979716715,S2-79385394,S2-254269955,S2-770616811,S3-284640361
S1-958110299	S3-406541639,S3-330096925,S3-904345466
S1-743880544	S2-380154543,S2-153378394,S3-931895334,S3-151637044,S2-88345122
S1-99002771	S3-220177441,S3-954872165,S3-955150087,S2-873863190,S3-510977991
S1-969721829	S2-570902473,S3-568140218
S1-384197831	S3-133734770,S2-752515159,S2-182662962,S2-100562451,S2-927551286
S1-572001571	S3-734905158,S2-636700748,S3-325051989,S2-381491579,S3-615484868
S1-323223112	S2-541937565,S3-723063774,S2-264367970,S3-880709206
S1-999476034	S2-476800550,S2-860529933,S3-393226568,S3-488854963,S3-128554103
S1-252396532	S3-191347516,S2-999073167,S3-227024142,S3-483256292,S3-406083164,S2-662958167,S2-670819362,S2-268658887,S3-669695400
S1-232492309	S3-866699307,S3-24888395,S2-852656179,S3-355304162,S3-921854708
S1-774021578	S3-358293242,S3-98322563,S2-54504667,S3-671009277
S1-815758153	S2-684817451,S3-677281180,S2-523350079
S1-207796635	S2-385604820,S2-130728155,S2-962433948,S3-903263853
S1-493990271	S3-937980926,S3-508817040,S3-440019338,S3-973373269,S3-952580890,S3-378100636,S2-650601738
S1-761723639	S3-967418792,S3-378092091,S2-195644568
S1-11859505	S2-632209601,S3-208597400,S3-884566599,S2-556415420,S3-888523639,S3-166398728
S1-793414407	S2-494549459,S3-860220832,S3-191605215
S1-524883704	S2-330418428,S3-283083352,S2-923096118,S2-756863582,S3-709564770,S3-141896253,S2-280788044,S2-6362639,S3-585426188,S3-112765506,S3-670309939
S1-550453616	S2-127295625,S2-964617394,S2-531281822,S3-495879655,S3-99321982,S3-300610969,S3-433655079,S3-842343094,S3-249716491,S3-813846744
S1-415694971	S3-885024485,S2-963873952,S2-59578901,S2-828969230,S2-6144880,S3-939257761,S3-776369099,S3-312517271,S3-119103683
S1-500430063	S3-277531994,S2-864738415,S2-542618835,S3-518742024,S2-474522,S3-683046688,S3-224649601,S2-334139004,S3-617920810,S3-68561742,S2-298093268,S2-516465129
S1-274231841	S2-774120877,S3-458928711,S3-594445024,S2-876294714,S2-915710842
S1-336979140	
S1-686152458	S3-141088025,S2-661230424,S3-415560090,S3-90927620
S1-399891571	S3-140431665,S2-213175743,S2-172564320,S2-701037958,S2-206214078,S3-594548242,S3-418402211
S1-224324468	S2-821942581,S3-795724382,S2-401668686
S1-866826731	S3-862629596,S3-55304366,S3-15375472,S3-978084685
S1-17925133	S3-539080396,S3-161875529,S2-135922247,S3-232089775,S3-857991473,S2-725490060
S1-91308849	S2-191568174,S3-325337805,S3-612142623,S2-718049337,S2-65187753,S3-412494085
S1-810494793	S3-428752330,S2-30773684,S3-651302421,S2-598934459,S3-445260876,S3-640489068
S1-345103384	S2-697465494,S3-758458217,S3-588728790,S2-851390068
S1-873023390	S3-663677935,S2-56419599,S2-56397388,S2-686227566,S3-653301473,S2-889587134,S2-577086276,S2-461411674,S3-510301800,S2-723649865
S1-320080447	S2-317749892,S3-302270792
S1-35669777	S3-456883389,S2-952503448,S3-568997498,S3-519373920,S2-43019360,S3-489539462,S3-992264416
S1-732771098	S3-837548785,S2-712935313,S3-437627040
S1-249476437	S3-950667093,S3-878655662,S3-1308335
S1-536349405	S2-980541158,S3-973574889,S3-850384421,S2-554056547,S3-588925475,S3-397183274,S3-773663744
S1-30680842	S3-924730860,S3-570628336,S3-577180260,S3-961254250,S3-645085714,S3-620777983
S1-428603015	S2-18323900,S3-526087605,S3-384741376,S2-935360733,S3-364830423
S1-333207635	S2-363429951,S3-623170284,S3-639116095
S1-764556437	S2-58287422,S2-377645191,S3-319810548,S3-526047457,S3-164610678,S3-557206235
S1-962363816	S2-985867384,S2-194663228,S3-872944294,S3-258524335,S3-776280416
S1-346607452	S3-417075803,S2-760006003,S3-209571089,S3-101613343,S2-674014320,S2-784673931
S1-470082232	S2-469702512,S2-35857027,S3-431250708,S3-98616968
S1-116975983	S2-526855654,S2-596631875,S3-455142226,S2-388841565,S3-651395767,S3-41293482,S2-750553674
S1-629211148	S2-284540526,S3-945034082,S3-559870157,S2-883290798,S3-97209845
S1-531391256	S3-139321033,S2-844798349,S3-774392704,S3-377067838,S3-905910692
S1-802426010	S3-198105345,S2-591810,S2-213241044,S2-468813813
S1-714758357	S3-24901487,S3-762484047,S3-793361309,S3-750262404,S2-986046963,S2-273513016,S3-184848129
S1-324897025	S2-660492756,S2-969318134,S2-380755850,S2-92068247,S3-687908631
S1-736339603	S3-431527004,S3-166654324,S2-432318863,S2-932888095,S2-717253265
S1-3736993	S2-808692535,S2-171470365,S3-371209874
S1-514511445	S2-81407408,S2-348111936,S2-426744706,S3-791841546
S1-804727038	S3-391433628,S2-862829812,S3-355641770,S2-503813897,S3-213233645,S3-220985285,S3-52084774
S1-877535932	S2-748521201,S3-596446417,S2-366766856
S1-669693701	
S1-585135551	S2-609771682,S3-268401490,S3-24212665,S3-907037511,S3-693571646
S1-145568893	S3-542946436,S2-62814926,S3-797478265,S2-349656638,S3-464271049,S3-970496608,S3-706627618
S1-520099266	S2-158599019,S2-435167317,S2-143491788,S3-985416214
S1-235112222	S2-66981401,S3-968044210,S2-95286379,S3-390018514,S3-988996780,S2-906536848,S3-64940880,S3-839692952,S3-591275816,S2-835786657,S2-540797592
S1-560135371	S3-616348739,S3-584793616,S3-670468240,S3-755914045
S1-360685904	S3-615478606,S2-341612701,S2-133737999,S2-936403220
S1-798068607	S2-274048766,S2-606717391,S3-54309273
S1-671372920	S3-373078782,S3-428790266,S2-322980799,S2-340322970,S2-353340073
S1-280077238	S3-425176618,S2-882350498,S3-181036896,S2-8533083,S3-511415712
S1-543585590	S3-241401584,S3-182005932,S2-666406931,S3-924260996
S1-120748275	S3-388487495,S2-624454096,S3-950800155
S1-754622638	S2-612887892,S3-306830643,S2-699769694,S2-913798011,S3-823207688,S3-959136054
S1-909367904	S3-248363359,S3-127582715,S3-541660317,S3-298554307,S2-807256543,S3-449110783,S3-556859756
S1-591953826	S3-798498164
S1-725528924	S2-274411500,S3-4432488,S2-645614071
S1-440547606	S3-419790664,S3-90851505,S3-234209250
S1-947674704	S3-367566567,S3-600913135,S3-539628862,S2-855935945,S2-647653127,S3-752264200
S1-898871118	S2-502195432,S2-216261425,S3-120927852,S2-307884899,S2-170984300,S2-487457446,S2-713264333,S3-564276698,S3-341088029
S1-686682704	S3-86430818,S2-580599036,S3-47811899,S2-494003837
S1-26487143	
S1-553894773	S3-163938836,S3-709354440,S2-499083432,S3-697540169,S3-684438203,S3-172474635,S2-365672522,S3-450019805,S3-602365966,S3-671776237,S3-276439281
S1-241997245	S2-415846482,S2-440876204,S3-139873832,S2-285858629,S2-84703331,S2-454995022,S3-852546074
S1-590405199	S2-899419442,S2-361501663,S3-941382933,S2-732064775,S3-936782112,S2-639821755,S2-233846141
S1-217247758	S2-42481289,S2-34977591,S2-147644752,S3-132567452,S3-295773446,S3-463114529
S1-696242729	S2-111298923,S3-349290296,S2-585095282,S2-406241212,S3-937180346,S3-963736134
S1-331251473	S3-485538077,S3-875805217,S3-802629286
S1-669556663	S3-521177752,S2-416737166
S1-452696440	S3-628471964,S3-779659211,S3-451557870,S2-482195426,S2-110801524
S1-613016634	S2-338432578,S2-313125776,S2-27437615,S3-724421892,S2-940375260,S2-578464551,S3-42593346,S3-220644513
S1-556276648	S2-792334971,S3-907726947,S2-401246040,S3-225756852,S3-483434205,S3-795098999
S1-909411180	S2-877946070,S2-887132643,S2-256088098,S3-898821532,S2-20086193,S3-572505308
S1-7995386	S2-156124518,S3-290337448,S3-614405445,S3-773755990,S2-743119601,S3-365338795,S3-702559117,S2-858224172,S3-50624303,S3-238657402
S1-121365905	S2-194016149,S3-452029982,S2-541593121,S2-803739859,S3-795988581,S3-932000525,S2-650346263,S2-392462812
S1-419218691	S2-52663142,S3-679905352,S2-557136150,S3-313760860,S3-995102063,S3-853962500,S3-299678126
S1-804290379	S2-488109605,S3-744619079,S2-894645686,S3-328509575
S1-963123725	S2-115606329,S2-171812236,S3-19446789,S2-820352653,S2-829041980,S2-694707333,S3-473228508,S3-398303053,S2-371261564,S3-988067628,S3-646762430
S1-888980366	S3-944505748,S3-843496017,S2-122430405,S2-520251428,S2-821922364,S3-768675105,S3-25151523,S3-317403779,S2-319218476,S2-217579323,S2-621642592,S3-572411961
S1-976259612	S3-847205192,S3-398303053,S2-371261564,S2-456348302,S3-646762430,S3-692954144,S3-68907765,S3-988067628,S2-589699792,S2-792818978
S1-174798420	S2-955117231,S3-204693033,S3-265974974,S2-555043687,S2-856361373,S3-573294901
S1-639681733	S3-849233428,S2-7589547,S2-179328426,S3-217910812,S2-251173952,S2-234426821,S2-662895781,S3-841297786
S1-464467946	S3-401250335,S2-743382092,S3-465714084,S3-241036779,S3-431461855,S3-110457568,S3-463176509,S3-351804202,S3-935865916
S1-46604460	S2-848199150,S3-654654591
S1-105802860	S2-512861681,S3-602269126,S2-840724935,S2-188145429,S3-380188704,S2-746661077
S1-663128685	
S1-718435072	S3-748595968,S2-534934775
S1-663846065	S2-123439952,S2-734140696,S2-847036598
S1-924256499	S2-450402593,S3-835162492,S2-21912290,S2-843081253,S3-380321578
S1-329737706	S3-688267429,S2-291847131,S3-61207435,S2-511875679,S3-551045604,S3-877522804,S3-142338680
S1-250307141	S2-465594764,S3-173600330,S2-419070873,S3-580047907,S3-815561419,S2-122648524,S2-885521154
S1-34911312	S3-581943711,S2-121796644,S3-881569612
S1-550338513	S3-68465170,S3-847159346,S2-548234536,S2-615752387,S2-290206401,S3-755914045,S3-606602150
S1-147576016	S3-390005723,S2-63291343,S3-78787005,S2-620069223
S1-401260633	S3-6867013
S1-510230595	S2-291123712,S3-523227074,S3-739360686
S1-502753023	S2-895843666,S2-549865494,S3-909680024,S3-420337669,S3-342446726
S1-942101872	
S1-573262328	S3-769061086,S2-760452153,S2-696444299,S3-62070584,S2-529378397,S3-89446950
S1-464350354	S2-887296522,S2-773345481,S2-689274504,S2-671745109,S2-393194987,S3-314475886,S3-715909462
S1-347100569	S2-58108862,S2-309786228,S2-871111742,S3-994442903
S1-279415834	S2-158634978,S3-777217818,S2-931977333,S2-812798989,S2-969913495,S3-265603068,S3-659135598,S2-532161131
S1-65758945	S2-487453286,S2-199785243,S3-525927244,S3-641660214
S1-775392376	S2-23689089,S2-411443868,S2-979911816,S3-947380564,S3-56830896
S1-312362355	S3-917748800,S2-975398455,S2-925147909,S2-10725768,S3-552232309,S3-849550486
S1-198005042	S2-505987595,S3-812772994,S2-938465565,S3-437842471
S1-400103570	S3-199478389,S3-381734824,S3-773413613,S2-483674091,S2-635148533,S3-936874839,S3-573260507
S1-488008181	S2-133826508,S3-879050634,S3-39995631
S1-402393249	S3-609064105,S3-605408632,S2-279209434,S2-207079577,S3-759162115
S1-276613636	S3-481229021,S2-44969554,S3-141985064,S3-288117386
S1-756754424	S3-816154147,S3-433718433,S3-321003435
S1-345824520	S2-749428950,S3-321939718,S3-533093643,S2-111739721,S3-215145799,S3-325343001,S2-67576012,S2-149464840
S1-41901471	S3-644139857,S2-761230012,S2-957442541,S3-6246040,S2-205405682,S3-382460708,S3-686366027,S3-32351980,S3-463670228
S1-704893631	S3-362341764,S2-110765624,S3-145995297,S2-705509726,S3-938737792
S1-137844006	S2-977160188,S3-600328312,S2-180515852,S2-644062008,S2-780332473
S1-625364879	
S1-344996528	S2-670985969,S2-334258416,S3-344613838,S2-434821643,S3-210501819,S3-413174211,S3-306961219,S3-755924373,S3-487661103
S1-64984323	S3-880569257,S2-967959238,S3-284941836,S3-226672573,S2-636840626
S1-954635198	S3-570395964,S2-350698992,S3-656697521,S2-228501559
S1-998245030	S3-481970786,S3-616336516,S2-282164030,S3-211767310,S2-924745792
S1-174195451	S3-776720271,S3-2882861,S2-509375946,S2-185568024
S1-804281251	S2-728473089,S3-926909742,S2-419813215
S1-783515666	S2-58073918,S3-910481927,S2-370754397,S3-687017114,S3-943578843
S1-384900691	S2-217576604,S3-607328504,S3-293360952,S3-848006678,S3-570443277
S1-113986641	S3-322339877,S3-23424262,S2-377936759,S2-105226882,S2-615875718,S3-916206030,S2-69699256
S1-689278284	S3-748410869,S3-867018287,S3-672877059,S3-376584521
S1-984402946	S2-594868767,S2-834011104,S2-234930903
S1-985693120	S3-831029374,S3-236108419,S3-477587794,S3-897086141,S3-824758980,S2-540616362,S2-722862921,S3-448062159,S2-831589965,S3-785701620,S2-212264540,S2-156627655
S1-223728762	S2-148202789,S3-628211809,S2-535569879,S2-970938202
S1-620136625	S3-202255651,S3-252817265,S2-68891642,S2-633759458,S3-870124316,S2-162451500,S2-186324684,S2-780190129,S3-907928063
S1-406001443	S3-967725197,S3-239002011,S2-346917951,S3-736307469,S3-534417789
S1-435695578	S3-283645824,S3-704690063,S2-320189367,S3-269428236,S2-684452039,S3-223491635,S3-728710140,S3-708497243
S1-741353700	S2-63948753,S3-425011044,S3-726630851,S3-844048940,S3-692568879,S3-708330016,S2-156090497,S2-535272796
S1-452285851	S2-276048075,S3-680695871,S3-853121973,S2-240863648,S2-944958223,S2-374746381
S1-150270422	S3-543144340,S2-558021595,S3-374717835,S2-487321889,S3-655778396
S1-561329029	S3-301239871,S2-602320651,S3-362340970,S2-217802143,S2-567664764,S3-743812734,S3-923841126
S1-737991186	S2-563913213,S3-961995414,S2-269761629
S1-844217518	S3-775687559,S2-209268486,S2-610735550,S2-287481761,S3-546722917,S2-937331133,S3-339716952
S1-571040370	S2-804205136,S2-873727766,S3-381688421,S3-948766763,S2-349511821,S3-135293293
S1-35549032	S3-509875315,S2-64903752,S3-339502435,S3-104764856,S3-926480093
S1-355773631	S3-723228870,S2-103204352,S2-278776052,S2-419558245,S3-589328380,S3-777681693,S3-857560866
S1-422058912	S2-959309224,S3-353000777,S2-31266460,S3-322615911,S3-841950705
S1-258239594	S3-167311558,S2-15706372,S3-511655292,S2-35849145,S2-52552402,S2-600925263
S1-867005374	S3-841969529,S2-664838483,S2-500757199,S3-647262060
S1-19776677	S3-439664171,S3-937298151,S2-334071669,S2-921184402
S1-652404128	S2-911394232,S3-732849667,S3-655056697,S3-863479496,S3-565107595,S3-689364096,S3-37433801,S3-598700428
S1-84972397	S3-617974870,S2-799828817,S2-930491482,S3-216575692,S3-483872743,S3-641121415
S1-83901271	S3-405238188,S2-496939417
S1-106796207	S2-824826581,S3-410769483,S2-316346273,S2-365960961,S3-906096753,S2-488489840,S3-760233464,S3-630915285
S1-549356347	S3-142348647,S3-203963119,S2-82703772,S2-845324833,S3-551746217,S3-712754496
S1-656470805	S2-962424185,S3-495145784,S2-825496386,S3-313692756
S1-138604342	S2-808288876,S2-247792209,S2-718307154,S3-512979859,S3-17092783
S1-297230644	S3-326218022
S1-591514270	S3-201566478,S2-499695559,S2-779634985,S3-496762855,S2-998093754,S3-768592597,S3-504735643,S3-618285551,S2-798016536,S3-587113913,S2-716915275
S1-494055902	S2-234641265,S3-393710108,S3-610374080,S3-872690495,S3-398660081
S1-866639013	S2-984239919,S2-187427225,S3-571865019,S3-720504164,S3-810950187
S1-122698431	S2-523463970,S2-432845463,S3-40787169,S3-448272323
S1-160953838	S3-622697183,S2-419232557,S3-590367826,S3-393615143,S2-317625175,S2-926081812
S1-714362878	S2-856008816,S2-75040773,S3-906044283,S3-390737113,S3-494459358
S1-452191381	S3-960566906,S3-881327321,S2-561087076,S2-939488309,S3-926049263
S1-932437383	S2-178499846,S3-490514935,S2-764746547,S2-876310181
S1-443439877	S2-974721000,S2-383385587,S3-265971661,S2-269938179,S3-704812166,S3-924485906
S1-370151177	S2-652898777,S3-535523502,S2-143273807
S1-677079599	S3-218609810,S2-849400398,S3-746744706,S3-65337435,S2-95749384,S3-882837299
S1-4324325	S3-90273785,S3-64234462,S2-363130418,S2-412801795,S3-279996151
S1-179036841	S3-426138642,S2-742312015,S3-950149163,S3-382584910,S3-100893985,S3-189597657,S3-346788027,S3-599541820,S3-397091015
S1-364805912	S2-597474527,S2-559400634,S2-850141916,S2-333427078,S3-14003880,S3-981490506
S1-699315845	S3-781724993,S2-560916465,S3-462595969,S3-950963226,S3-803100940,S2-241606850,S3-300410570
S1-546692566	S3-400587472,S3-1069084,S2-900411069,S3-223645376
S1-64112202	S2-394997811,S3-412249973,S3-431014994,S3-646354424,S3-369184059
S1-801141500	S3-360777641,S3-14119068,S2-630178770,S3-56527366,S3-502388258,S2-614240697
S1-456462294	S3-281956146,S2-322571647,S3-444246645,S2-444206917,S3-719515178,S3-936875498,S3-824456717
S1-183727571	S2-364895554,S3-925414004,S3-871829229,S3-909062203
S1-208814250	S3-73938027,S3-638457560,S3-446831462
S1-385001443	S2-415847313,S2-500464637
S1-406162927	S3-515352926,S2-278044740,S2-435835379,S3-579827095,S3-967494848
S1-604080039	S2-81278465,S3-627282690,S2-714771239,S3-803196098,S3-748585383,S2-786747840,S2-202462226,S3-3954614
S1-823922175	S3-513933659,S2-871211669,S3-931821995,S3-401860788,S3-809473983,S3-987782319
S1-408435098	S3-927981901,S2-424100323,S2-259791935,S2-325346877,S2-550290896,S3-960594952
S1-591150822	S3-918249158,S2-710531594,S3-115617661,S3-752133966,S3-703040030
S1-593459779	S3-893454144,S2-294915383,S2-524313958,S2-635896543,S2-798317461,S3-346763862
S1-665800019	S3-799338828,S2-279875275,S2-633980517,S3-330708588,S3-540974859
S1-836395717	S2-688422672,S3-867867069,S3-316925737,S3-441550316,S3-74625761
S1-579611532	S3-347934299,S2-153284203,S2-316794547,S3-87533398,S3-52312740,S3-789525638,S2-791395737
S1-516892804	S2-294437577,S2-836785482,S3-491053597
S1-340780438	S2-178792765,S3-906369055,S3-317287023,S3-334271671,S3-364141564
S1-224083344	S3-228750733,S3-48538549,S2-524081516,S3-962751392,S3-606791586,S3-595620152,S2-769623213,S2-555067777,S3-381003891
S1-535263724	S2-946943419,S2-857619195,S2-191735693,S3-844762410,S2-710431570,S3-790168947
S1-116722364	S2-721221544,S3-838298644,S3-365888853
S1-363274865	S3-394137689,S3-990419675,S2-625672381,S3-629616009,S3-498392113,S2-813783866,S2-703855126,S3-325872042,S2-71362042
S1-581862872	S3-747721210,S3-394011207,S2-298214904,S2-632011523,S2-691330943
S1-204299297	S2-857715532
S1-848465800	S2-16795073,S3-905037072,S2-888070382,S2-304954577,S2-307903400,S2-135613783,S3-394712488,S2-626821058
S1-667885606	S2-457904444,S2-93092716,S2-338999578,S3-329693934,S3-662969715,S2-922700910,S3-187505916,S2-404083115,S2-138932760,S3-685756649
S1-432524926	S3-267003821,S3-497589704,S3-275978712
S1-618498052	S2-804499223,S2-724899335,S2-845565138,S2-167889905,S3-17395228,S3-970279258
S1-611218954	S3-37759273,S2-152558873,S3-958409769
S1-626358916	S2-303116331,S2-713033460,S3-156998358
S1-74928688	S3-771189063,S2-735610384,S2-628773481,S2-102274579,S3-202208738,S3-791858011
S1-103697581	S2-782732823,S3-493545319,S3-679545479,S3-188857932
S1-65359188	S3-950071786,S3-780086202,S3-216349712,S3-734130802,S2-228766829,S2-558959445,S2-47995496
S1-379118663	S3-221744104
S1-420909556	S2-276995981,S3-576979265,S3-244302009,S3-636640139
S1-687141149	S2-367106263,S2-566586229,S3-374292350,S2-55903033,S3-91959903,S2-738105053,S2-675166944,S3-850679869
S1-106266328	S2-13500101,S3-202886112,S3-659881298,S3-28732304,S3-443963660,S2-95070405
S1-974297489	S2-863125833,S2-430401170,S3-182584317,S3-117389788,S2-978865010,S3-985561093,S2-298347379,S2-151634031,S3-66972927
S1-328365526	S2-249787488,S3-995870118,S3-48931713
S1-428112056	S3-351261587,S2-25470654,S2-657726643
S1-334513712	S2-253357138,S2-830294564
S1-697940966	S3-888479613,S2-562926436,S2-785782833,S2-678678525,S3-582998044
S1-490787800	S3-38967015,S2-789643578,S3-342204857,S3-39249493
S1-743789302	S2-97815115,S2-407662111,S3-567740279,S3-504839390,S3-460236356,S2-704837054
S1-278855930	S2-678892372,S3-861365547,S3-437840317,S2-762729996,S2-383277015
S1-831116658	S2-689667336,S2-220391094,S3-319578525,S3-236122504
S1-878907560	S3-96663252,S3-188335360
S1-172890283	S3-933503893,S3-68428101,S2-828640757,S2-998467509,S3-567905568,S3-815695181,S3-880121091,S3-727756426,S3-615774108,S3-564219052
S1-541614913	S3-487624607,S2-637015999,S3-738582233,S3-645096599
S1-7558608	S3-395934345,S2-363239375,S3-78494542,S2-880852885,S3-115143608,S2-312452516,S3-708539655,S3-561580578,S2-114518454,S2-80322846,S3-745245679,S2-811047524
S1-119182322	S3-227677342,S3-113218715,S3-581672722
S1-772933699	S3-684350108,S2-640480692,S2-484347296,S2-91058730
S1-383107033	S2-693216991,S2-656163531,S3-708894611,S3-717000032
S1-267605202	S3-441967644,S3-661512231,S3-34400710,S2-726848954,S3-140192970,S2-83756969,S2-981170083,S3-960483999
S1-883774314	S2-54091532,S2-664019042,S3-996506869
S1-849361450	S3-632341218,S3-378742655,S2-744368234,S3-44156855
S1-7797089	S2-457715685,S3-525966894,S2-930025401,S2-8985944,S3-414420848,S3-942189522,S3-220211650,S3-200991353
S1-681236950	S3-416572279,S2-504115426,S2-304567979,S3-988503126,S3-542417308,S2-606787254,S3-730128113,S3-997928331
S1-92648800	S2-516285702,S2-793013700,S3-442756564,S2-889580120,S2-182737898,S2-148336058,S3-848078077,S3-889804224,S3-289503690,S3-354971084,S2-951029235,S2-481206656
S1-527765364	S3-646874559,S2-799619144,S3-590430128,S2-792306160,S2-358482117,S2-648249937,S3-8467697,S2-573706139,S2-663273932,S3-938364077,S3-825562514,S3-947304339
S1-987744179	S2-591003220,S3-978866192,S3-821589744,S3-469533854,S3-507436808
S1-2468743	S3-199398921,S2-498958121,S3-33139462,S3-751074834
S1-904042881	S2-406165984,S2-193268413,S3-14664693,S3-352838402,S2-237417667,S2-787662126,S3-959269395
S1-973424595	S3-610490766,S3-356769747,S3-205719645,S3-3789543,S3-425889364,S3-171408878
S1-311250972	S2-524746470,S2-4291549,S3-493937443,S3-231123621,S3-463624043,S3-308744295
S1-50646677	S3-235707014,S3-578552858,S2-141854279,S2-612280681,S2-608869871,S2-111508119,S3-425971633,S3-691396688,S3-46352159,S3-848311371,S3-536932093,S2-949403079
S1-896664940	S2-543761445,S3-666122963,S2-770905692,S2-658877490,S3-833807519
S1-452867801	S3-535213151,S3-71018590,S2-850238548,S3-973146015,S3-556804061
S1-638827025	S3-937806140,S2-235329582,S2-605675843,S3-41178779,S3-202972580,S3-164976140
S1-94725206	S3-496276513,S3-554768430,S2-13059482,S3-660036453,S3-376578351,S3-101042256
S1-856104992	S2-75634394,S3-70263590,S2-53817086,S3-606573642,S3-328590877,S2-63213268
S1-904077303	S2-217359593,S3-198763286,S3-746702864,S3-76165198,S2-533361320
S1-346960267	S2-58087061,S2-765691646,S2-997096579,S3-357259364,S2-755683898,S2-781309017,S2-916499100,S3-61824429,S3-354545844,S2-752207981,S3-692793479,S2-954254363
S1-626916963	S2-251584635,S3-600307761,S3-359233790,S3-46859006,S3-94381704,S3-826388620,S3-779130395,S3-408338048
S1-463222044	S3-232605043,S3-820771780,S2-445414718
S1-175194733	S2-835605645
S1-196988481	S3-88948743,S3-538389107,S2-29550347,S3-417241210,S3-158888297,S3-489990009,S3-854474626,S3-970738055,S3-159159739,S3-251968866,S2-829265883
S1-512207386	S2-726066621,S3-527248747,S3-715269231,S2-829134691,S2-707650047
S1-92244610	S3-823374124,S2-462026882,S3-477652581,S3-810165720,S3-17035295
S1-599534961	S2-633568637,S3-362742217,S2-83152315
S1-474605700	
S1-684968275	S3-251043138,S3-530426259,S2-654824074,S2-333389269
S1-206248630	S3-845817914,S2-319592320,S3-102609255,S3-438464992
S1-24541267	S3-450548035,S3-496525359,S3-106898282,S2-841024799,S3-882797110
S1-722000637	S3-612610341,S2-439932346,S2-276394012,S3-72248572,S3-761214010,S3-742060608
S1-413847744	S3-614413130,S2-693168921,S3-973266491,S2-766124912,S2-464630053,S2-376632786,S3-63750767,S3-915804287,S2-43027032,S3-189637570
S1-556003429	S2-43470021,S3-351802572,S2-570059028
S1-181232447	S3-196646214,S3-573451513,S2-656776204,S2-475830482,S2-212596281,S3-648064253,S3-316705277,S2-706780181,S2-745951546,S3-185874822,S3-16204411,S3-527693785
S1-64781596	S2-81965527,S2-896260789,S2-615189411
S1-140810296	S2-389892892,S2-68762474,S3-596884133,S3-536232675,S3-574458231,S3-509360804,S3-669905223
S1-132106328	S2-127516499,S3-477521341,S2-484236461,S2-988178862,S3-64299502,S2-740076698,S3-917352540,S2-19868407,S3-184928297,S2-195824521
S1-633535219	S3-809049976,S2-754765244,S3-483145534,S2-840599492,S2-647533379,S3-861813895,S2-722549365,S3-134549413,S3-483370048,S3-242763996,S3-298438991,S3-63042013
S1-86229353	S3-940049106,S2-953805856,S3-74582228,S3-175375907
S1-386492594	S3-66941179,S2-235464916,S2-1097690,S2-110925880,S3-393632693,S3-660776979,S2-305398661
S1-134659985	S3-101140108,S3-426643445,S3-331281570,S3-330710144,S2-569122942
S1-624760031	S2-301496637,S3-844307144,S3-758046118,S3-577434666,S2-947681835,S2-495974087,S2-419647566,S2-148921368,S2-395890664,S2-393889426,S3-753839646,S2-910815794
S1-483125360	S3-406750750,S2-387924604,S3-76783218,S3-871416572,S3-606520764,S3-351439559,S2-796174471,S2-196531211,S3-847225802,S2-436858197,S2-874262763
S1-250561084	S2-350149625,S3-294892652,S3-736521691,S3-357580191
S1-882217295	S2-734597760,S3-124886267,S3-491387395,S2-942050182,S3-942777899,S2-305194698,S3-927316327,S2-525183590,S3-656286382
S1-33537904	S3-41098749,S3-531321789,S3-374484023,S3-450675304,S2-578715766,S2-901067676,S2-691902455,S2-693075942,S3-887490973,S3-837185011,S3-110353258,S3-570888860
S1-676305101	S2-425433488,S3-431820319,S2-650495997,S2-117274539,S2-940034854,S2-647053537
S1-217714194	S2-502658538,S3-681429239
S1-413862620	S2-880627819,S3-686858577,S3-162214341,S3-865148696,S2-160882390,S3-172200041
S1-187218255	S3-727740035,S2-750494503,S2-265135575,S3-328720956,S3-743488733
S1-772202074	S2-260076339,S2-633777476,S2-709233867
S1-813704795	S2-642036029,S3-678806630
S1-829581580	S2-835710959,S2-76025706,S2-208525689,S2-837093548
S1-935138038	S3-544105186,S2-384147374,S3-398337785,S3-585878852,S3-897497204,S2-280678837
S1-389269992	S3-721623213,S2-417532231,S2-65263506,S2-347977544,S3-256897618
S1-496092984	S3-726071939,S2-929429903,S3-483231166
S1-353868295	S2-483024503,S3-672568228,S2-192860893,S3-108194956,S2-895740439
S1-43228768	S3-254776886,S2-825854977,S3-504334005,S3-626449876
S1-74956630	S2-966163712,S3-700343494,S3-889034442
S1-584508334	S3-783548151,S2-853480350,S3-571450475
S1-858480081	S2-313344646,S3-714311470,S3-903979454,S3-27933166,S3-553358073,S3-127290742,S3-329530928
S1-10197150	S2-915924854,S2-81758737,S3-372685357,S3-460527048,S3-685595147,S3-209913982
S1-159868009	S3-686294627,S3-566844791
S1-47727154	S3-64305698,S3-676791011
S1-38282196	S3-457070963,S2-119340514,S2-227876975,S2-607746896,S3-760672055,S2-874428171,S3-178123825
S1-727668577	S2-302318713
S1-565409679	S3-971748428
S1-676041683	S3-691982712,S3-482637952,S3-162372973,S2-831851926,S3-71722178,S2-825996060,S2-266826478,S3-676372943,S3-222813594
S1-435163120	S2-750928810,S3-603961829,S2-549043996,S2-803540796,S3-27038925,S3-670712087
S1-13675467	S3-360342838,S3-461637445,S2-467682476,S3-945761677,S2-358078112,S3-629704696
S1-24543802	S3-477164454,S3-213166572,S2-317434397,S3-437875247
S1-981816389	S2-950267286,S2-449696803,S2-384321984,S3-608940184,S3-260625732,S3-621344927,S2-257298663,S3-152717391
S1-550563115	S3-315334503,S3-194176945,S2-987241101,S3-315483307,S3-187840057,S3-118327347,S3-765398609,S2-402503997,S3-532451921,S3-835886688
S1-355223742	S2-405483399,S2-453470066,S2-326159814
S1-460574749	S3-78667156,S2-598701307,S2-942620395
S1-159743480	S2-732109600,S2-622473394,S3-869712172,S2-212987214,S2-174503382,S3-315237297
S1-70042724	S2-651880437,S3-902533262,S3-619033318,S3-930209324,S3-707157663
S1-868192317	S3-751849026,S2-665613650,S3-584619267,S3-152023480,S3-991610148
S1-595629648	S2-207223358,S2-18049021,S2-697059114,S2-257209665,S3-396364588,S2-151921992,S3-557800356
S1-572858431	S3-945692948,S2-846077881,S2-974413884
S1-247277111	S3-858690368,S3-317399927,S3-398071103
S1-257052393	S3-687422607,S3-702050237,S3-482066067,S2-495855587,S3-611770461,S3-480991923,S2-644997008,S2-1288035,S3-437841992
S1-432492382	S3-185764260,S2-34602434,S3-764742979,S3-674591870,S3-855603058,S3-917257390
S1-315847776	S3-858711103,S3-822401336,S3-294832498,S3-239297219,S2-728126872,S2-152645691,S2-209994044,S3-77937003,S3-303589248
S1-169243418	S3-179201638,S2-22490302,S3-972261073
S1-877507563	S2-465354706,S2-386834563,S3-93056551,S3-309959642
S1-402677262	S3-936413453,S2-27283159,S3-717410669
S1-807073316	S3-776312013
S1-362580713	S3-375202193,S3-24688325
S1-833960319	S3-610731042,S3-11336282
S1-726249607	S3-541879885,S3-526273792,S3-693400650,S3-477663377,S3-465973955
S1-788989874	S2-68539398,S3-984649621,S2-446520522,S3-791810441,S3-771009290,S2-771211729,S3-534777387
S1-581325508	S3-710582527,S2-774069180,S3-496534104,S3-33501912,S3-387606082,S2-684612361,S2-33712609,S3-91701050
S1-444855917	S3-755548999,S2-952379993,S3-674592847,S3-895291825,S2-745965970,S3-47814881
S1-277742217	S2-722891555,S2-426892277,S3-367053078,S2-878861780
S1-487942964	S3-948318052,S3-615966068,S2-522583551,S2-195736482,S3-198185551,S2-12061310,S3-867114389
S1-724792096	S2-151257105,S2-187237778,S3-87660576
S1-144210746	S2-170268698,S2-145887952,S3-257074688,S3-603039891,S3-135951394,S2-300705881
S1-160756119	S3-390293344,S2-652366840,S2-805303522,S3-287336324,S3-887477201,S2-483078461,S3-278954207,S2-394915796,S2-757630972,S2-836185523,S2-789548227,S3-591068561
S1-799225697	S2-439407400,S2-19656171,S2-694239046,S3-127688187
S1-409782769	S3-145939440,S2-821461381,S2-835738747,S3-463611175,S3-354887116,S3-91281481,S2-671594249,S3-887769988,S3-877563267,S3-522115123,S2-200578871,S2-844153777
S1-118316237	S2-754247762,S2-479265642,S3-87641901,S2-70730219,S3-932288313,S2-928443170,S3-643222753
S1-83118682	S3-119679769,S3-7533570,S3-744959978,S3-786680696,S3-291761010,S2-746312823,S2-714048969,S3-495175634
S1-472622058	S3-370112440,S2-776290548,S3-147551086,S3-142796138,S3-852389417,S3-52486238,S3-91021268,S3-850685435
S1-694097383	S3-558185071,S3-651990355,S2-684621012,S3-441026100,S2-887983406,S2-973285417
S1-30133038	S3-256399049,S2-793340884,S2-194967845,S3-515710593
S1-829020178	S3-654833276,S3-625058527,S2-59827199,S2-466294154,S3-878288116,S3-211264210
S1-377693371	S3-971537639,S2-507005125,S2-2515978,S2-989704893,S2-173124476,S3-194711304
S1-466072485	S2-745086544,S3-871195936,S2-257355004,S3-950986970,S3-993757725,S3-276172160,S2-362267500
S1-78361282	S2-194521531,S3-699592499,S3-569571042
S1-742313567	S2-509554662,S3-3242994,S2-224614729,S2-214536961,S2-146860860,S2-359412059,S3-241145120,S2-118008601,S3-894468474,S3-328641459,S2-400497761,S2-578935191
S1-301782028	S2-132054940,S2-347367470,S3-730171267,S2-505642630,S2-666169216,S2-636321942,S3-665721586,S2-831233218,S3-780692622,S3-162431102
S1-258646813	S2-846622365,S3-542228037,S3-624213472
S1-796722761	S2-236935583,S3-414547361,S3-11532301
S1-990789017	S2-137816396,S3-500297624,S2-418448160
S1-176331936	S2-171520330,S3-632537945,S2-513103389,S2-690374909
S1-197340433	S2-746751180,S3-776002787,S3-31042550,S2-519583294,S3-144247324,S2-796894085,S3-356274017
S1-728307646	S3-813351445,S3-84729698,S3-488717955,S3-405792612,S3-729543051,S2-607764140,S2-577185278
S1-289273094	S2-725083304,S2-707901387,S3-2529015,S3-473055109,S3-64680003,S3-44187217,S3-651584080,S3-852389417,S3-52486238,S3-142796138
S1-754452141	S3-563625832,S2-863330767,S2-151212352,S3-134209272
S1-835125598	S3-122708271,S2-418227758,S2-751090581,S3-530093302
S1-447479652	S3-171461605,S3-437467457,S3-103513181,S3-271185963,S2-42031658,S2-542525169,S2-453275557,S2-78118280,S3-690135704,S3-483768902
S1-738316013	S2-124862736,S3-303590298,S3-648667338,S3-812444379
S1-399806017	S2-536156656,S3-437643242,S3-104876286
S1-698137041	S3-437178998,S2-487409757,S2-124025394,S3-861532504,S3-325482971,S3-282599052
S1-670985468	S2-105907301,S3-497931297,S3-890346877,S3-116504772,S3-418789042,S3-550377096,S3-902840610
S1-525589028	S2-40207779,S3-59689122,S2-890866440,S2-165225911,S3-271984202
S1-722053009	S3-985304388,S3-297552685
S1-774735384	S3-71732511,S2-939964493,S3-770564883,S3-248143952,S3-696292559,S3-512874693,S3-107643904
S1-138437628	S2-515259467,S3-812083362,S3-716140029,S2-478458965,S2-980848262
S1-339537026	S2-72985461,S2-756380382,S3-993097114,S3-110051603,S3-664895835,S3-723230031
S1-238316784	S2-883129302,S3-842517924,S3-938830334,S2-136507522,S3-446888994,S3-292084347,S2-863682651,S3-354948461,S3-434475666,S3-2040776,S3-672490219
S1-73908707	S3-927532959,S3-766916169,S2-882838105,S3-70224705,S3-506273808
S1-331297761	S3-13916206,S2-978203525,S2-999075710,S2-897761812,S2-154717107,S2-172681932,S2-977448684,S3-743577901,S3-658371507,S2-761694554,S2-886534899
S1-623835343	S3-723830319,S3-126678375,S2-256166940,S2-83339966,S2-874025574,S3-285768544,S2-129078418,S3-776850996,S3-559309763,S3-646088187,S2-604920798,S3-57389989
S1-514221090	S3-284907234,S2-213173542,S3-5981134,S2-512526068,S3-900483922
S1-235825626	S3-591967677,S3-463470312,S2-819909510,S2-316641382
S1-835063295	S2-433914081,S3-581180810,S3-114022884,S3-69904962,S3-116985424,S3-204928476,S3-414429183,S2-179745918,S2-113348251,S3-238197488,S2-653882013,S2-584851200
S1-51262934	S3-479966824,S3-862273186,S2-228462108,S2-273065898,S3-931080502
S1-185610447	S2-18899739,S2-520594526,S3-649942481,S2-258828240,S3-573587195,S3-690910260,S2-635598959,S3-495133154,S3-607498474
S1-419775794	S3-667336504,S2-271537785
S1-782824355	S3-139097645,S3-123124084,S2-685539856,S3-189963368,S2-158951846,S2-932655425,S3-847744813,S2-924307429,S3-500721878
S1-499549900	S3-30058750,S2-141621857,S2-952552053,S3-909621285,S2-234648489,S2-372218677,S2-568058150,S3-50237598,S2-246474957,S2-136162603,S2-258979131,S2-890407730
S1-940130077	S3-164170239,S3-440046876,S2-133804547,S2-317046999,S3-548557890,S3-965666342,S3-405003048
S1-14092281	S2-474802877,S3-941239282,S3-548451387
S1-149602833	S3-870807200,S2-928713833,S3-603049515,S2-195595851,S2-495084144
S1-855977355	S2-561726799,S3-964525385,S2-549293347,S3-332599198
S1-565564958	S2-753094371,S2-404737328,S3-715024361
S1-781302444	S2-737943698,S2-387235822,S2-699274166,S2-157367766,S3-995101418,S2-968592851,S2-466731347
S1-52129316	S2-9929476,S3-703456716,S2-535603838,S3-110655617
S1-664382671	S3-37413009,S3-550746955,S2-318606805,S2-655422276,S2-602991470,S3-984106290,S3-492755873
S1-335512984	S2-652872628,S3-832414968,S3-653121493,S3-527289122,S3-197169126,S3-909487328
S1-590317761	S2-798690191,S3-689671807,S3-523680791,S3-516016196
S1-864455557	S3-772500307,S2-676972718,S2-833432650,S3-130812926
S1-817031857	S3-476706139,S3-450000605,S2-126700259,S3-64043613,S3-758548615
S1-989644055	S3-293456090,S2-585203961,S3-892223985
S1-676171271	S2-417233801,S2-762631151
S1-443633299	S3-53422692,S2-809147405,S2-867337269,S3-562766436,S2-786269685,S3-679448742,S3-537042275,S3-372080986,S3-665273255
S1-397236282	S3-122442042,S3-737423652,S3-620199995,S2-85519017,S3-710126286
S1-270582490	
S1-418938514	S2-287294686,S3-731381192,S2-659201421,S2-448029008,S2-936179128,S3-562419888,S2-197924303,S3-248876177,S3-932509974
S1-117852639	S3-328656408,S3-87387892,S3-727350804,S3-28833319,S3-430712402
S1-197136409	S2-156224943,S3-282627775,S3-395961498,S3-241036779,S3-431461855,S3-465714084
S1-83916747	S2-585688933,S2-611853718,S2-308924951,S2-951348827
S1-685179213	S2-283809068,S3-854732343,S3-485739348,S3-335737154,S3-147920746,S3-694191330
S1-926001728	S2-163101941,S2-628141275,S2-774321308,S3-81049328,S2-45946523,S3-967316653,S2-974897017,S3-324350402
S1-924185489	S3-502863962,S3-960000658,S2-305841521,S3-364815145,S3-265844229,S3-132090233,S3-258099405,S2-75199459
S1-445380784	S2-500818326,S2-548409967,S3-825810841,S2-519368815,S3-992825967
S1-587385050	S3-17499581,S2-692915982
S1-444988306	S2-336206719,S2-385742097,S2-110571324,S2-156288885,S3-644867006,S2-696583308,S3-639381029,S2-782375451,S3-951305248,S2-440206658
S1-381599341	S3-131810972,S2-15336066,S2-301943183,S2-175120632,S3-106648925
S1-998016311	S2-573370315,S3-329579359,S3-519776388,S2-973398154,S3-680481119,S2-711671772,S2-813207416,S3-679706883,S2-516518751,S3-814292845,S2-178214168,S2-764632693
S1-785936353	S3-297975323,S3-299495672,S2-771727400,S2-677707082,S3-779299066,S3-23042961
S1-628489505	S3-766976818,S3-830073612,S2-438680621,S3-239253643,S3-244343013,S3-210927961
S1-962398543	S3-460188568,S2-905152000,S2-331494250
S1-58054809	S3-498828673,S3-467581171,S2-549019139,S3-96657741,S3-435590086
S1-633853740	S3-581348007,S2-67420974,S2-929109432,S2-835464347,S3-306332172
S1-538499679	
S1-809470384	S2-829355301,S3-898712394,S3-235762435
S1-453497611	S2-411472488,S2-753812969,S3-739562685
S1-29729749	S3-16573375,S2-249981857,S2-381736983,S3-562526860,S3-279279206,S3-24701954
S1-799785121	S2-862625532,S3-31183552,S2-630311932,S2-101314776,S3-887971258
S1-237951723	S2-605036399,S3-600473060,S3-189825073,S3-134209272
S1-480993950	S2-296925264,S2-399072605,S2-558042514,S3-731051013,S3-448234074,S2-799208515,S3-228863427
S1-576794446	S3-788652257,S2-600360068,S3-951252210,S2-211648362
S1-360146126	S2-951528911,S3-653439318,S3-197080331,S3-576050014
S1-55916486	S3-691848136,S2-88833571,S3-852114867,S3-491057095,S2-836536603,S2-234752974,S3-835559432,S3-380027626
S1-55125671	S2-796813451,S2-245541371,S3-831224891,S3-594894460,S3-295414437,S2-306693476,S2-955958719
S1-314468542	S3-317083152,S3-164722927,S3-553245494,S2-99272983,S2-625869310,S2-852854801,S3-970165901
S1-763500697	S3-362552927,S2-897353130,S3-712044277,S2-734284058
S1-10801084	S3-289022112,S2-528159270,S2-677047821,S2-639556320,S3-987419378,S2-820763971,S3-908454778,S3-906670835,S3-169774360,S2-250004856,S2-556504986,S2-218814945
S1-192604767	S2-477602849,S2-61464676,S2-953634961,S2-251496131
S1-383291287	S3-464709284,S2-43711093,S3-704668766,S3-790401640
S1-764400460	S3-108964896,S2-20524548,S2-710950831,S3-991084472,S3-787140611,S2-236470673
S1-995339430	S3-101000783,S3-982760617,S2-699337667,S3-764565751,S2-90886357,S3-59113409
S1-905550013	S3-654124239,S2-236740762
S1-795802606	S3-720198982,S3-870054988,S3-825757152,S2-589313474,S3-511860147,S3-561269350,S2-629420626
S1-750560496	S2-459376805,S3-166789759
S1-857872323	S3-597607324,S2-915970757,S3-625483470
S1-592651202	S2-168363281,S2-439643423,S2-512984684,S3-1848754,S2-462318524,S2-97666653,S3-384170050
S1-315666448	S3-302069773
S1-218169844	S2-115882488,S3-284786493,S2-786093052,S2-777188178
S1-324852028	S2-936992158,S3-288774806,S3-902745057,S3-315515153,S3-320997470,S3-460837677
S1-223329186	S3-662250049,S3-971167491,S2-604785617,S3-492930640,S2-898805966,S3-842060880,S3-613412255,S2-491486827,S2-820353860,S3-609543734,S3-219905689,S3-359283249
S1-550486524	S2-673237545,S3-302105411,S3-63659578
S1-454064356	S2-336801382,S2-258171568,S3-42691663,S3-655895002,S3-710641347,S3-902355952
S1-350109	S2-601847162,S3-613877482,S3-990955654,S3-840453768,S3-943410469
S1-985115475	S2-278198258,S3-624508384,S2-639180232,S2-727370684,S2-418199300,S3-622338970,S3-843495488,S2-203872265,S2-249754741
S1-674724172	S2-861035893,S2-308502673,S3-245898311,S2-757483093,S3-873125011,S3-696261521,S3-52047516,S3-286963198,S3-316038427
S1-61214412	S2-239256152,S3-723217703,S2-690199278,S2-3337690,S2-962634463
S1-42056858	S3-797643274,S2-593468420,S2-501171410,S3-963540692,S3-701403605,S3-35481720,S2-956132765,S3-597714339
S1-85273205	S3-153318325,S3-311242390,S2-850852686,S2-4991843,S2-83530085
S1-15852302	S3-389892168,S2-988068002,S3-721389413
S1-980067210	
S1-459770911	S2-553280214,S3-255736132,S3-501132536,S2-59617322,S2-55384590
S1-589085277	S2-771278331,S3-394006532,S3-552060451,S3-372174603,S3-476171058,S2-549959009
S1-369559734	S3-27943567,S2-38499732,S2-929929566,S2-306714869,S2-357605063,S3-232227514
S1-959668754	S3-16210732,S3-329466036,S3-645042539,S3-749150040,S3-247067846,S2-995369155
S1-297519633	S3-829298571,S3-900681912,S3-304680599,S3-373549288,S3-8266689,S3-942572723,S2-410442536,S3-785062932
S1-945471119	S3-575891313,S2-720589849,S3-974235237,S3-276336446,S2-824788862,S3-355671898
S1-674636458	S3-840366986,S2-520429067,S3-96179582,S3-243356294,S3-776627115,S3-75629681,S3-568424228,S3-458975701
S1-308787410	S2-355588887,S3-207064352,S3-47288293,S3-717726215,S3-985414587,S2-948542870,S3-507673499,S3-559685500
S1-725923519	S2-420450699,S3-483401170,S2-114478494
S1-94804110	S3-55952484,S3-531089195,S3-641250965,S3-930212165,S2-363012541
S1-354308498	S3-481851582
S1-48955044	S3-251322528,S3-626316074,S3-242963634,S3-529830584,S3-98244980
S1-304054101	S3-507314728,S2-8246703,S3-676004364,S3-927400576,S3-459480196,S3-245510878,S3-674611396
S1-956424013	S2-459912102,S3-438541524,S2-982101478,S3-707606309,S2-83024814,S3-28256987,S2-958426405
S1-538966831	S2-829546323,S3-981443019,S3-625288988,S3-559541954,S3-256288125,S2-550102131,S3-156457469,S3-789313478,S2-13859139
S1-715863700	S2-562699275,S3-390014110,S3-955864733,S2-590249061,S2-172271470
S1-323383597	S3-457693634,S2-667425381,S3-205968400
S1-952993083	S3-875360830,S2-828106212,S3-400560373,S3-961474098
S1-491224156	S2-658383882,S2-164326898,S3-269414782
S1-548144166	S3-810183168,S3-372312648
S1-201891380	S2-519330296,S2-605581805,S2-792056794,S3-517372819,S2-360547493
S1-190962875	S3-85472993,S3-847542350,S3-131850935,S3-489318263
S1-448245205	S3-213821652,S3-812428959,S2-16025051,S3-232359543,S3-332952348
S1-530518718	S2-108575674,S2-530107363,S3-437156612,S3-582308423,S2-764836606
S1-64968458	S2-743151620,S3-715743561,S2-787058321,S3-657807294,S3-180640578
S1-331214583	S2-909764944,S2-270467225,S3-433691386,S3-109236837
S1-993919950	S2-441390999,S3-629443774,S3-842215583
S1-712162611	S2-175419502,S2-253117396
S1-311988754	S3-284749891,S2-652848431,S3-706399945,S2-853090958
S1-645882785	S2-755255359,S3-895168371,S2-611595939,S3-289171756,S2-447639814,S2-249203604,S3-538069118,S2-673615828,S3-746085680,S2-541229154
S1-677395608	S2-701491264,S3-758020719,S3-833901520,S3-453512485
S1-597947436	S2-486916218,S2-614957416
S1-198508998	S3-875796892,S2-98226719,S3-171848994
S1-104018382	S2-157875616,S3-994747538,S2-775070809,S2-295224019,S3-959669182
S1-904910999	S3-240509283,S2-341732506,S3-273088524,S2-880615467
S1-535238146	S3-36092592,S2-241172145,S3-102344550,S2-504963229,S3-10406885
S1-48107285	S3-8934134,S2-997891720,S3-989088901,S2-799640036,S3-118449398,S3-880101391,S3-899031245,S3-175696166,S3-440000472
S1-796465769	S2-419829359,S2-568933230,S2-259892632,S3-496896985,S3-809319404,S3-697231622,S3-600511923,S3-210032993,S3-641985929
S1-688059189	S3-678088646,S3-616070215,S2-206664615,S3-179370126,S3-216345629,S3-390697899,S3-340907966,S3-847629727
S1-980439258	S2-396210545,S3-511685538,S2-214643953
S1-137020417	S2-764312540,S3-423428146,S3-499011465,S3-485853925,S3-729825582,S3-517513437,S3-161277587,S2-789123380,S2-854235969
S1-152647574	S2-953180884,S3-873893699,S2-678978609
S1-443118426	S3-603501927,S2-407662167,S3-684042187,S2-672750950,S2-172502864,S2-662772485,S2-329740838,S2-256998523,S3-436451021
S1-942415226	S3-44378718,S3-431263219,S3-803693532,S3-595453110,S2-289342123,S3-215124996
S1-858491649	S3-353637214,S2-267944522,S3-149894272,S2-581282652,S2-575065818
S1-46627229	S2-512939934,S3-659879005,S2-982820146
S1-165629552	S2-901037377,S3-488049443
S1-45967042	S2-309846936,S3-709931565,S3-681703349,S2-938537598,S3-848170489,S2-711301344
S1-182346416	S3-519692315,S2-500600689,S3-979958777,S3-503378130
S1-35840716	S3-228349386,S3-744265764,S3-476275594,S2-611306639,S3-275373828,S3-414004737
S1-958163434	S3-247610057,S2-355289179,S3-966093626,S3-920646536
S1-194326437	S2-105758141,S2-55530120,S3-734940365,S3-422843595,S2-206709722,S3-71318988,S3-625690433,S3-180470561
S1-423845290	S3-712069037,S3-368946558,S3-894413296,S2-520363801,S3-466995779
S1-945090067	S2-80399620,S3-791081231,S2-192647533
S1-178128681	S3-124623811,S3-504078422
S1-801951719	S3-450061650,S2-77339644,S2-225415003,S3-477005098,S2-43800878,S2-648787511,S2-41213273,S3-682816524,S3-760605995
S1-524970348	S3-169123926,S2-796809346,S2-561638474,S2-828084675,S3-812074379,S2-190669693,S3-479176502,S2-996947228,S2-844099204,S2-820425703,S3-167618519,S3-900635540
S1-80130975	S2-623955574,S3-987535308,S2-881566667,S3-812076976,S3-427661529
S1-287842933	S3-496470219,S3-646642705,S3-128881293,S3-794410501,S3-575364083
S1-240412171	S2-109472270,S3-614716946,S3-80859704,S3-348214410,S2-310718958,S3-568470277
S1-541488579	S3-561786522,S2-589134350,S3-603038894,S3-347165145,S2-1830672
S1-659521570	S3-469560530
S1-108748346	S2-422825159,S2-819559851,S2-262307549
S1-187257897	S2-469601233,S2-537399024,S2-128519062
S1-43713895	S3-791420598,S2-409564380,S2-644356689,S3-481526001,S3-847607892
S1-327882971	S2-386454784,S2-799269274,S2-149316835,S2-771372323,S3-372199374,S3-192750890,S2-109982684
S1-200011108	S3-39370473,S3-45593387
S1-416369235	S2-126672435,S2-938994680,S3-8666275,S3-309213028,S2-833608329,S3-740246391
S1-7081914	S2-494671029,S2-745905230,S2-644856478,S2-848006531,S3-835614249,S2-986076557,S3-72977057,S2-74362097,S2-857192811
S1-217604964	S3-660931704,S2-366795991,S2-9762433,S2-230934115
S1-615753687	S3-69589125,S2-315184173,S2-815932614,S2-136602278,S3-807220296
S1-476349113	S3-234172934,S2-827190198,S2-234763985,S3-993087461
S1-907801408	S3-94001739,S3-147413264,S3-156199724
S1-414251494	S3-220214225,S2-778254652,S3-366160485,S3-886193482
S1-17893377	S3-552549491,S2-207927455,S2-805586225
S1-915942093	S3-974189131,S3-196674286,S2-954827347,S2-987463845,S2-58554630,S3-895298189
S1-808517919	S3-733342205,S2-836019671,S2-314918681,S3-788630553,S2-58980594,S3-310970796
S1-59016588	S3-248460316,S2-56245773,S3-316522058,S2-328288346,S3-509829749,S3-342579091
S1-314011237	S2-250114813,S3-992827611,S3-957882344,S3-854977389,S3-579936947,S3-120416445,S3-58987076,S3-858148227
S1-139892781	S3-378486365,S2-171033406,S2-50589474,S2-634142952,S3-50725656
S1-948724592	S3-295631688,S3-402975979
S1-980685436	S2-566329564,S3-201830906,S3-967587643,S3-215042981
S1-887651401	S3-860408466,S3-14908331
S1-230020718	S3-772582680
S1-214787294	S2-636362238,S2-60546793,S2-838494480,S2-510011426,S2-264734723,S3-371095459
S1-250034428	S2-763517375,S2-159413344,S2-647544884,S3-919058424,S2-830786751,S3-8326013,S3-992983768,S3-448683422,S2-770358938,S3-287971626,S3-683351981,S3-810335748
S1-371717039	S2-759341327,S2-116865921,S3-182198918,S3-420118678,S3-239173760,S2-431125861,S3-935276182
S1-350865146	S2-157358302,S2-611992527,S3-613254937,S2-87825821,S2-458036579,S2-40989312,S3-944097225,S3-656555333
S1-395172031	S2-30203307,S3-273938471,S2-306448378
S1-295095426	S3-99823559,S3-87983753,S2-787356094,S2-462393341,S3-626582924,S3-844062182
S1-141908015	S2-516066076,S2-307086879
S1-706264077	S3-942579362,S2-926153836,S3-761013571
S1-529286728	S3-525768529,S3-924133732,S2-314013904,S2-602606854,S2-236452401,S2-772964351,S3-54114107,S3-25863023
S1-38518213	S2-915458201,S2-804606009,S3-533428773,S2-893825665,S3-839196835
S1-424898248	S2-970833631,S2-215081768,S2-589926137
S1-559685942	S2-15545625,S3-58189099,S2-623379004
S1-738622708	S2-387066235
S1-166549416	S3-635388410,S3-118135947,S2-702099146,S3-683339952,S2-420693401,S2-440639336,S3-540074602,S3-978753640
S1-956720825	S2-939465498,S3-199527003,S3-596153397,S2-815957076,S2-629590533,S3-340820881
S1-521062920	S2-465208777,S3-569473934,S2-888153949,S3-997091863
S1-953424991	S3-873528517,S3-177884662,S3-558677652,S3-459747238,S3-142904196,S2-615230376,S2-798233509,S2-550201839,S2-998222784,S3-278983429
S1-486665202	S2-271273713,S3-462638574,S3-830000251,S2-921175234,S3-326103429
S1-132181469	S3-53752036,S3-385118222,S3-243561664,S2-817394813,S2-635851803,S3-10392221
S1-995597563	S2-437928364,S3-67912894,S3-273152350,S3-881095022
S1-114142162	S3-289638771,S3-658167103,S2-384822557
S1-208219972	S3-74967087,S3-571627634,S2-803607361
S1-645750550	S2-617940660,S2-572067540,S2-129932061,S3-163333116,S3-671625188
S1-304797764	S2-558768121,S3-857311607,S3-348569640,S2-967940363,S2-999232355,S3-8319406
S1-71465117	S2-618676656,S3-104193961,S3-544466717,S3-398303053,S2-371261564,S3-646762430,S3-988067628,S2-589699792,S2-792818978
S1-702226066	S3-41741529,S3-453117730,S2-821295746,S3-474069204
S1-872020446	S3-699041962,S2-165290182,S3-413031736,S2-132443911,S3-600946824,S3-267855358,S3-570443277,S3-620777983
S1-109466593	S3-517289409,S2-399029739,S2-326743033,S3-10238636
S1-435333645	S3-609502396,S2-466087051,S2-502353489,S3-708941935,S2-174652895
S1-348281716	S3-58365464,S3-377935766
S1-554670559	S3-730959131
S1-909834980	S3-454767751,S3-153712956,S2-151407228,S3-202778063,S3-242145823,S3-629443774,S3-595792037,S3-589403189
S1-630109736	S3-468675045,S3-493464472,S2-386638856,S3-398934354,S3-302350215,S3-284634746,S3-936976877
S1-886474480	S3-36754350,S3-423966922,S2-621246607,S3-672033918,S3-662700876,S2-816849538
S1-644418149	S2-569240821,S3-913907967,S2-943944203,S3-297990148
S1-812743534	S3-458665495
S1-51554112	S2-659443834,S3-706174433,S3-467318278,S3-539063710,S2-901661900,S2-595453056,S3-891742805,S2-364562493
S1-187107764	S3-124241710,S2-769914509,S3-642478945
S1-14312839	S3-913256550,S2-4571017,S3-233893547,S3-447993902
S1-401915675	S3-619367217,S3-704040222,S3-198893857,S2-995663200,S3-717499373
S1-672596072	S3-231164696,S2-949212711,S3-541192578,S3-467411405,S3-545523522,S2-959085336,S3-325843239,S3-593514078,S3-3031518
S1-991621011	S2-404741169,S2-349499405,S2-86060547,S3-227091856,S3-887781411,S3-896386546,S3-706070562,S2-690213714
S1-29987531	S3-334599034,S3-126427483,S3-2910598,S2-885397772,S3-500323398
S1-62758444	S3-294915231,S2-393664439,S2-418505393,S2-235177256,S3-342820126,S3-915004113
S1-299611485	S3-941163363,S2-896971196,S2-908772635,S3-746058469,S3-4679122,S2-870281128,S3-462615811,S2-530268471
S1-853769062	S3-95558250,S3-528410393,S3-809922738,S2-463361914
S1-936337489	S3-318704200,S3-972060290,S3-370876316,S3-201459360,S3-944806033,S3-939654070
S1-948569446	S3-528895448,S2-958378929,S2-266204796,S3-657885543
S1-487830197	S2-654121466,S3-926417470,S3-200598101
S1-549801434	S3-35245063,S3-59981284,S3-605566768,S3-266516491,S2-116481129
S1-686301562	S3-103353349,S2-554171228,S3-677155117,S3-274269512,S3-129271090,S3-965994026
S1-739317009	S3-667289493,S3-900989841,S3-86325601,S3-236444244
S1-347113403	S3-678776186,S2-808105044,S2-570378285
S1-509864961	S3-531344642,S2-603516002,S2-398891707,S3-800424653,S3-839555566,S3-845990462,S2-646764727
S1-929341245	S2-25960505,S3-941343596
S1-681258832	S2-244213189,S3-445020096,S2-969852918,S3-597335496,S3-207780500,S2-408955574
S1-768291656	S3-111487507,S2-48218337,S3-758881743
S1-554704294	S3-815798604,S2-941807208,S3-365052181,S2-316644351,S3-228833175,S3-410869817
S1-347180055	S2-920969474,S2-353732521,S2-853550903,S3-319331532,S2-901066122
S1-710586580	S2-743619464,S3-935558617,S3-616300567,S3-166398838,S2-639294605,S3-197408824,S3-713744653,S2-849398836
S1-378020468	S2-892285489,S2-912619470,S2-572674225,S2-255111004,S2-925347162,S2-891815600,S3-165874727
S1-829687056	S3-279987167,S3-65343743,S3-180545722,S2-147993369,S2-411546741,S2-518292980,S3-723080485,S2-812331815
S1-739784022	S2-229995886,S3-752130281,S3-838256412
S1-419404797	S3-582648509,S3-457418871,S3-808192486,S2-808073029
S1-701125498	S2-392852159,S3-28459965,S3-853928195
S1-176084954	S2-14110403,S3-668967098,S3-689428815,S3-323748546,S3-135140690
S1-497131938	S3-636354456,S3-276489976,S3-694546782,S3-256940644
S1-940086978	S2-793620243,S2-748677131,S3-392324673,S2-695895198
S1-936080861	S3-609614987,S2-90544632,S2-133120913,S2-466695846,S2-730426974,S3-357674271,S2-123390987,S3-574618197,S3-946469899,S3-589747326,S2-310147476,S2-7645210
S1-157637032	S2-264463149,S3-457830585,S3-669892850
S1-164343286	S3-422492707,S3-897930065,S2-612566072
S1-732685298	S3-267000435,S2-525769609,S3-694789390,S2-253765531,S2-543958417,S2-237522117,S2-388318330,S3-977145323,S3-383752042,S3-578536023,S2-883459319,S3-857942793
S1-510808067	S2-319307144,S3-803180127,S2-479176128,S2-301429007,S2-132256137,S2-880358863,S3-989018827
S1-794013585	S3-798457345,S2-100405324,S2-263633269,S3-992915107,S3-785465428,S2-267892136,S3-166344918,S2-186489115
S1-256516065	S2-222912793,S2-620678167,S3-363732993,S3-488557437,S3-395405879,S3-158888297,S2-943000571,S3-111303138,S3-110621528
S1-966729233	S2-808382295,S3-318403092,S3-706652441,S2-669423799,S2-743771575,S3-485557071,S2-17635939,S3-871446735,S3-337564930,S3-350658492,S3-920465941,S3-90613768
S1-9947602	S3-98656985,S3-89055256
S1-795055024	S3-951634543,S3-467088028,S2-522989451,S3-494985122,S2-948148399,S3-617046291,S3-694379377
S1-852481799	S2-572038602,S3-690443307,S3-755133320,S3-983608535,S2-563456482
S1-148329502	S2-891471154,S2-507471687,S2-974097028,S3-66600140,S3-406281625,S3-179493791
S1-55314251	S2-679823660,S2-66979645,S2-841134373,S2-806506675,S2-245756196,S3-961335568,S3-242278993,S3-771612804,S3-579422079,S2-19491618,S3-715420929,S3-728575766
S1-789963513	S3-298840345,S3-831655969,S3-774452457,S2-722188333,S2-729038225,S2-204672575,S3-796123285,S2-972017648
S1-369425213	
S1-993991136	S2-618800675,S3-688306415,S3-737095002,S3-845251937,S3-527030595,S2-957498519
S1-781558	S3-20298793,S2-663431664,S2-312055552,S2-929649638,S2-5698837
S1-116190670	S3-733374211,S3-193572728
S1-6050437	S2-505028118,S3-479202908,S3-394708086,S2-175935227,S3-344465295,S2-912452802,S2-15574385,S2-581064969,S2-566168505,S3-982908574,S3-261166467,S3-240700912
S1-619899141	S3-964331351,S3-62051993,S2-432852230,S2-345914289,S3-434113293
S1-326439717	S2-985809769,S2-821820211,S3-850014913,S3-385318722
S1-979431455	S3-92262857,S2-507645030,S2-197235782,S3-206123296,S3-862272828,S2-409491915
S1-872798424	S3-909502462,S3-561919391,S2-412646507,S3-569536361
S1-650118705	S3-609291085,S3-45775702,S2-917958228,S2-794837664,S2-987075028,S3-783889190
S1-296384337	S3-472956120,S2-930706263,S3-243518586,S2-544237207,S3-898070456,S3-770246736,S3-379707630
S1-910259031	S3-633339924,S3-309449681,S3-435923441,S3-179965002,S3-684050837,S2-537589473,S2-995311387,S3-477553130
S1-296967509	S2-422410235,S2-484649124,S2-191989498,S2-479567905
S1-999622077	S3-815200349,S3-838773454,S3-964104123,S2-539547364
S1-995959368	S3-746651302,S3-36266512,S3-41854000,S2-274901779,S3-69526825
S1-756604662	S3-437487778,S2-662088491,S2-810791207,S2-988611241,S3-271984341,S3-668633604,S3-130812926,S3-440101076
S1-26122505	S2-36401138,S2-58709589,S3-949272303
S1-265780055	S2-937478409,S3-442381279,S2-242211339,S2-872420309,S3-720823423,S3-669408412
S1-602285937	S2-474233035,S3-294163010,S2-584183821,S3-402380149,S2-604253170,S3-374299283
S1-651717595	S3-474571919
S1-599198316	S2-901726889,S3-528530020,S3-177542634
S1-808617841	S2-404279093,S2-487945664
S1-329190677	S2-629645462,S2-351020239,S3-554838078,S3-989032753,S3-34598709,S2-759717174,S2-19993048
S1-506712967	S3-283795886,S3-659879099,S2-202155304,S3-599133653,S2-936999165
S1-973821441	S2-913529933,S2-375991876,S3-618065035,S2-542601636,S3-879959241,S3-118523832,S3-612919606,S3-780565998
S1-685961816	S2-630726155,S3-170978824,S3-178406449,S3-781387640,S3-754403649,S2-795872120,S3-337933932,S3-987591748,S2-419834252,S2-678799554,S3-150729261
S1-489470181	S3-760112904,S3-383720151,S2-294637543,S3-893012310,S3-252756799
S1-821332103	S2-750541081,S3-423424189,S3-108506095,S3-528023886
S1-918132945	S2-874287712,S3-753763924,S2-669524547,S2-760676683
S1-690568734	S2-141755392,S3-657708686,S3-448823397,S3-94765098,S3-795707506,S2-263470041
S1-630920103	S3-549125864,S3-336782745,S3-741021633,S2-949842921,S3-95043205
S1-816716773	S2-509812684
S1-68673311	S2-356398912,S3-512384922,S3-674615030,S3-470908704
S1-907629341	S3-411560684
S1-963942442	S2-991118966,S2-519002250,S3-918019353,S3-102375481,S3-173449711,S3-193378593,S3-586840216,S2-409761911
S1-756422121	S3-870643528,S2-850605017,S3-646001450,S2-383281116,S2-437794686,S3-671362324
S1-812350438	S3-707289570,S2-458839381,S2-367952680,S2-443072322,S3-393801599
S1-843912107	S2-126229702,S3-611637426,S3-650575203,S3-179301716
S1-794864653	S2-652650623,S2-575862691,S3-538702714,S2-32266909,S3-909435962,S2-777548788,S3-670127004,S3-625259802,S3-970247890,S3-887518574
S1-673296775	S2-74443194,S2-516860840,S3-89317298,S3-226411323,S2-348181544,S3-193002639,S3-129036216
S1-335139501	S3-432222362,S3-164758797,S3-325515050,S2-60015481,S3-221572642,S2-560314786
S1-580619755	S3-382113609,S3-939557250,S2-127991249,S3-864800415,S2-481721340
S1-616866436	S3-991702442,S2-850535601,S2-811402534,S3-95705404,S2-722605008,S2-284177777,S3-825269609
S1-73980575	S2-163782735,S3-743538145,S2-628822284,S3-407306290
S1-804660285	S3-74594894,S3-500254898,S3-915521028,S3-232663559,S3-901020453
S1-655156161	S2-351690643,S2-353579216,S3-62072323,S2-724221740,S3-933708101,S2-428983587,S2-168052032,S2-960058250
S1-499923230	S2-562336586,S3-587865682,S3-499221443,S3-151134650,S2-823465044,S3-721445362
S1-374139094	S2-509713806,S2-601652100,S3-311186006
S1-147354265	S2-170174397
S1-718935865	S3-33774454,S3-204896603,S2-592727623,S3-230234972,S3-721552197,S3-818830207,S2-956952534,S3-167176264,S3-198027224
S1-851455205	S2-966863802,S2-638601276,S3-376452337,S3-301962611,S3-501594584
S1-896452405	S3-411348721,S2-698152738,S2-813297213,S3-150301850,S2-271084490,S2-423359833,S3-910085789,S3-657390682,S2-762921248,S2-664666530,S2-970942224
S1-98745331	S2-229182016,S3-838656243,S3-705776481,S3-283576035,S3-329859995
S1-173682490	S2-464608645,S3-552345131
S1-853972582	S3-710954598,S2-985398557,S3-185239365,S2-945995043,S2-156740519
S1-168165393	S3-666975974,S2-580387574,S2-563718915,S2-110897924
S1-589056314	S3-787340021,S2-950752681,S3-143528769,S2-92316804,S3-286932085,S3-95286046,S3-292805950
S1-175515723	S3-172821937
S1-285841201	S2-462278459,S3-298854560,S2-414065927,S3-523695610,S2-714903549,S2-404407599,S3-394682068,S3-358264537,S3-669205579,S2-595440568,S3-299871148
S1-372130229	S2-472964406,S3-714036100,S2-162713457,S3-633684066,S3-334490292,S3-697738333,S3-499378627,S3-289313761
S1-303498435	S3-879459671,S2-668020589,S2-981959035,S2-302435559,S2-409154365,S3-845260400,S2-831600925
S1-853292416	S3-20089744,S3-334800315,S3-790201732,S2-535488262,S2-470093651,S3-814976159,S3-504945150
S1-496044368	S2-367732319,S2-458185131,S3-411499154,S2-137115049,S2-318281759,S3-57237638,S3-604722347,S3-807666465
S1-8036214	S3-121949110,S2-227274227,S2-105111614,S3-737723456,S3-548577482,S2-730975328,S3-854474626,S3-498334565,S3-525360788,S3-489990009
S1-847698425	S3-376841885,S3-957629768,S2-480853639,S3-852296760,S3-40440280
S1-810557370	S3-950399030,S2-807600480,S2-709699625,S2-25653971,S3-457709264
S1-742359393	S3-288908563,S2-818105736,S2-261678962
S1-525057017	S3-645620308,S3-583190212,S2-763458286,S3-270833164,S3-350644848,S2-655337183,S3-914128230,S3-919473014,S2-836208480,S2-308456597,S3-630725420,S2-802228795
S1-336361174	S2-577129374,S3-443660538,S2-700640128,S2-659494139,S2-122007609,S2-333289326,S3-806581552
S1-751100918	S3-883063954,S2-103231027,S2-871883285,S3-586422343,S3-937987409,S2-789041264
S1-500587563	S3-535346531,S3-987871029,S2-818744341,S2-62527357,S3-459855277,S3-414313872,S2-315290911
S1-184706069	S2-137392174,S3-988340463,S3-242389992
S1-264932422	S2-246066930,S3-673078614
S1-200008200	S3-184734530,S2-420960688
S1-102840387	S2-102903734,S3-870460051,S3-884016647,S3-312990956,S3-189317928,S2-68599838,S3-875055273
S1-489743084	S3-848602623,S3-439893287,S2-423910740,S3-10603164,S3-227078494,S2-384046014
S1-444074778	S2-141026243,S3-122539836,S3-243052972
S1-212881223	S2-378516741,S3-100963056,S3-70505593,S2-712130797,S3-774264596,S3-460663239,S3-143877398
S1-598051322	S2-62619907,S2-58653726,S2-748446388,S3-820747554
S1-945010325	S3-492605668,S3-805754468,S3-34941653,S3-226716906,S3-509125615,S3-529417413
S1-491587415	S3-582544215,S2-865451393,S2-214424171,S3-908668070
S1-604182153	S2-721806643,S2-955124974,S3-927153761,S3-373844610,S3-525146027
S1-693960920	S2-69171742,S3-519184557,S3-513226881,S3-674999267,S3-959234198,S3-926093802,S3-899208006,S3-660553750
S1-562119086	S2-900120305,S3-257876455,S2-101979372,S2-203254838,S3-754645784,S2-191673027,S2-24754062,S3-916821542,S2-469776689,S2-468761903
S1-145913166	S3-74153924,S3-128879623,S2-779488030
S1-543827766	S3-583797424,S2-557658469,S2-469632999,S3-785662028,S3-959921569,S3-845960967
S1-594243526	S3-382738873,S3-406935675,S2-367448295,S2-928351182,S2-826294383,S3-329588040
S1-81688923	S2-302817530,S3-135710389,S3-824098983,S3-156495687,S3-658958637
S1-684246281	S2-229836944
S1-43990577	S2-922041950,S3-755251440,S3-193468516,S2-418998045
S1-290614538	S2-848597222,S3-955217620,S3-977358294,S3-804607837
S1-775622992	S2-71850350,S3-580881763,S2-879839869
S1-876510583	S3-769537397,S3-153549432,S3-776968282,S2-714259036,S3-787842782
S1-512781012	S2-40381005,S2-631293614,S2-301402965,S2-295499676,S3-505528663,S3-214930668,S2-381427601
S1-931880923	S2-354997609,S3-716780643,S2-210412140,S2-204900564,S3-377363986,S3-613140277,S3-80689259,S3-552697063,S3-142162598,S3-819404661,S2-128499980,S2-461036622
S1-897394178	S2-392151401,S2-20657605,S3-23042961,S3-695182223
S1-741844363	S3-585660778,S3-91608123,S3-683155307,S3-888195871
S1-743687124	S3-684812141,S3-118854252,S2-409928399,S2-61022281
S1-938284319	S3-570175403,S2-71050472,S2-591171825
S1-629474230	S3-712760437,S2-122307468,S3-775152442,S3-405523235,S3-788717713
S1-133662812	S3-503921151,S2-760454830,S2-794308107,S3-496174654,S2-317381617,S3-303666863,S3-902812326,S2-351283198,S3-329216140
S1-502661772	S3-65300259,S3-524343181,S3-139410363,S2-77553254,S3-882377966,S3-628272654,S2-730267765,S3-172936188,S2-59899526
S1-910696730	S3-589135359,S2-990804778,S2-378721506,S3-234545859,S2-575122763,S2-164490641,S2-791976508,S2-211375380,S3-285890225,S2-599254089,S3-311163185
S1-114537074	S2-960871449,S3-559972480,S2-982591463
S1-849948718	S2-866214810,S3-42038263,S2-637350771,S2-845396296
S1-867469689	S2-133216779,S2-793429046,S2-718364013,S2-917393084,S2-809387591,S3-831422196,S3-631619846,S2-335498934
S1-705175807	S3-89908973,S3-253220775,S2-399407009,S3-687347702,S3-891015171
S1-372286604	S2-929238536,S3-756654047,S3-354229899
S1-31914565	S3-934695066,S3-128570310,S3-194711304,S2-808127651
S1-83974302	S3-675996557,S3-5722199,S2-770012677,S3-622370563,S3-599063962,S3-863375911,S3-172297487,S3-341516904
S1-917053738	S2-987822267,S3-472341451,S2-911683696,S3-802994166
S1-9952904	S2-974045843,S3-278053249,S3-708281008
S1-207149721	S2-289025075,S3-508022831,S3-432392907,S3-895369065,S3-800973487,S3-193674964
S1-73596736	S3-527783838,S3-388273897,S2-596778231,S3-877693075,S2-309111931,S3-954746104,S3-679225536,S3-917612559,S3-73489743,S3-379130068,S3-801669189
S1-226378956	S2-113615716,S3-154223575,S3-990139610,S2-921480089,S3-439838384,S3-407306290
S1-649312511	S2-651978277,S3-661215696,S3-744193976,S2-52565565,S3-599501235
S1-142705310	S3-115912613,S2-775410839,S3-669396207,S3-755481977,S3-788386833
S1-446287229	S3-349263004,S2-600455557,S3-245945772,S3-223963885
S1-287055817	S2-165275397,S3-578971588,S3-440927393,S3-731941603,S3-603795171,S3-658923281,S2-525183590,S2-988721908,S3-66950189,S3-495471796
S1-778219493	S2-484108271,S3-509775217,S3-640087745
S1-694594382	S2-289250464,S3-536234940,S2-718923670,S3-372153378,S3-311322447
S1-650062903	S3-411814330,S2-870916008,S3-90889489,S3-783761315,S3-753047703,S2-823562951
S1-718063328	S2-824573291,S2-434591643,S3-908023822,S2-77403499,S2-652994045,S3-442598754,S2-368555380,S2-596167790
S1-64125038	S2-373741298,S3-324185786,S3-528624789
S1-356910181	S3-610212029,S3-569835151,S3-539890925,S3-196811091,S3-293180897
S1-135288539	S3-882910924,S2-867089507
S1-104805819	S3-197483754,S2-87552604,S2-511643950,S3-946751808,S3-108035583,S3-424231887,S2-110380756
S1-587135506	S2-880637197,S3-700217877,S2-245449975,S2-823827914,S3-524103598
S1-696322322	S3-917173396,S3-651960817,S2-70675191,S2-481455465,S2-546115696,S2-294074468,S2-3385082
S1-692773296	S3-112884675,S3-871354368,S3-520633567,S3-925165053,S3-175971228,S2-353937946,S3-171511208,S3-746455082,S3-132260569,S3-742735840,S3-195555066,S2-991741813
S1-66143604	S2-791519121,S3-968258906,S2-899284332,S3-647800136,S2-335491539,S2-96859682,S3-112752945,S3-985905841
S1-121227532	S3-144221487,S2-702563326,S3-169672532,S2-647753053,S3-267770668
S1-599848717	S3-223029864,S2-979852848,S2-144267403,S2-5319186,S3-423357347,S2-626258773,S3-872821227,S3-55930928
S1-896288161	S3-327603257,S2-706265627,S2-329138133,S2-130233676,S3-264015762,S2-771572951,S3-853369421
S1-188732170	S3-160756639,S3-642317482,S3-201414009,S2-859938161,S2-981642290,S2-737524461,S3-343954304,S2-548763502,S2-561106760,S2-51200639,S2-351157844
S1-193591784	S2-90135145,S3-198343203,S3-141495098,S3-933906975
S1-575402568	S3-610498526,S3-396981773,S2-472752469,S3-100520785,S3-228783161,S2-484719482,S3-6338115,S2-772320310,S3-1764489,S3-852749145,S3-954076964,S2-561848885
S1-777166263	S3-950368656,S2-64872274,S3-72664218,S3-753359914,S2-401544526,S2-505932591,S3-316039014,S3-384220355,S2-215826618
S1-217550996	S3-605951662,S3-15757361,S2-485745456,S2-566399347,S3-557799727,S2-733154625,S2-724663999,S2-380135232,S2-429349314,S2-314112220,S2-807964626
S1-778827300	S2-409475841,S3-519523990,S3-551563581,S2-249580606,S3-920462892
S1-538634213	S3-804772987,S2-271427764,S3-801459873,S3-209409694,S2-515953252
S1-808451538	S3-74351369,S2-1462329,S3-14883211,S2-122358315,S3-483841391,S2-729543116,S2-199821408,S3-184667977,S3-227454535,S2-248096352,S2-491820013,S3-620910368
S1-898329112	S2-183789001,S3-663857661,S3-472352187,S3-819655104,S2-470917251
S1-365369601	S2-263445155,S3-506086525,S3-179533
S1-294671439	S3-159852550,S3-299113974,S3-466701889,S3-236124374,S3-554435536,S3-382017557,S2-987205504
S1-303119710	S2-799992671,S2-150030352,S2-158347123,S2-281716188,S3-445914122,S3-553653458,S3-943410469
S1-968812667	S3-906614598,S3-82170664,S3-664156176,S3-350164713,S3-610697773
S1-711685432	S2-778359872,S2-81863678,S2-448745888,S2-955269391,S3-546980511,S3-215842028,S3-609425548
S1-541323034	S3-716402101,S3-279480094,S2-524189524,S3-52957897
S1-711831665	S3-523499886,S3-526687421,S3-115700360,S3-150173323
S1-63413734	S3-69485855,S3-302801984,S2-522470912,S3-257067412,S3-445219324,S3-611406903,S3-406733600,S2-7977800,S3-572813411,S3-764499891
S1-137556848	S2-693149434,S3-536517180,S3-581235033,S3-4454228,S3-862559710
S1-587759994	S3-740229250,S3-102382241,S2-81530634,S2-903728640
S1-793459206	S3-539168240,S3-812773342,S3-652866696,S2-208280901,S3-175845255
S1-198856613	S3-361881444,S3-590455533,S2-146208420,S2-320584270,S2-696536120,S2-394344347,S3-642096136,S3-43231721,S2-908709469,S3-353837833,S3-682945197,S2-143480668
S1-281610869	S2-895030931,S3-538073994,S2-414495297
S1-911365196	S3-139798637,S2-151335365,S3-805045718,S3-435348135
S1-571088997	S2-910476435,S2-468835074
S1-954948371	S3-193826526,S3-880020777,S2-523987198,S3-984155684
S1-829935275	S3-499730411,S3-584349717,S2-574826379
S1-825438680	S2-766405299,S3-824282937,S2-303406546,S2-616946953,S3-712610003,S3-580513386
S1-52898657	S2-973235721,S3-606965330,S3-706823520
S1-262480630	S2-465316332,S3-153784590,S2-405495488,S3-155073574,S3-573027633
S1-534279681	S2-795071805,S2-270288531,S3-257408077,S3-992164285,S3-562962377,S3-651907386,S3-603456018
S1-720674272	S2-166774142,S2-536014501,S3-331608055,S3-772717203,S3-815218419
S1-781714673	S3-110835870,S2-291955914,S3-883260771,S3-906384697,S3-535891008,S3-714996125
S1-773899929	S3-78944346,S3-942672423,S2-469325094,S3-204049267,S3-142121026,S2-184908117,S3-563774839,S3-806110669,S3-137413065
S1-543924836	S3-267510344,S2-738118856,S3-82094653,S3-322277916,S3-163448436
S1-448605698	S3-960843272,S3-29411598,S3-720547766,S2-801815937,S3-816107333,S3-145238709
S1-178722153	S2-443789513,S3-313623487
S1-434733722	S3-480672539,S2-438629428,S2-371750519,S3-559622928
S1-272803689	S2-175344120,S2-428791668,S2-860585966,S3-204094805,S3-56901660,S3-657027286
S1-441381671	S3-816265414,S3-376487742,S3-531041909,S3-280973948
S1-513194253	S3-622157618,S2-419909027,S3-22830373,S2-445653166
S1-667026639	S2-991038940,S2-861436082,S3-759805279,S3-890913960,S3-720022198,S2-164490641,S2-378721506,S3-234545859,S2-575122763,S3-285890225,S2-211375380
S1-384471409	S2-657184758,S3-614266117,S2-617624034,S3-295765667,S3-788281021,S3-211987047,S2-221508927
S1-750417959	S2-274953789,S3-990560903,S3-929647194,S2-535118754
S1-480136104	S3-991692257,S3-700446015,S3-129124070,S2-812557011,S3-143783637,S3-486812123
S1-114152669	S3-797487859,S2-694296783,S3-507656567,S2-581424976,S2-480456671
S1-531829757	S2-358601851,S3-457972800,S2-869855393,S2-752076957,S3-392668624,S3-974686260,S3-361387769,S3-762774633,S3-556856614
S1-757174767	S3-871676904,S2-960450404,S2-113165581,S2-714952026,S2-335205412,S3-484123327,S3-295286071,S2-205950081
S1-516462083	S3-893640404,S2-437464959,S2-229950835,S2-286229781,S2-911102041
S1-381740390	S3-146379488,S3-565477101,S2-623801738,S3-179363348,S2-298974766,S3-338592125,S3-655549867,S2-430508677,S2-894856766
S1-417445630	S3-861847069,S2-653737267,S2-298984969,S3-902684634,S2-942128770,S2-419970148
S1-859120413	S3-964566196
S1-548376060	S3-906724601,S3-850072918,S2-679729089,S3-672660107
S1-246114460	S3-103118957,S3-557532095,S3-341495388,S3-344610770
S1-924312039	S2-431568746,S3-550192278
S1-13696999	S3-559069881,S3-713512982,S3-544565665,S3-29583699,S2-952918244,S3-463998814,S3-217158747
S1-156332917	S2-870616039,S2-248745631,S2-692327198,S3-145058025
S1-459939121	S3-932221935,S2-869627975,S3-455577830,S3-376177388,S2-497090536
S1-758376974	S2-21515911,S3-304724440,S2-252334114,S3-509491510,S3-985689304
S1-510693128	S2-232253872,S3-463791035
S1-851357382	S3-793984147,S2-410816316,S3-932282543,S3-780595034,S3-916172367
S1-721277087	S3-410281865,S2-296246020,S2-462258800,S3-869404084,S2-609881323,S3-302275041
S1-930812469	S3-387368951,S3-278318707,S2-87172820,S3-955814781
S1-771641576	S3-613147077,S2-245861528,S2-326363466,S3-981683052,S2-252349238,S2-436370697,S3-803872409,S3-111612644,S2-823490516,S3-499202286,S2-802996098,S2-527368930
S1-587594980	S2-610636385,S3-338234731,S2-715356847,S3-867492628,S3-445227718
S1-988978156	S3-630903863,S2-412766421,S2-540928479,S3-166132591,S3-996673795
S1-163720167	S3-152145168,S3-558714361,S2-733477170,S3-211641084,S2-542175777,S3-186544045,S3-706021264,S2-922718939,S2-467170098,S2-394724321
S1-103621572	S2-165522981,S3-217501983,S3-557114126
S1-70293770	S2-740656671,S3-761498904,S3-585644466
S1-191305751	S2-784322237,S3-573641444,S2-369412869,S2-254862890,S3-34158010,S2-707052586,S2-633427814
S1-280605287	S3-928807744,S3-1065037
S1-274439512	S3-452691998,S3-776127022,S2-907306788,S2-412509166,S3-504741581
S1-593926946	S3-610974303,S3-917612559,S3-73489743,S2-923986110,S3-628841889,S3-801669189,S3-379130068,S2-768489416,S2-210992704,S3-945466734,S3-325785684,S3-796217442
S1-125025505	S3-723379811,S3-266728764
S1-611430399	S3-308554079,S3-734299707,S3-983299151,S2-620138628,S2-113504101,S3-91627769,S3-649572599
S1-167263856	S3-838702526,S2-188033592,S2-917198487,S3-792727838,S3-830227172
S1-662401331	S2-955896737,S2-561930528,S2-929311420,S3-669716757,S3-84931247,S2-741819296
S1-816518355	S3-753936089,S3-829237029,S2-392564199,S2-650298166
S1-727212756	S2-186112000,S3-712722638,S2-827377907
S1-858927096	S3-127263354,S3-105475138,S3-226031230,S3-665915481,S3-344586734,S3-25412077,S3-57059173
S1-449077415	S2-665277311,S3-791325030,S2-434066480,S2-689324542,S3-296287884,S3-393289996,S2-970461541,S3-947245834
S1-122497577	S3-261903046,S2-665088535,S2-901783337,S3-765984425,S3-719515034,S3-899426213
S1-735879974	S2-594336484,S2-226488419,S3-313864720,S3-233881112,S3-635968148,S3-599168277
S1-328268468	S3-320290986,S3-240068881,S3-607702679,S2-555122044,S3-640834483
S1-244828452	S3-410902403,S2-182288978
S1-94308528	S3-583388462,S2-188010330,S2-692003404
S1-475336161	S2-732181040,S2-872371414,S3-88197469,S2-91485566,S3-927351778
S1-225293326	S2-188412300,S2-858745135,S3-301853550,S2-347682503,S3-201822535
S1-765145863	S3-557932300,S2-404062778,S3-265793218,S2-69220333,S3-809729690
S1-258614736	S2-166156021,S2-269361881,S2-658913368,S2-428266791,S3-876599601,S2-974781885,S3-187195322,S2-466524811,S3-861076286,S2-263642834,S2-1999031
S1-434672916	S2-85451538,S2-666740095,S2-77315174,S2-694310614,S3-624076054,S3-233189440,S3-281529438,S2-432878310
S1-119207121	S2-222600171,S3-843611780,S3-872093131,S2-935917802,S2-133328037,S3-324210168,S3-338428290,S3-930596863,S3-794770921
S1-420520788	S2-780923014,S2-543547194,S2-589471636,S3-371871522,S2-134190997,S3-710524377,S2-604115878
S1-492350006	S2-912406554,S2-260083676,S2-659379391,S2-579707613,S2-359417102,S3-498078188,S2-989509657,S3-916265607,S2-845413146,S3-377965607
S1-871488428	S3-559479847,S3-1853743,S3-280737719,S2-611195334
S1-660999095	S3-841676387,S2-489830327,S3-247048459,S3-538151055
S1-286788571	S2-450503598,S3-496453632,S3-417423075,S3-95012650,S2-301386202,S2-889580120,S3-848078077,S3-442756564,S2-182737898,S2-39039109
S1-185386080	S2-950260453,S2-904951614,S3-60854625,S2-246365340,S3-104433023,S2-233199036,S3-193461759,S3-6065678,S3-36923915,S3-845445437,S3-10687263,S2-301328117
S1-878841015	S3-403867339,S2-37676547,S2-817018347,S3-11979063,S3-161563072,S3-703405107
S1-446107841	S3-324771729,S2-234508983,S3-412742040,S3-342595631
S1-635865601	S2-399193512,S2-896338594,S3-313047030,S2-936609780,S3-804181066,S3-56857417
S1-445245971	S3-749934080,S3-938361762,S2-498615213,S2-448609593
S1-217504902	S3-692336844,S3-852743082,S2-643712408,S3-645892042,S3-732896675,S3-809146971,S3-264170035,S2-776989054,S3-204410083
S1-636111173	S3-281784847,S3-952860424,S2-345171386
S1-874495319	S2-861542038,S3-777217194,S2-86016930,S2-367120591
S1-887506603	S3-781643187,S2-699648387,S2-149532795,S2-183276574
S1-543250757	S3-427389228,S2-486196338,S3-534641156,S3-46569040
S1-191159197	S2-759912283,S2-511870804,S3-686065826,S3-865971274,S3-132808947
S1-413536272	S3-821282080,S2-505980026,S3-963020038,S3-449876910,S3-113526224,S3-821935841
S1-938759189	S2-394657559,S2-487199889,S3-644035534,S3-697134659,S2-731677423,S2-54057881
S1-442926348	S2-175718922,S2-632071192,S3-183782645,S2-974856070,S2-579163308
S1-418561015	S3-31792778,S2-678842330,S2-97938137,S3-647991992,S3-292451840,S3-921320373,S3-693400650,S3-555077565
S1-684279709	S2-545707600,S2-29817339,S2-640159203,S3-481929244,S3-659346637
S1-391174636	S2-283233359,S3-157104007,S2-752316768,S3-144472442,S3-626166896,S2-116711627,S3-931643314,S2-80607877,S2-200824137,S3-124428141,S2-291349685,S2-374494346
S1-905700364	S3-151224609,S3-194458443,S3-247143470,S3-693606443,S3-395793466,S3-333343721,S3-149984407,S3-111228918,S2-196432081,S3-412847783,S2-980195509
S1-352710272	S3-437115656,S2-826018862,S3-498392113,S3-629616009,S2-111762928,S3-283563563
S1-659203491	S3-897419258,S2-510916158,S3-498579487,S2-437181170
S1-824645142	S2-644619643,S3-320765600,S3-888368731,S3-548676712
S1-603618278	S2-972398052,S3-442032356,S3-257985894
S1-602531569	S3-456009258,S2-419654214,S2-53159882,S2-404695323,S3-19670721,S3-541690233,S2-344915157
S1-362178416	S3-269587524,S2-378641979,S2-604565980,S2-827876258,S2-346786286,S2-68978508,S2-484267943
S1-837666764	S3-460851936,S3-225654010,S3-998578994,S3-132545674,S3-634275821,S3-483231166
S1-498116067	S2-495659644,S2-983921045,S3-244860986,S2-846420567,S2-708842614,S2-265283430,S2-995015997,S2-843008233,S2-216480065,S2-73463995
S1-974672077	S3-899370313,S3-664652210,S3-496661393,S3-878839817,S3-49257441
S1-339466721	S2-449924842,S2-569529287,S3-365303261,S3-250091577,S2-640217891,S2-536585788,S2-564087428
S1-841665230	S2-761435666,S3-891303011,S2-443326581,S3-81356948,S2-810273894,S2-674058876
S1-150937930	S2-110329304,S2-336114820,S3-222979043,S3-458928143,S3-488343703
S1-19390499	S3-815330799,S3-39371670,S3-573208819,S2-115615348,S2-710440432,S3-139362603,S2-990286967,S3-131788238
S1-488103014	S2-989462392,S3-421720096,S2-956319010,S3-824622172,S2-440953452,S3-511700832,S2-993034465,S3-421672430,S2-834297238,S3-997011246,S3-822361669,S3-804337743
S1-404496153	S2-842864041,S3-758029161
S1-523864827	S2-375198444,S2-318929959,S2-46523339
S1-438691656	S2-889783680,S3-447839404,S3-678579511,S3-632479379,S3-598776814
S1-869754765	S3-802933431,S2-981415596
S1-748915132	S3-843328862,S3-914704095,S2-552262220,S2-284578546,S3-68095336,S2-380174684
S1-623749877	S2-440993482,S2-176988134,S3-478255404,S2-70641273
S1-481606629	S3-684781767,S2-441714527,S3-36147340,S3-274357706
S1-308343739	S2-831917501,S3-119572177,S3-613988440,S3-693690442,S3-844440002,S3-186446839
S1-288044761	S3-550798286,S2-434511568,S3-54051728,S3-925431929,S3-852641040,S3-776962803,S2-780545012,S3-987557781
S1-587661516	S2-12744481,S3-769413828,S2-402503997,S3-765398609,S3-532451921,S2-304954577,S2-307903400,S3-30391551,S3-282763637,S3-380915350,S3-628345178,S3-835886688
S1-582116327	S2-498824500,S3-367899726
S1-626593568	S2-708982966,S3-937489484,S2-578659215,S2-655078083,S3-779514069,S3-865706952,S3-274597503,S3-791753539
S1-171275131	S3-969369664,S2-35595236,S3-650703430,S2-72441222,S2-163337732,S2-952480516
S1-703185312	S2-734191309,S3-733658614,S3-561839301,S2-898567177
S1-805821773	S2-89173227,S2-292469133,S3-646050338,S2-838061578,S2-857572114,S3-560225065
S1-128384349	S3-479282975,S2-472707870,S2-906894630,S3-399351384,S2-428312891,S2-500192058,S2-734514388,S2-602596078,S3-528430682,S2-32929904,S3-644973281
S1-366540280	S2-705273612,S3-555180167,S2-896401813,S2-735997143
S1-302660713	S3-698781590,S2-909085265
S1-951411134	S3-38085289,S3-117036722,S2-438210833,S3-361933441,S2-681083087,S3-939465073
S1-603323305	S2-29000544,S2-192152107,S2-999310684,S2-285399252,S3-224961366
S1-66776291	S2-711421475,S3-619907696,S3-136339542,S2-292729774,S2-341803256,S3-367928182
S1-790646959	S3-910969458,S2-370644173,S2-773870734,S2-40760376,S3-19786584,S2-325917902,S2-415720234,S3-926304872
S1-351513137	S3-853468985,S2-418077948,S2-779762391
S1-863345031	S2-581507349,S2-743768442,S3-895617429,S3-870184244,S3-776026726
S1-110223912	S2-130284427,S3-390493348,S2-188576894,S3-991162692,S3-373272525,S2-78264182,S2-484799223,S3-45796223,S3-663772611,S3-644837245,S2-873068172,S3-366423329
S1-91953405	S3-94474495,S2-382585102,S3-683392843,S2-554378088,S2-807016001,S2-198317013,S2-723844725,S2-192666953
S1-327745923	S2-693026771,S2-608214485,S3-922654722,S2-366083503
S1-558583597	S3-396838002,S3-194147497,S2-355263855,S3-64276141,S2-151430865,S3-59052098,S3-770454557,S2-80205617,S3-338078238
S1-327581020	S3-876612460,S2-36396143
S1-246775354	S3-951708864,S3-427071832,S3-650518856
S1-384415428	S3-591671182,S2-494874024
S1-457479224	S3-369025477,S2-165800987,S2-521199015,S2-977448684,S2-165219150,S3-453989554,S2-361637658,S3-348174690,S3-892471062,S3-174414390,S3-841593003,S3-125907925
S1-841745884	S2-355054687,S2-934284860
S1-70388735	S2-333255372,S2-677721438,S3-404286686,S3-202739977,S3-61240229,S2-798248181,S2-627399249
S1-934351443	S2-281597929,S3-296922805,S2-440453832,S2-790015566,S2-315227902,S2-295415478,S2-252859145,S2-856031019,S3-198635882,S3-779132326
S1-334507874	S2-434965147,S2-921229667,S3-809599935
S1-145802131	S2-689584098,S3-435935882,S3-931333043,S3-509238935,S3-133463497,S3-370352671,S3-90191639
S1-41123689	S2-447195618,S2-634684136,S3-375535881
S1-968277761	S2-207875376,S2-367445842,S3-470079859,S3-349057074,S3-732768300
S1-876779119	S3-680211076,S3-779796787,S2-613294105,S2-919932634,S3-122089925,S3-66449906
S1-862253651	S2-514162097,S3-112884802
S1-751852220	S2-147826860,S3-475451318,S2-18141827
S1-421776055	S2-856846082,S2-285730073,S3-143223188
S1-705775700	S3-499674989
S1-995776736	S3-898196478,S2-121189326,S2-807897583,S3-199104481,S3-321974661,S2-402355176,S3-811758851
S1-269020082	S3-80889540,S2-897657615,S3-923589642,S3-821136214,S3-495540157
S1-693742675	S2-110639610,S3-89955669,S2-604301238,S3-158206020,S2-159248787
S1-51675394	S3-880424300,S2-307105562,S2-849939518,S2-185142648,S3-687908631
S1-686566894	S2-378846601,S2-620586633,S2-246357864,S3-567955127,S3-966807187
S1-726816257	S3-928972322,S2-416966326,S2-718181857,S3-801830258
S1-158394689	S2-319869269,S2-531164510,S2-934332998,S2-412096916
S1-768522030	S3-351725544,S2-186905863,S3-156509054,S3-728043427,S3-809181687,S3-223964909,S3-165066443
S1-39113238	S3-952437140,S3-594036063,S2-893966256
S1-652066512	S2-311308553,S3-756335032,S2-200648686,S3-180860660,S2-135451898
S1-85006892	S3-739388045,S3-329973241,S3-379575811,S2-444793184,S3-243730841,S3-756834143,S2-817073184,S2-824279678,S2-245084622,S3-905402392,S2-215216417,S3-385037441
S1-730912626	S2-22729766,S3-728888883,S3-996518205,S2-415133729,S2-15639585
S1-776872831	S3-97613167,S2-848294583,S3-642554116
S1-886474869	S3-921320373,S3-464624624,S3-527604539,S3-329308713
S1-705673419	S3-596802414,S3-919191817
S1-313568703	S3-879241489,S2-401499191,S3-530337911,S3-697501714
S1-772790152	S2-412261222,S2-900572840,S3-218186468,S3-813776025,S2-518322437,S3-361587709
S1-423491708	S3-185239365,S2-945995043,S2-156740519,S3-67646565,S3-45722161
S1-136613780	S3-740293967,S2-785590724,S2-874808700,S2-908826128,S3-269312543,S3-390459950
S1-371369881	S3-493857007
S1-173730021	S2-447348242
S1-160199310	S2-363190469,S2-661778726,S2-434529922,S3-929496993
S1-437215053	S3-548108773,S3-395655265,S2-940302516,S2-607177608,S3-595663113
S1-265011297	S2-442055373,S2-63416480,S3-181685037,S3-303624584,S3-613236172,S3-106346716
S1-60146060	S2-836220430,S3-746217537,S3-209526036,S3-697729335,S2-227944185,S3-348323282,S3-440285172,S2-566342888,S3-975320869,S3-853939832
S1-910770637	S3-660024341,S2-812579409,S3-937466573,S3-917644692,S2-429683269,S3-19130127,S3-669329055
S1-77244396	S2-458030603,S3-591760797,S2-926312113,S3-38398738,S2-688945966,S3-967919699,S2-24846855,S3-576770515,S3-844227669
S1-498090786	S3-161731602,S2-840070678,S3-104933024,S3-793933816,S3-496880456,S3-528163701,S2-594329503,S3-418941415
S1-542045157	S2-105547996,S3-974872590,S2-778542713,S2-24264424,S2-124348018,S2-293156382
S1-913429492	S3-405032119,S3-699272094,S3-942539036,S3-777465518,S2-625749899,S2-42621961
S1-720173797	S2-543924050,S2-265712082,S3-174379145,S3-784167090,S3-485201843,S3-634858804
S1-572971614	S3-348215989,S3-733547908,S2-815608247,S2-62819721,S2-964452075,S3-277756691
S1-372650216	S3-290424417,S2-716835728,S3-45750395,S2-285293738,S3-890637625,S3-133101125
S1-153738016	S2-596073179,S2-628003476,S3-199275158,S3-830991847
S1-333564597	S2-802168997,S3-690369886,S2-686410652,S2-479643187,S3-302931471,S3-87567518,S3-830059042,S3-535511313,S3-952368508
S1-986059943	S2-898229244,S3-103232730,S3-483738445,S3-750916239,S3-73072525
S1-384324522	S2-767160461
S1-436612584	S2-596406899,S2-853455449,S3-944247234
S1-466239086	S2-869933586,S2-677544916,S2-770625625,S3-288633406,S3-831307115,S3-11220532,S3-194821087
S1-849962484	
S1-442191277	S3-318531381,S3-579936947,S3-58987076,S3-36381454,S3-835347543,S2-542582389,S3-514249640
S1-367630731	S2-324113972,S3-47281870,S3-852314986,S2-477149058,S3-50693102,S2-393590647,S3-940612512
S1-892327168	S3-586501147,S2-453864338,S2-248210596,S2-879524967,S3-937766206
S1-918820119	S3-849252615,S2-905291057,S3-206503371,S3-870736705
S1-165695258	S2-246935422,S3-856569327
S1-846463741	S2-305626848,S3-577996533,S3-541889876,S2-236458720,S2-865758716,S3-79374,S3-842685246,S2-91777039,S2-933967327,S3-973152782
S1-928848055	S2-837986824,S3-815529349,S3-864065894
S1-707541729	S2-805566386,S3-72801832,S2-311610256,S2-782844897,S3-75556178,S3-48018785
S1-290402587	S3-774199200,S2-883459134,S2-659760420
S1-771815853	S3-731976344,S2-879716725,S3-465450140,S3-127279770,S3-546575817,S3-294511365,S2-751095831
S1-165395883	S3-784568462,S3-522526987,S3-642648572,S3-546575817,S3-145195233,S3-421383045
S1-348659950	S3-523580105,S3-198635882,S2-252859145,S2-295415478,S2-856031019,S3-295078491,S2-185013334,S3-82512599,S3-284372914
S1-2563151	S2-277490533,S3-222911903,S3-354065545,S3-132521353,S3-6743271
S1-906601997	S2-583523439,S3-457744321,S2-233521369,S3-99704861
S1-321558078	S2-448825198,S3-451833949,S2-951700444,S2-374666352,S3-730031932,S2-516152654
S1-274859351	S2-852272055,S3-422179133,S3-33573645,S3-126427278,S2-229943268
S1-763330413	S3-652489016,S3-673127985,S3-543618199
S1-933943347	S3-195171551,S2-599875944,S2-804874634,S2-928583584,S3-40029266,S2-650273898,S3-730686264
S1-719401244	S2-536465780,S3-221207814,S2-660722659
S1-385587567	S2-632349882,S3-969608326,S2-529073543,S3-185697863,S3-866366900
S1-714193069	S3-625605946,S2-898008264,S3-734998892,S3-543215169,S3-273228772
S1-563781208	S2-44455524,S3-412760461,S2-948167256,S3-128802124
S1-883533495	S2-858691551,S3-344049178,S3-459415299,S3-765948109
S1-813971034	S3-303121824,S3-283539330,S3-672198411,S3-220461953,S3-247522783,S2-772926940,S3-528530020,S3-831834531,S3-635817427,S3-436899730
S1-378671183	S3-440887529,S3-425653517,S3-212342646,S3-54359210
S1-268963612	S3-830832341,S2-194451560,S3-749963974,S2-408695812,S3-574939626,S3-300107917,S3-303807213,S3-508479619,S3-180431138
S1-463094310	S3-465353113,S3-859239648,S3-585451013
S1-251165503	S3-599030432,S2-323782949
S1-719087055	S3-716424749,S3-983438752,S2-309117743,S3-715544771,S2-509298153
S1-423495495	S3-916666640,S2-51101740,S2-886883092,S2-227379652,S3-378078345,S3-267104226
S1-682952752	S3-15044904,S2-23911132,S3-482005052
S1-803185643	S3-715570030
S1-818046720	S2-730322126,S2-451465504,S3-208093028,S3-202480133
S1-326684351	S3-735233285,S3-917217592,S2-329106485,S3-547334734,S3-316449241,S2-649151735,S3-119888664
S1-941540320	S3-756053753,S3-921375010,S3-970496608,S3-706627618
S1-193370220	S3-992890603,S2-88332769,S2-909066395,S3-695500338,S3-716667507,S2-927558698,S3-58563929
S1-239782936	S2-123994843,S2-421438127,S3-351728593,S3-63057624
S1-793849160	S3-840563949,S2-747687567,S3-909900633,S2-440406506,S3-496979820,S3-456120253,S2-247039652,S3-13401503,S3-622195119,S3-681047680,S3-499610883,S2-48947987
S1-714129489	S2-839390944,S3-59575439,S3-305777915,S3-926342213,S3-776809202,S3-947842422,S2-868277296,S3-868917046,S2-627753237,S3-460363033,S2-295677234
S1-288397112	S3-270069902,S3-39323634,S2-37993692,S2-614605106,S3-921848505,S2-392747534,S3-385166329,S3-211303730
S1-270490698	S2-510021520,S3-145585749,S3-87888386,S3-942560233,S3-740069114,S3-651723289
S1-735859944	S2-825497016,S2-546508424,S3-775059013
S1-926940737	S2-751374361,S3-336999852,S3-716045121
S1-400130143	S3-720038886,S3-406245793,S3-988553586,S3-785016605,S3-975999983
S1-234907379	S3-238342916,S3-33237805,S2-141264408,S3-887182160
S1-345575013	S3-546645214,S2-810150182,S3-892431668,S3-849044421
S1-948488334	S3-674404283,S3-820778618,S2-223294038
S1-671773513	S2-67060897,S2-899718027,S3-712081220
S1-425510950	S3-168482973,S2-52555975,S2-394228556,S3-143088141,S2-337526663,S3-593655365
S1-932004104	S3-714269867,S3-765544996,S2-246764427,S2-16586119,S3-287709527
S1-330238544	S2-145687738,S2-536657939,S3-480441613,S3-300635499,S2-979921066,S3-545851597
S1-210664753	S2-203376139,S2-286590742,S3-853762958
S1-70463540	S2-212467088,S3-797463703,S2-231486089,S3-85131135,S3-783952113,S3-958448381
S1-4594024	S2-869189651,S3-892663519
S1-78637407	S2-968396926,S2-545975474,S3-562820375,S2-499609249,S3-878322291,S3-809148745,S3-635648586,S3-667566933,S3-255142295
S1-414077399	S3-841894851,S3-854249750,S3-48178927,S2-483660504,S2-390972054,S3-12147214
S1-455601603	S3-865370391,S3-83605199,S3-47321990,S2-695629121,S3-470909637,S2-125862393,S2-828955860,S2-835465453,S2-535598281
S1-493140418	S3-142790086,S3-766155743,S2-871530156,S3-870990103,S3-19836996,S3-108804917,S3-835422090,S3-872107026,S2-231623214
S1-365476311	S2-539371534,S3-291686720,S2-597663805,S2-143554068,S2-869599996,S3-640843647
S1-709081128	S2-62544521,S2-726341251,S2-442213031,S3-53462726,S3-697377397
S1-761813210	S3-247161586,S2-223643961,S3-553790164,S2-773466284,S3-832827938
S1-621858672	S3-611861981,S2-71841184,S3-768231437,S3-845579094,S3-770046938,S3-767134089,S3-782860375
S1-570131259	S3-503672206,S3-411836726
S1-596497687	S3-722811918,S3-877439987,S3-780358011,S2-132166821,S3-370972405,S3-111814951,S3-134002071
S1-522425656	S3-864042631,S3-857916896,S3-292134676,S3-483434205,S3-476250315,S3-544725327,S3-88373875,S2-767984580,S3-342117537,S3-190205260,S3-871180421
S1-14107319	S3-440030762,S2-89523565,S3-910661865,S3-946045582,S2-254661767,S3-740979153,S3-273327849,S3-377845350,S3-995009247,S3-353144736,S3-145477171
S1-386619697	S3-219913817,S3-813881134,S3-297677551
S1-662755677	S3-970387949,S3-689525957,S2-104301463,S3-328250791,S3-662099504
S1-187803549	S3-430777283,S3-485915564,S3-677993926,S2-423450640,S2-454629372
S1-670059667	S3-166253851,S3-772716358,S3-795764149,S3-991981984,S2-357842891
S1-362988756	S3-425015196,S2-545706047
S1-384736158	S3-585212737,S3-769699218,S3-533042645
S1-906766515	S2-487547218,S2-694449740,S2-478766247
S1-46663671	S3-973408499,S2-528453011,S3-494776335,S3-137605528,S3-834516845
S1-238061588	S3-185071787,S2-338158951,S3-557069402
S1-470665817	
S1-851475903	S3-568571786,S3-31777312,S2-269733882,S3-180746073,S3-798196842,S3-260321967
S1-124582409	S3-91249617,S3-696279711
S1-732893950	S3-208397277,S3-696399972,S2-719522880,S2-499472238,S3-175743662
S1-121071786	S3-861550129,S2-722329647,S3-869591426,S3-474141122,S2-984007469,S2-707200704
S1-10709202	S3-651970601,S2-258726537,S2-877425247,S2-651468879
S1-357733807	S2-169336792,S3-893770773,S2-913367596
S1-858577120	S3-707164852,S2-629758771,S2-651197400,S3-100337681
S1-739780291	S3-820414587,S3-667386504,S2-717051566
S1-212491785	S2-718740847,S3-325935204,S3-833579919
S1-254994588	S3-465842247,S2-146950200,S3-394371414,S2-571791191,S3-600177288,S2-535619344,S3-176262039,S3-74491596
S1-465753912	S2-394043984,S3-137979720
S1-790101416	S2-327826713,S2-764006734,S3-140219724,S2-741201405,S3-574011566,S3-962165185,S3-477861038,S2-238943981,S2-139037634,S3-760708982,S2-720003293,S3-722811929
S1-985553472	S2-3928081,S2-558377914,S3-45024927,S3-193272967,S3-700075277,S3-981678831,S2-5185190,S3-83004736
S1-442536774	S2-575984320,S2-395119906,S2-966544713,S3-782076336,S2-247057286,S2-569846046,S2-459129297,S2-74325863,S3-25490819,S3-107928018,S3-10323165
S1-815009377	S3-277626085,S3-743997769,S2-385811873,S3-895047806,S3-350309084,S3-458760926,S3-811939775,S3-896681443
S1-662414248	S3-50939963,S3-473673915,S3-712178241,S2-707251476,S2-933738826,S2-294726121,S3-507773780,S3-85173037
S1-738766854	S3-534015645,S3-195612798,S3-871222562,S2-259624122,S3-981004490
S1-104600962	S2-551892090,S2-572150634,S3-738707061,S2-946620605,S2-21691519,S2-248830147,S2-196469768,S2-359643603,S3-76010194
S1-772695055	S2-513367965,S3-485183174,S2-417107832,S2-623945783,S3-644206148,S3-652292989
S1-152219113	S2-664264141,S3-12966335,S3-1907260
S1-31414402	S2-71923579,S3-911881528,S3-558363086,S3-20017343
S1-324613163	S2-321252712,S3-105237148
S1-230333939	S2-27201071,S3-664687057,S3-545898525,S3-159268257,S3-918570859
S1-630718602	S2-204758693,S2-843136276,S3-716676481,S3-481811557,S2-327080509,S3-558566724
S1-796965540	S3-812643699,S2-992414199,S2-324840877,S3-955540289,S3-158526444
S1-684460146	S3-266426144,S2-831900436,S2-283210249
S1-854484757	S2-935349564,S3-428227149,S3-771546154,S3-109257642,S3-909188299,S2-42335302
S1-340955445	S3-895625867,S2-201411173,S3-648363092
S1-433921722	S3-716282454,S2-744593628,S2-698984226,S3-644649229,S3-125262682,S2-107077514
S1-833896484	S3-381003891,S2-648544514,S2-555067777,S3-228750733,S3-48538549,S3-962751392,S2-524081516,S3-660024341,S3-12679860
S1-658951963	S2-506440668,S3-557200755,S3-206327645,S3-711363540,S2-554572239,S3-55177159
S1-983735998	S2-403031275,S2-173953425,S2-981316982,S3-545719135
S1-253130904	S3-20690956,S2-767106082,S3-752296784,S3-834366037,S3-410943990,S3-390178012,S3-590280453,S3-538291141
S1-621444492	S2-922728557,S2-932327758,S2-620842356,S3-265874394
S1-948200402	S3-285464589,S2-45462465,S3-117554304
S1-835169169	S2-404456094,S3-682167426,S3-225611998,S3-51042986,S3-320075631
S1-723757055	S2-83568993,S2-275624563,S2-229611195,S3-855451546,S3-893251665,S3-599735195
S1-605998856	S3-299348234,S3-432394312,S2-509945623,S3-594538276,S3-130872324,S3-289027137,S3-858590196,S3-656823451,S2-502573121,S2-374161536
S1-913114838	S3-759674200,S2-333860333,S3-420117259,S3-358895031
S1-380038693	S3-293732726,S2-637985135
S1-548478106	S2-216481196,S2-412910346,S2-989691610
S1-138012485	S3-346943568,S3-192167470,S3-895109217,S2-150965678,S3-92596768,S3-589651616
S1-205613147	S3-246634028,S2-439026320,S3-59491876,S2-634410066,S3-476250315,S2-465113331,S3-692382699
S1-676169096	S3-668577698,S3-330223400,S2-775512281,S3-439655790,S2-486082578,S3-594065904
S1-324104760	S2-424786099,S3-131451276,S3-132752359,S2-454578223,S2-989906500,S3-469868421
S1-213761521	S3-459661935,S2-4302271,S2-70908644,S3-869567544,S2-154761137
S1-263581701	S2-666676041,S3-940182656,S3-805512061,S3-42620230
S1-888818443	S3-537394362,S2-507968180,S3-197741855,S2-253532284
S1-725456636	S2-238276155,S2-402511904,S3-69488281,S3-614192032,S3-911401223,S2-898156367,S3-195345029,S2-69220430,S2-151611697
S1-599220705	S3-978375178,S3-139436796,S3-94924753,S3-337197489
S1-959847953	S2-920832028,S2-144007273,S2-916888613,S3-777446702
S1-31426607	S3-23495437,S3-882946873,S3-154297897,S2-599547068,S2-794442930,S3-882634886
S1-319661524	S2-7036913,S2-807616423,S2-355908658,S3-216949764,S3-310187753,S3-516257159,S3-490638915,S3-692241427,S2-721541098
S1-56722290	S3-537501329,S3-235211921
S1-42981169	
S1-849625455	S2-159175513,S2-150138231,S2-796595950,S3-124163517,S2-617147506
S1-819627520	S3-849467894,S3-179350593,S2-524826001
S1-903481382	S2-980307321,S2-959905561,S2-681667490,S2-726381389,S2-654305169,S2-935152042,S2-225997654
S1-248186287	S3-393004935,S2-301201834,S3-766647927,S2-779475164,S3-55580681,S2-657616957
S1-370341929	S3-291116796,S3-331281570,S3-330710144,S2-569122942,S3-779130395,S3-843892305
S1-712682553	S3-324079263,S2-449529427,S2-252740975,S3-663390137,S3-265337929,S3-435847555
S1-599193422	S3-781571113,S3-402378729,S2-900533304,S2-511580240,S2-332562185,S3-637423479,S2-227634817
S1-4226494	S2-202336440,S2-4552727,S3-530996257,S2-275499295,S3-168234199
S1-380917708	S3-363401648,S2-203944477,S2-484081037,S2-580307617,S3-134568441,S2-949610781,S2-338540630,S3-317321582,S3-156390038,S3-286727217,S3-73626875,S3-252859276
S1-518015168	S3-50458424
S1-705681159	S3-557023954,S3-944696578,S3-99504523,S2-380548379,S3-310224323,S3-625765466,S2-624713661
S1-703741450	S3-173372140,S2-131578384,S3-717941835,S3-214842736,S2-248197442,S2-42316109,S2-381169715,S3-828136370,S2-343752011,S2-558989326,S2-166508856
S1-795777722	S3-284915688,S2-578140171,S3-796961267,S3-109246782,S3-711185716,S3-180256074,S3-10406885
S1-528622859	S3-219843647,S2-98298476,S3-76928004,S3-685507481
S1-297978670	S3-749100345,S3-418630579,S3-229002998
S1-23415507	S3-681833103,S2-277926090,S2-559960992,S2-7202621,S3-587721127,S2-138179531,S3-798439776
S1-970335259	S3-39335140,S2-594064745,S3-170370259,S3-715285649,S3-293330881,S3-419038218,S3-959209450,S2-221593553
S1-152111877	S2-42313920,S3-724240895,S3-925969865
S1-900803431	S3-884824605,S3-257571824
S1-448693929	S3-856692283
S1-453279692	S3-672631626,S3-908044181,S3-115773247,S2-18015216,S2-269095075,S3-403757658
S1-16898118	S3-426881626,S2-381740708,S3-472836647,S3-741534050
S1-711530078	S3-19207441,S2-553633822,S3-425065004,S3-929595017,S3-838653383
S1-446039042	S3-862545415,S3-429384582,S2-857107502,S3-44786689
S1-152667248	S3-209588249,S2-567417600,S2-481846951,S3-42013742
S1-714532797	S3-463854024,S3-90065095,S2-254376593,S2-644193488,S3-331220131,S2-166997195,S2-93488651,S2-286875185,S2-395842790,S2-172372799,S3-168223469
S1-323255385	S3-998990119,S3-50138625,S3-86533842
S1-834061544	S2-457867432,S3-72063169,S2-59419655
S1-238800051	S3-381860975,S3-662625899,S2-44246128,S2-56038245
S1-618260617	S3-166695993,S2-857251697,S2-438287461,S3-225440541,S3-691359491
S1-386190690	S3-167554213,S3-540453061,S2-778829149,S3-639086931
S1-371322857	S2-993298852,S2-273121545,S3-262893953,S3-361630942
S1-569367313	S3-340864847,S3-228628869,S2-742235875,S2-775551172,S3-130024761
S1-795575873	S2-112263826,S3-420134065,S3-907846799
S1-651570009	S3-446309113,S3-405844223,S2-223287247,S2-998847018,S3-567898056,S3-632483567
S1-565716156	S3-984385881,S2-804743004,S3-410030342
S1-201731782	S3-902507850,S3-738197012,S2-59334254,S3-203574398
S1-226560489	S2-773872026,S2-339634124,S2-759858236,S3-34003384
S1-851348700	S3-427807472,S3-617279217,S3-537067404,S3-198820063,S3-242093191,S3-808270700,S3-193748704,S3-15137494,S3-316528876,S3-504138274,S3-915639262,S3-366461218
S1-188370132	S2-22997044
S1-730215445	S3-852100304,S2-601524234,S2-937819440,S3-632107290,S2-838730832,S3-213134637,S3-823902297,S2-475691550
S1-579644462	S3-564712222,S2-520895315,S2-459190072,S3-762101549
S1-384070789	S2-108163358,S3-418421529,S3-445218987,S3-463290441
S1-515965443	S3-123764892,S2-661842294,S3-174659559,S3-161406116,S3-79326789
S1-884568718	S3-975500312,S3-737294376,S3-603208826,S2-645225875
S1-420372701	S2-849200265,S2-879759758,S3-990565196,S3-810049510,S2-168615043,S2-602733258
S1-8583890	S2-870758533,S2-777548998,S2-966696813,S3-627676214,S3-962468193
S1-412366012	S3-503983387,S2-326125027,S3-475583596,S2-386890656,S3-476849176,S3-325174324
S1-528228320	S2-374690515,S3-342810840,S2-434683591
S1-998515247	S2-73043798,S3-335316269,S3-830413158,S3-962456284,S2-373746217
S1-512857526	S3-625543796,S2-909201120,S3-583742005,S3-503986247,S3-505435301
S1-141244613	S3-757772327,S3-129723046,S3-977948459,S2-257891728,S3-258541954,S2-373518157
S1-554313994	S3-999706444,S2-561978167,S2-618177016,S3-789304346,S3-808386661,S3-350568718,S3-482324397,S3-674536022,S2-802037499,S2-715489785
S1-689208456	S2-98759458,S3-494645171,S3-203677930,S3-594548242
S1-88017471	S3-584925762,S3-735583436,S3-90017175,S3-541225846
S1-75788184	S3-62431864,S2-160483076,S2-17130118,S2-984553500,S2-238108307,S2-5923066
S1-67822539	S3-645718642
S1-35181658	S2-456568085,S2-837228857,S2-533353020
S1-785619243	S3-864393189,S2-285157639,S3-399193775,S2-686142357
S1-151818773	S2-424621905,S2-256855080,S3-862089421,S3-225285435,S3-391573350,S3-311813561
S1-843275108	S3-251097173,S2-753340324,S3-981851326,S3-437863888,S2-244506517
S1-297139756	S2-224642319,S3-52275504,S3-168973314,S2-447631706,S2-174132387,S3-606003666
S1-749646569	S3-76698258,S3-385180377
S1-201486056	S2-436985587,S3-854113316,S3-781723288,S3-125081939,S2-142591368,S3-104819723,S2-998552778,S3-59010679
S1-458489652	S2-405388834,S2-809035059,S3-937452589,S3-9268702,S3-966474257,S3-509595808
S1-774635280	S2-437403222,S2-769656332,S3-92594023,S2-786740733
S1-683848296	S2-586378863,S3-719826178,S3-902225103,S3-195478570,S3-16069001,S3-33433876,S3-604062801,S3-434283299,S3-644853857
S1-75876695	S2-783900972,S3-175440699,S3-256758626,S2-161643335,S2-778312319,S3-263282808,S3-623396831,S3-88857487
S1-928892735	S3-385767199,S2-305695522,S2-280827230
S1-877353024	S2-141095841,S2-79252240,S2-210749881,S2-266119637,S3-457890173,S2-659915848
S1-195435381	S3-559051190,S2-951964498,S3-99917741,S2-250282139,S2-66590536
S1-630775847	S2-46610667,S2-426083069,S3-679472902,S3-128782332
S1-561721009	S2-10849153,S2-545959487,S3-976267788,S3-733651117,S3-923165736,S3-500022585,S3-952611217,S2-671802808,S2-348740725,S2-450808991,S3-136526804
S1-33260597	S2-482690270,S2-67072573,S3-15930353,S2-483363261,S2-314817634,S2-497188302,S3-119552967
S1-471884779	S2-383019518,S3-886305176,S3-379877454
S1-937414407	S3-918691099,S2-596894516,S3-573425804,S3-477481215
S1-800313285	S2-189167415
S1-640722916	S3-692859891,S2-801707027,S3-426204373,S3-193223681,S3-328474175,S3-582417687
S1-195846285	S3-201494066,S2-337106599,S3-544267842,S3-846927264,S2-122158580
S1-588788903	S3-400797395,S2-291054662,S3-477526287,S2-547997580,S2-170747533,S3-909595604
S1-561167553	S3-92871605,S2-423097171,S3-171093105,S3-209478259,S2-971306075,S3-395211188,S3-145781555
S1-226659904	S3-857746707,S2-36168230,S2-252053885
S1-680937888	S3-479571797,S3-290541390,S2-58469579,S2-376268572,S3-263424039,S3-674158969
S1-932812504	S2-637436991,S3-134205816,S2-810826333,S2-495047647,S2-920233245,S2-431092627
S1-728635493	S2-969850425,S2-24350409,S2-645755844,S2-204639884,S3-58188940,S3-320435855,S3-575346856
S1-792394223	S3-941996228,S2-803057957,S3-106040779,S3-593881520,S3-823660035,S3-590221683,S2-487258003
S1-703848928	S3-455333956,S2-961520250
S1-74968588	S2-441859651,S3-336056522,S3-985752107,S3-932647463
S1-111912948	S2-539276740,S3-452986383,S2-824327105,S3-869469551,S2-704138310
S1-557408785	S2-252470067,S2-299835574
S1-149175189	S3-900601454,S2-197241624,S3-722832968,S2-160713368,S2-49482510
S1-691828136	S3-586509029,S3-646509461,S3-719028110,S2-400222269,S3-341417998
S1-374376629	S2-104961522,S2-789303893,S3-657184152,S2-245860397,S2-172847250,S2-631803166,S3-955521983,S2-964021182,S3-449937263
S1-655702867	S2-922562223,S3-932091768,S3-265435267,S3-73257971,S2-79581242,S3-535524427,S3-883161860,S3-231538951
S1-685030263	S2-180412815,S3-413971987,S3-22534287,S3-302315650,S2-616713119,S2-940292611,S2-910014745,S2-519212252,S2-524215551,S2-184712635,S2-140264540,S2-524013035
S1-344992065	S3-675506568,S3-217599398,S3-598226489,S3-483231166,S3-331830172
S1-502075909	S2-975134500,S2-27636184,S3-412261955,S3-303537039,S3-319643798
S1-320126869	S3-243893355,S3-758310515,S3-561845387,S2-471516180,S3-283941391
S1-779869016	S3-568885057
S1-337882514	S2-175879048,S2-702566753,S3-767995261
S1-388738074	S3-169732859
S1-180425935	S2-48226819,S2-472527304,S2-926885800
S1-980883433	S2-617861393,S2-329970376,S3-134969397
S1-227880948	S3-85251817,S2-617912671,S3-627821437,S2-243228362,S2-416645357,S3-781195129,S3-484485596,S2-486376005,S2-192631328,S3-906718279,S3-853039252,S3-150354232
S1-756190461	S2-426340935,S3-956139428,S2-635556739,S2-49918354
S1-350074796	S3-660402203,S3-457749769,S3-662212144,S2-551746790
S1-268437161	S3-323233123,S2-802256970,S3-320962580,S2-718061332,S2-559938269,S2-892115012,S2-494647633,S3-632188745
S1-836327264	S2-145832710,S3-498326864,S2-722640839,S3-153544723,S2-415229660
S1-748977449	S3-382548370,S2-8175609,S2-760333741,S2-237219549,S3-585481670,S3-359245337
S1-288146550	S3-525847275,S2-726261010,S3-987330554,S3-271599294,S3-583742005,S3-503986247
S1-631815952	S3-810840035,S2-954047664,S2-418751182,S3-771716314,S3-42600147
S1-996081748	S3-856981610,S3-346547687,S3-41768995,S3-751650234,S2-38309713
S1-259550784	S3-201594470
S1-836564513	S3-60641847,S2-164673692,S2-155529320,S3-628182323,S3-528249061,S2-72837635,S3-439663962,S3-262893953
S1-329916893	S3-895571260,S3-896906606
S1-209184514	S3-600488855,S2-824758576,S2-88963722,S3-324325674,S3-620591203,S3-554319831
S1-886959181	S3-733649559,S3-347778684,S3-355659900,S3-909960285
S1-743361812	S3-957339251,S2-397916190,S3-348579221,S3-803713160,S3-158888297,S3-395405879,S3-64879212
S1-723333584	S3-377965752,S3-896435327,S2-721111379,S2-698170126,S2-978835785,S3-509491510
S1-404667296	S2-131077109,S3-637101309,S2-271193743,S2-808434058
S1-128691483	S2-65899304,S3-824445666,S2-391094768,S3-6763720,S2-685639713,S2-869593090
S1-182282083	S2-326072184,S2-151671375,S3-882041376,S3-452032428,S3-57769113
S1-551815578	S3-409776008,S3-351668564,S2-444279497,S3-94630377,S3-30089738
S1-348046126	S2-964921228,S3-902076662
S1-119170377	S3-512483213,S3-878626518,S2-503609929,S3-63478847
S1-175772456	S3-174314900,S2-323053735,S3-287839827
S1-395638812	S2-990665260,S3-789777190,S2-757282907,S3-83560848,S3-880485119
S1-750385851	S2-843803414,S2-890410794,S2-63768841,S3-316355269,S3-192521153
S1-471056937	S2-22865185,S2-377495445,S2-348299863,S3-653572077,S3-310970796
S1-608082322	
S1-491256942	S3-281863367,S2-566326958,S2-67053931,S3-551130830
S1-507205629	S2-85529001,S3-263925406,S2-304709848,S2-615448941,S2-39212479,S2-370953304
S1-74630739	S2-8390565,S2-89275398,S3-52664068,S3-854569180,S2-816428402
S1-537828355	S2-61869354,S3-98919769,S3-362966336,S3-49340104,S3-963776365,S3-270338775
S1-399301204	S3-520406390,S3-948136218,S2-379795098,S3-847653573,S3-458897327
S1-977187100	S3-352872645,S3-761509531,S3-129802730,S3-831766035,S2-372635398,S3-127751949
S1-914364235	S2-19993652
S1-432221760	S2-394030965,S2-523904467,S3-972078101,S3-395728042,S2-176092970,S2-346106231,S2-278465558
S1-497666210	S3-544853171,S2-4282456,S3-837712260,S3-838308888,S3-703378208,S3-692906976
S1-831256823	S2-581561943,S2-11673980,S2-890340904,S2-14335006,S3-579163381,S3-388696434,S3-595966750
S1-622759347	S3-810532998,S2-371928266,S3-48141481
S1-752621677	S2-398905360,S3-16488658,S3-888208488,S3-250967488,S3-300610969,S2-880956131,S3-99321982,S3-344543510,S3-65414875,S3-495879655
S1-591496468	S2-402500769,S3-821574258,S3-28120754,S2-829574519,S3-785768406
S1-852203502	S2-970141857,S2-186935128,S2-226638501,S3-628774546
S1-986498451	S2-570147844,S2-895992215,S3-824891671,S3-740680783,S2-427595977
S1-562601733	S2-654636232,S2-554467671,S3-471840142,S3-939148912
S1-735287257	S2-670525371,S3-619451088,S3-717216636,S3-381488163,S3-395167271,S2-486794573
S1-600541138	S3-53452914,S2-56946684,S3-156545238,S3-812435025,S2-245147975,S2-211692349,S3-184000534
S1-582126603	S3-713853687,S2-868695143,S3-657900181,S3-446284632
S1-333004230	S2-283916749,S3-284662571,S3-835182563,S2-832265911
S1-122853205	S3-729988818,S2-28240092,S2-451166024,S3-139222229,S2-336313156,S3-925826887,S3-69401167,S3-829682770,S2-181549946
S1-163679948	S3-900158254,S3-499516171,S2-702112288,S3-622735656,S2-147948477
S1-238714172	S3-961950623,S2-828749698
S1-573955415	S3-770764210,S3-280700244,S3-181745396,S2-779893177,S2-454806783,S3-676859678
S1-565861016	S3-114595164,S2-668096991,S2-218167287,S2-868647868,S3-107357305,S3-330049491,S3-131730632
S1-629811526	S2-618793238,S3-647618952,S3-153775561,S2-694617286
S1-796842081	S2-430703732,S3-687972217,S3-963185675,S2-810816073,S2-20154886,S3-239270705,S3-418551835
S1-598954163	S3-510067334,S3-564746506,S3-292534605
S1-986306848	S3-732264398,S3-476103944,S2-816433301,S2-547488665
S1-135504215	S3-901371736,S2-709451666,S2-812638626,S2-803581302,S3-840201946,S3-694164594,S3-701170531,S3-914025655,S3-139560575,S2-467108327
S1-762749449	S3-153316911,S3-306344890,S3-999384474,S2-836528843,S3-323032639,S3-84159354,S2-194029775,S2-77864992,S2-837041686
S1-733732461	S3-240111331,S3-799415509,S2-645056182,S2-466928030,S3-519260636
S1-122306631	S3-656287805,S3-76251197,S2-83338706,S2-418221122,S3-563127356,S3-963269110
S1-944664517	S3-857108098
S1-186664511	S3-233268297,S3-678719654,S2-850196876,S3-37263770,S3-928857009
S1-737968489	S2-488226474,S2-29597860,S3-98625468,S3-883319135,S3-595550314,S3-760985218,S2-76405804
S1-41031187	S3-529830922,S3-279976795,S2-53479102,S2-197072834,S2-316484066,S3-503988460,S3-142603856,S3-827427041
S1-155831239	S2-849823402,S3-745093364,S2-811601842,S3-712641256
S1-350512778	S3-126632368,S3-863006534,S3-445419225,S3-397458693,S3-297294353,S2-891500413,S2-225574278,S3-730285012,S2-384303407,S2-725326293,S3-483370048,S2-48962477
S1-512388209	S3-830964873,S3-77711796,S3-848940049,S2-626461225,S2-359191336,S2-459441229,S2-331631393,S2-844772327,S3-735132006,S2-799437472,S2-91400025
S1-813863874	S3-892795415,S2-687630798,S2-640574228,S2-320335182,S2-490911882,S3-344937211
S1-998412698	S3-272945048,S3-416294747,S2-819644955,S2-129630919,S3-322782389
S1-289931344	S2-67678912,S2-680655726,S3-516827466,S2-13883992
S1-398157588	S3-940131546,S3-10650268,S3-126196083,S3-760156533,S2-844929308
S1-575380144	S3-141423487,S2-913918452,S2-383345784,S3-656240933,S3-333170044,S3-989480128
S1-350562637	S2-115144176
S1-26222866	S3-945349203,S2-846396503
S1-158292441	S3-725461552,S2-288717007
S1-197052752	S2-160080736,S3-808846844,S3-505348720
S1-774483375	S2-684344680,S3-160064050,S3-971303374,S2-506579578,S2-165646623,S3-420744845,S3-148120840,S3-67766432
S1-686292908	S2-418173815,S3-335054727,S2-506224961,S3-967014784,S3-316729470,S3-793937989,S3-483459102,S2-205628218,S3-992671239,S2-6536727
S1-794304529	S2-503091004,S3-95761238
S1-241980790	S3-579939094,S3-964392326,S2-675157986,S2-559214152,S2-357696011,S3-780048723
S1-527516907	S2-710893179,S2-703540329,S3-946157640,S3-998053326,S2-791903652,S3-175434368,S3-380892500,S3-335169978,S2-643404816
S1-531784663	S2-787920115,S3-348313117,S2-19471836,S2-212037387,S2-911163058
S1-827648557	S3-517040079,S3-998932422,S2-85097899,S2-993323615,S3-755596497,S3-956117638
S1-743991708	S3-433599850,S2-993902043,S3-434560748,S3-512803117,S3-949557106,S3-704515223,S3-859962936,S3-712610003
S1-510025263	S2-62181152,S2-973318649,S3-763937203,S2-709801241,S2-785142738
S1-619662688	S2-401016752,S2-522718060,S2-255740851,S3-735285513
S1-56832416	S3-549373269,S3-206118249,S2-206044985,S3-648483760,S3-198994616,S3-318289605
S1-310765723	S3-671205278,S2-346699613,S3-587757273,S3-634668729,S3-816691724,S3-552496993
S1-515940832	S2-716109049,S2-278690262,S3-368132411,S3-175693586,S3-18023472,S3-326251201,S3-695398514,S2-782644298,S2-198758814,S3-910231681,S2-584067434,S3-415283962
S1-551133911	S3-819222590,S3-632696535
S1-833683535	S3-572346169,S3-74358356,S2-429858476,S2-937835129,S3-58579122,S3-401963856
S1-647524038	S2-482031326,S3-632226796,S3-732603774,S3-902977407
S1-641150902	S3-653835142,S3-713098135
S1-984245298	S3-275221813,S3-720260847,S3-647700654,S3-2051743,S3-309860103
S1-315957540	S3-327131086,S2-140738183,S3-471555267
S1-891883062	S3-795181970,S2-786979688,S2-707070009,S3-241851301,S3-973012188
S1-450909281	S2-186811269,S2-709747482,S2-502830313,S3-476569101,S3-453995724
S1-570825615	S3-522076240,S2-329403122,S2-11393985,S3-461217600,S3-870815971
S1-103963804	S3-375620126,S3-231291656,S3-484173292,S2-646752318,S3-689778397,S3-778555285
S1-422870235	S3-658140434,S2-441294821,S3-948818940,S2-315815856,S2-713374497
S1-527779722	S3-748565287,S2-787271316,S3-287846052
S1-501678057	S3-845338735,S2-958653497,S3-97449793,S3-301861464,S2-801460888
S1-999783885	S3-687475081,S2-139589604,S2-887419364,S2-353484830,S3-308741364
S1-526816877	S2-758904229,S3-572838580,S2-9354432,S3-710093473
S1-342092969	S2-470284966,S3-648137045,S2-135656677,S3-10406885
S1-23962992	S2-803436525,S3-252489939,S3-131080528,S2-157124419,S3-996518090,S2-218504840,S3-56638449,S2-725127383,S3-548061282,S3-911416149,S3-330147682
S1-8812511	S3-812700014,S2-401201984,S2-293535497,S2-290483884,S2-449552818,S3-677036009
S1-240876533	S3-879618696,S3-308843864,S2-938146875,S3-133330621,S3-35013290
S1-956127544	S3-477785367
S1-258248378	S2-620247937
S1-28596333	S2-194417617,S2-28738788,S3-489494306,S2-344574037,S2-428152081,S3-597983259
S1-196302795	S2-693817530,S2-882256571,S2-712716791,S3-768239742,S2-207750149,S3-376487742
S1-881150973	S2-644405106,S2-492488454,S2-665405944,S3-558060384,S3-912715094,S3-78609368
S1-741571243	S2-10843950,S2-803798658,S2-962900765,S2-602769612,S3-317262507,S3-486519732,S2-578024993,S2-994611456,S3-288804975,S3-832670970
S1-568140947	S2-878257891,S2-563139164,S3-379058989,S3-118044037
S1-52356503	S3-955443353,S3-291297654,S3-162175324
S1-405703041	S2-572665508,S3-877258543,S3-1800524,S3-682626935
S1-662880554	S3-827355571,S2-106651223,S2-244051391,S2-224421952
S1-748279819	S2-591324765,S2-22300985,S2-315745075,S2-84690645
S1-683303556	S2-172054392,S3-553364386,S3-831590901,S2-434643772,S2-794244508,S3-409274321,S2-439597500,S3-144579739
S1-276467548	S3-748894227
S1-60055547	S2-621101915,S2-661980481,S2-758659219,S2-316707888,S3-510957874,S3-23843062,S2-874677428,S3-398686012,S2-587935
S1-924696932	S2-74910963,S2-188452067,S3-499426400
S1-420895424	S3-825970722,S2-341041782,S3-644891762,S2-82252154,S2-5227653,S3-442814405
S1-970562133	S3-892990291,S3-866145143,S2-474949768,S3-250110462
S1-234921713	S2-519867047,S2-56737624,S3-85301364
S1-156088083	S3-597413654,S3-374752539,S3-48158727,S3-384215662,S3-865830731,S3-995907410,S2-61528646,S3-489421251,S2-437037073
S1-826321192	S3-5841487,S3-777155695,S2-359631129,S3-998580554,S3-575680725,S3-822619211,S3-765628468,S3-763200513,S3-536517180,S3-127955796,S3-390860971
S1-806780528	S3-961982683,S2-483531919,S2-67012903,S3-437992726,S3-462283732,S3-826761743,S3-283299379,S3-821477832,S2-393388541
S1-962325814	S2-440719521,S2-755747190,S2-221014602,S2-299764921,S3-852021398,S3-432138320,S3-570487494,S3-892566466,S3-837858373
S1-178691596	S2-294998398,S2-210286053,S2-204626947
S1-419081258	S2-715210089,S3-243454345,S3-332840362,S2-121276615,S3-153705118,S2-623000428,S2-178138081,S2-958093939,S2-693727553,S3-901584436,S3-744868809
S1-742499491	S3-551397736,S2-319505474,S3-733903990
S1-301988151	S2-559304906,S3-594672739,S3-657927457,S3-502519225,S2-895524263,S3-119323858
S1-306869528	S3-529350306,S2-430904065,S3-627263963,S2-97616625,S2-868364880,S3-430705777,S3-271340605
S1-284324749	S2-494752529,S2-829397786,S2-842704451,S2-373983286,S3-426446994
S1-159784487	S2-300780832,S3-578315063,S3-112220533,S2-611696617,S3-205869948,S3-827262466
S1-968986221	S3-811722181,S2-983077872,S3-8889223,S3-225190720,S3-487499315
S1-487555635	S2-849173958,S3-749633153,S3-447976393,S2-289886258,S2-207132271,S2-490601190,S3-496516527
S1-639880684	S3-782601274,S2-52561201,S2-366615553,S2-819516340,S3-64696923,S2-237796778
S1-290261586	S2-83447466,S2-23006598,S2-450174533,S2-570016421,S3-95660928
S1-819246383	S3-210896629,S2-880923327
S1-582444261	S3-447275075,S3-230611034,S3-96283285
S1-170207731	S3-729778757,S3-550252739,S3-753200846,S2-71345678,S2-377832798
S1-474655667	S3-271237156,S2-965778821,S3-459466260,S3-622940782,S3-159661538,S3-619650015
S1-254106669	S3-677212048,S3-144417869,S2-554944061,S2-369334621,S3-180439136,S2-895891165,S2-201496147,S2-296350575,S2-454912002,S3-993818438,S3-682874403,S3-415137532
S1-902137395	S3-891850122,S2-729706233,S3-684466099,S2-298178513
S1-834741964	S3-578416118,S2-262946097,S2-617465141,S2-79737285,S2-424527878
S1-141789042	S3-44637798,S2-987889342,S2-900431839,S3-224278918
S1-929576622	S3-295601266,S3-908127477,S2-848745583,S3-654576650,S3-874715634,S2-292814967
S1-118899888	S3-12459949,S3-369154506,S2-9193251,S2-797240998,S2-100965645,S3-164664181,S3-603530285,S2-286968769,S3-323189047,S3-290434658
S1-759511099	S2-281612728,S3-167631055,S2-689294004,S2-849530711,S3-644394117,S3-497360412,S3-40186742
S1-216382304	S3-512285604,S3-39627977,S3-649487838,S3-850619271,S2-236724430,S2-587624716,S2-626978987,S2-747026974,S3-276010363,S3-109349578
S1-411036798	S2-594064745,S2-864276253,S2-550770573,S3-170532618,S3-491086347,S3-536665829
S1-783268034	S2-891990559,S2-756603041,S3-443726176,S2-202710642,S3-640050984
S1-886418488	S2-485686520,S3-579784995
S1-509794143	S3-131819645,S3-72494927,S3-498853144,S3-687203286,S3-807825859,S2-953590496,S3-965638793
S1-344045659	S3-615422104,S3-387933969,S2-224699283,S3-396905265,S2-993183306,S3-906592235,S3-34910066
S1-425858133	S2-299098618,S3-165380341,S3-700232518,S3-963405349,S3-603026408,S3-142739135
S1-524436702	S3-959419474
S1-122167934	S2-680778918,S3-679794652,S2-786148585,S2-26563546,S3-507144762,S3-723320194,S2-743660338,S3-223319646
S1-145367448	S3-56028662,S3-708956048,S2-440914482,S2-116061710,S2-435180032,S3-273395588
S1-943500699	S3-759914942,S3-296645597,S2-699954514,S3-878192965,S3-372171143
S1-291665506	S3-544544619,S3-539690091
S1-981973886	S3-79934894,S2-655317568,S2-267275763,S3-524050106
S1-525293191	S3-132687379,S2-788950692,S2-721402730,S3-854599360,S3-612548439
S1-33989137	S3-132551620,S3-931087193,S3-457867166,S2-750093634,S3-771446264,S3-139291426,S2-907557108
S1-272318458	S2-545592547,S3-890435044
S1-969294577	S3-878974744,S3-173818582,S2-333676299,S3-194228985
S1-456237351	S2-940815365,S2-254504809,S3-709127304,S2-566649870,S2-151429263,S3-556739782,S3-888250882,S2-750190818
S1-456542559	S2-605174946,S3-80633110,S2-107079936,S3-229359242,S2-647029011
S1-500525996	S2-925909431,S3-99763146,S3-472572874,S3-973894461
S1-819017483	S3-510896100,S2-926431410
S1-455921859	S3-337297400,S3-287288508,S3-657236362,S3-642570225
S1-334001476	S3-803628699,S3-14874335,S2-276090163,S3-833942715,S2-112446519,S2-238129122,S2-753102653
S1-723969007	S2-131336004,S3-175663724,S3-295495409,S2-632136073,S2-256814557,S2-901398006,S2-657314946,S2-660535480,S2-588887584,S3-510184304,S3-423265837,S3-584595205
S1-963441692	S2-545870767,S2-437447910,S2-206707510,S3-842553868
S1-281801879	S3-27489687,S3-955385102,S2-253477260,S2-260653847
S1-49664537	
S1-185464070	S3-92801102
S1-914814636	S3-295686938,S2-827803858
S1-134750140	S2-590066113,S3-210802336,S2-241532362,S3-426705720,S3-17764646
S1-336103241	S2-537626199,S3-705076537,S2-168947520,S2-853780032,S2-20256600,S2-509498721,S2-822389813,S3-502072475,S2-273871849
S1-909084824	S2-348308845,S3-906675461,S2-195075829,S2-986125655
S1-171902915	
S1-841003956	S3-152733407,S3-262835480,S2-785188212,S2-247351025,S3-531617276,S3-245268066
S1-254495377	S3-140840255,S2-455369793,S3-134289495,S3-802013290,S2-419879340,S3-29198671,S3-479876080,S2-79068769
S1-2729849	S2-875502935,S2-731912586,S2-385823196,S3-264252521,S2-659687484,S2-836482805,S3-758260096
S1-957276004	S3-665797492,S2-939972717,S3-600282181,S3-300926759,S2-171095455
S1-672675536	S3-140938128,S2-477188100,S2-1969763,S3-471763478,S2-499345143,S3-114673455
S1-85711831	S3-272534255,S2-457342615,S2-353259240,S2-618734777,S3-736851780,S3-917892170
S1-156042507	S3-888213746,S3-816784982,S2-651337256,S3-24521039,S2-370022517,S2-98173654,S3-558895109
S1-991438248	S2-848371497,S3-872410390,S3-681490503,S3-898030259,S3-422418366,S3-37241745
S1-288085959	S2-372358163,S3-795203434,S3-576849654,S3-652788520,S2-955643309
S1-551650587	S3-490459835,S3-976109868,S3-320861474,S3-398645899,S2-228371623
S1-758655771	S2-479374440,S2-829046569,S3-675388089,S3-35134673,S2-4981931,S3-362435910,S3-710956354,S3-524036361,S3-637539429
S1-327390279	S3-962789139,S3-715208987,S2-231852233,S2-655572938,S2-855576405,S2-350993357,S3-665174853,S3-71089309,S3-513334235
S1-400981824	S2-548369272,S3-299103094
S1-264897737	S2-942038401,S2-210234184,S3-278711829,S3-950435928,S2-574047881,S3-282562634,S3-947133182
S1-630258424	S3-648961077,S3-380240719
S1-632133062	S3-267485921,S3-739905947,S3-869123557,S2-27271530,S2-632589261,S2-701271922,S3-755745394,S2-335498934,S2-660403209,S3-728644475,S2-946216627,S2-239184544
S1-388458561	S3-890882466,S3-350019049,S3-316349486
S1-142520179	S3-588494896,S2-220211189,S3-180481691,S3-991620221,S3-557252581
S1-233598397	S2-879612023,S2-298549752
S1-475052968	S2-476090787
S1-363044878	S3-851546199,S2-975996791,S2-994353923,S2-38662496,S3-536859754,S2-641073661,S2-699912513,S3-494524301,S3-442734012
S1-181421789	S2-843982302,S3-934497575,S3-588728790,S3-533937383,S3-952069143
S1-789962661	S3-766124155,S2-172397658,S2-194022537,S2-817926399,S2-335019398
S1-261705839	S2-183103150,S3-477244121,S2-745340685,S2-73923660,S3-166877850,S3-366071149,S3-873172659
S1-447752581	S3-279198225,S3-195625783,S3-588210374,S2-953962349,S2-194767360,S3-462439087,S3-653550673,S3-481167971
S1-912866440	S2-865217588,S3-253314896,S2-91091397,S3-595473091
S1-692866791	S3-134344108,S2-811928500,S3-471030517
S1-110921684	S2-474093463,S3-550669640,S2-906431395,S3-329539606,S3-489421284
S1-739557270	S3-161916944,S3-365674813,S2-956202079,S2-11095462,S3-606871739,S3-823062032,S2-225002831
S1-912338932	S3-844411180,S2-340291178,S2-563764848,S3-805716603,S3-396246241,S3-638280721
S1-481440620	S2-185243764,S2-424368991,S3-331471361,S2-964484687
S1-204729315	S2-760655492,S3-144862903,S2-957582148,S3-896836893,S3-522628259,S3-620591203
S1-993173601	S2-710881572,S3-632853645,S2-956298526,S2-945512687,S2-416860930,S3-830509812,S3-887423836
S1-660744222	S2-217473174,S2-259077037
S1-542551683	S2-440398985,S2-329476263,S2-436815047,S2-134685694,S2-983888063,S2-266477203,S3-754606135,S3-669701973,S3-183942378,S2-170937598
S1-877344328	S2-354944074,S3-535397350,S2-858230680,S2-169820737,S3-8448589
S1-610092826	S3-163041115,S2-19075200,S3-751807101,S3-846873777,S3-353043170,S3-744418617,S3-312318290,S3-741049318
S1-569905279	S3-867783698,S2-784761138,S2-979938385,S3-957171929,S3-966648648
S1-201776668	S3-602853554,S3-358523373,S2-553526256,S3-836043798,S3-26242934,S2-783549225,S3-545038662
S1-569415764	S2-516720513,S2-442419830,S3-107324827,S3-319409253,S3-794610558
S1-576762633	S3-873536677,S2-522398943,S3-115523453,S3-300504243,S2-903785071
S1-344188171	S3-386162316,S3-169738014,S3-819946235,S3-349815210
S1-385241066	S3-312507707
S1-857776183	S2-741911817,S3-130595980,S2-224883233,S3-123448901,S2-798765666
S1-613667141	S2-481813804,S3-235024831,S2-902128579,S3-271757618,S2-222186265,S3-461004928,S3-709008780,S3-562335247,S3-991739467
S1-594774091	S2-221762857,S2-138603973,S2-675041449
S1-390572652	S3-543418041,S2-284336315,S3-500680113
S1-126533201	S2-861011237,S3-288151980,S3-491442975,S2-420800981,S2-119916068,S3-739821710
S1-610898222	S3-508797169,S2-214175927,S2-426323800,S3-597889361,S2-141889065
S1-944475881	S3-458251061,S3-597552602,S3-332551554,S3-171997606,S2-295415478,S2-252859145,S2-856031019,S2-776938864,S3-5356545,S3-270260872
S1-871818298	S3-141067283,S3-365303261,S2-902395900,S2-983625389,S2-564087428,S2-34843360,S3-680091890
S1-384253846	S2-202797400,S3-410343439,S3-551252498
S1-625785052	S3-124361789,S2-348395984,S3-814144050,S3-429622790,S3-774242809
S1-833159379	S2-800507364,S3-52065327,S3-558705234,S3-427203433
S1-421136815	S3-246866014,S3-873389198,S2-131673400,S3-132792065,S3-429553604,S3-438618322,S2-75697150,S2-478397144
S1-240128923	S3-705799157,S2-310385454,S2-844423106,S3-920462635
S1-169362627	S3-664891528,S3-216710929,S3-617437234,S3-978268764
S1-956633757	S2-378234017,S2-70586510,S3-370930017,S3-755765319,S3-175758945,S3-886606878,S3-186427047,S2-963757178,S3-19853665,S2-379076326
S1-269173661	S2-393960355,S3-231247238,S3-868519349,S3-665626204
S1-357986149	S2-133628945,S2-171160370,S2-796580785,S3-815698133,S2-414395106,S3-165993452
S1-309819186	S2-208548321,S3-272959365,S2-821958577,S2-203470790
S1-740170291	S2-924103772,S2-691524675,S3-767878189,S3-725465612,S3-467979302,S2-366753601,S3-273799606,S2-838918502,S3-980714570
S1-49397027	S3-269347508,S2-319546221,S3-89698830,S2-371804159,S2-612314245,S3-739288070
S1-151762232	S3-824609337,S2-449663083
S1-659967604	S3-748713305,S3-752851361,S2-394385676,S3-874358978,S2-352329978,S3-319918225
S1-265072557	S2-179670576,S2-12235693,S3-141099906,S3-47618548,S3-568711940,S3-952356470
S1-805864466	S2-299736571,S3-686403485,S3-787871784,S2-571465096
S1-176878285	S2-412674320,S3-667724827,S3-57831871,S2-460903270,S3-358853889,S3-170602258
S1-724649546	S2-659473578,S2-633389451,S3-582821881,S2-313943786,S3-404687160
S1-614132800	S3-194050092,S3-482429226,S2-919229379
S1-484655830	S3-932507925,S2-650098286,S2-163318853,S3-514464327,S3-13486786,S3-948598414,S3-337275096,S3-413174814,S3-644206148,S2-103696421
S1-529638715	S3-17105914,S3-835452869,S3-383511395,S3-323417544,S3-402643453,S3-848901628
S1-264903851	S2-935904383,S2-592085771,S3-565009060,S3-679605869,S2-775267423
S1-478503131	S3-429737950,S2-723623972,S3-267437312,S2-393004297,S3-659785498
S1-642870592	S2-207030365,S3-926050418,S2-733465880,S3-657806797
S1-914023940	S2-411505637,S2-940070526,S3-283505692
S1-583927088	S2-790871728,S3-609315536,S3-285212789,S3-332148961,S3-395615969
S1-642098037	S2-892037619,S2-264179827,S3-955794449,S2-826582498,S3-920454375
S1-580189256	S3-833853042,S3-561752886,S3-256233555,S3-992636064,S2-492356456,S2-746774768,S2-638812145
S1-923010888	S2-640000774,S2-228519960,S3-419217722
S1-197582812	S2-7812668,S2-598754010,S2-704132638
S1-127198849	S2-606492550,S2-354251093,S3-886572085,S2-754367283,S2-328442473,S3-939341612
S1-727156616	S2-866278755,S3-532877940,S3-931455834,S2-212864988,S3-633694838
S1-786266955	S2-768127912,S2-6694676,S3-776452770
S1-748702643	S3-131549682,S3-166015673,S2-786407373
S1-602876493	S2-427616593,S3-41179121,S3-46857737
S1-89763318	S3-680142830,S2-585286371,S2-521018200,S2-35629636,S2-300346207,S3-330224390
S1-114533332	S3-213959885,S2-246674000,S3-219829992,S3-158982118,S3-506370283
S1-951306338	S3-539784832,S3-775054608,S3-734346948,S2-945004260
S1-8707121	S2-684376643,S3-857271854,S3-40411607,S2-127404212,S3-925391060,S3-229205346
S1-635096688	S3-477363703,S3-78327958,S3-142743040,S3-693949840,S2-402798204,S2-708430218,S2-541602410
S1-67433431	S3-535091387,S3-998121852,S3-600477336,S2-919822401,S3-557666605
S1-456471999	S3-612244050,S2-516157157,S2-814320426,S3-242591060
S1-980097760	S2-217957859,S2-840402013,S3-128869557,S2-307903400,S2-304954577,S2-798397062,S2-721225918,S2-626821058,S3-835886688,S3-394712488
S1-667269746	S2-69273909,S3-736833055,S2-159088872,S3-655219279
S1-306491856	S2-241373452,S2-921583723,S3-277333571,S3-496561415,S3-168840357
S1-76086244	S2-248196388,S3-268815916,S2-430625031,S3-955303857,S2-925358936,S2-828703028,S2-665051688,S3-612561283,S3-391718606,S3-781746824,S3-224065134,S2-662898782
S1-366730187	S2-822543081,S3-590376202,S2-698687151,S3-856192677
S1-414180918	S2-571342530,S2-535754957,S3-977840043,S2-327504446
S1-806478731	S3-550921071,S2-50315339,S3-172527762,S3-934536390,S2-68023064,S2-858792136
S1-737078857	S2-597985036,S2-427074188,S3-533008203,S3-744687034,S2-281275378,S2-94052664,S2-624237589,S3-678900485,S2-510133848,S3-95055358,S3-765911600,S2-635295502
S1-413150372	S2-531789755,S3-759491829,S3-181996938
S1-782716422	S3-519106028,S3-750141238,S2-606410985,S2-45409567,S2-795593288,S3-799053913,S2-644705848
S1-194667881	S3-939403550
S1-544570934	S3-642953535,S3-394312889,S2-389596278,S3-357228602,S3-380611860,S3-859318078
S1-82624135	S2-179574049,S2-986051356,S3-836601972,S3-234300899,S3-903525768,S2-106839526,S2-32039468
S1-704931378	S3-606059697,S2-763883148,S3-662918190,S3-785139458,S3-847163837,S3-37993736
S1-822457687	S2-353553104,S2-368003596,S2-894493589,S3-813553929,S2-710616375
S1-120568451	S3-657075789,S2-774177444,S2-804313029,S3-935277965,S3-256940644,S3-694546782
S1-271435866	S3-954235644,S2-250032377,S3-396896750
S1-692505446	S2-47507169,S2-803671245,S3-192961101,S3-14833128
S1-817296561	S3-34958459,S3-334684532,S2-515668693,S2-626442896,S2-825411331,S2-73714061,S2-129808717,S2-330354358,S3-114271975
S1-764661743	S2-994247666,S2-214180262,S3-146164444,S3-237618111,S2-4561146,S3-301121837,S2-103055013,S2-479394100,S2-885431155,S3-116730128,S3-709961281,S3-712241391
S1-35940204	S2-486998637,S3-202851446,S3-948185480,S3-42449444
S1-680066644	S3-460900039,S2-190898578
S1-504963508	S3-665015710,S2-490159336,S3-147722031,S2-625323646,S3-380311617,S2-265935427,S2-736070443,S2-222102216,S3-383084835,S3-506875719
S1-729640594	S2-114047614,S3-291302975,S2-963572038,S2-527607167,S2-81817298,S2-113479684,S3-469492274
S1-506661387	S2-102273931,S3-306641517,S3-986199976,S2-326596563,S3-692143012,S3-204791791
S1-512351405	S3-320587601,S2-220754126,S3-148624655,S2-790017477,S3-621527277,S3-787038653,S3-761448671
S1-858875414	S3-351931036,S2-237758731,S2-80433536,S3-578564881,S2-812844806,S2-214403739,S3-768345093,S2-618730261,S2-365404370
S1-579723880	S3-467507999,S3-30072551,S3-668717756,S3-135788905,S3-227254299
S1-112115441	S2-854590117,S2-21598123,S3-537433516
S1-592177001	S2-192317067,S3-265393005,S2-943867552,S3-760904436
S1-560902577	S3-111448735,S3-349741788,S2-607455943,S2-795189618,S2-426066071
S1-176318395	S2-778666286,S3-648174916,S2-370879723,S3-89084344
S1-466246984	S2-447655493,S3-502106197,S2-267110928,S2-268695501,S2-637038762,S3-755219829,S3-895777039,S3-240125071
S1-468229348	S2-431234127,S3-468607763,S2-330621983,S3-447795087
S1-764213266	S2-715030843,S2-907730095,S3-290996730,S2-60192477
S1-614720858	S3-329471054,S3-341294345,S3-163870808,S2-270707557,S3-564427364,S3-737868096,S3-859130198
S1-95258111	S3-613605538,S2-806610170,S2-536858355,S3-741055069,S3-368855791
S1-461149263	S3-644217282,S2-90877986,S3-395277045,S2-474789471,S3-710422914,S2-799759383,S2-217078420,S3-688490368,S3-932530857
S1-51283418	S2-354966495,S3-986011863,S3-712162629,S2-983854562
S1-198452605	S2-8483826,S3-579138498,S2-508644160,S2-533910057,S2-983539760,S3-380421461
S1-489245302	S3-427022297,S3-552506685
S1-758373430	S3-788595237
S1-549917440	S3-923524036,S3-113439608,S3-769130182,S3-100337681
S1-433076844	S2-39484491,S3-785231846,S2-692488714,S3-640777901,S3-122608718,S3-275904767,S3-421117316,S2-507999571,S3-595767439
S1-906194018	S2-723330063,S2-237584031
S1-556628868	S2-420248543,S2-659362482,S3-949064606,S3-967164797,S3-782583551,S3-412556897
S1-381943111	S3-588213677
S1-404750044	S3-367684901,S3-801298700,S2-725736753,S2-407121565,S2-495598229
S1-696511531	S2-930974381,S3-674713810,S2-674870567
S1-923779100	S3-316065024,S2-682298442,S3-27723832,S3-646651142,S2-84057352,S3-126310434,S3-293579778
S1-205089447	S2-315165518,S3-50734001,S3-638081967,S3-627941209
S1-844503100	S3-904344190,S2-649506003,S2-771526917
S1-990063043	S3-770863969,S2-409353844,S3-261623354,S2-42856600,S2-691696379
S1-602513416	S3-297003886,S2-178093487,S2-199069198,S2-119727507,S3-458605763,S2-348384990,S3-20973272
S1-836790066	S3-727390586,S2-446227655,S3-242856364,S2-917555854,S3-996419990
S1-482222548	S3-287264186,S3-928988799,S2-956037509,S2-911928830
S1-432582505	S3-393506277,S3-835930126,S3-921042172,S3-664853176
S1-286136839	S3-218494986,S3-965317580,S2-968500247,S3-832829319
S1-538440384	
S1-771229433	S2-626322606,S2-856638205,S2-488271071,S2-795030560,S2-756726827
S1-368997017	S3-257992048,S3-986953758,S3-541690233,S3-259947126
S1-340893584	S3-686482612,S3-408318177,S3-569789762,S3-819724862,S3-331896363,S3-928296471,S2-312841611
S1-404672925	S3-749036079,S2-445706317,S2-791074066,S3-14705201,S2-666709749,S2-23246439
S1-138478547	S3-871607296,S3-212761873
S1-930038104	S3-434781939,S2-611185875
S1-723976467	S2-176829186,S2-752159383,S2-780296691,S3-410805023,S2-596264967,S2-734764726
S1-87521186	S3-578410654,S2-54068112,S3-33878761,S2-853780032,S2-509498721,S2-168947520,S2-20256600,S3-705076537,S3-502072475,S2-273871849
S1-503923682	S2-499020194,S3-495358901,S2-973913872
S1-717355149	S3-194964745,S2-930299168,S3-315563253
S1-601600475	S3-519159036,S3-631953587,S2-548904694,S2-5979717,S3-741231410,S3-263176928,S3-77101757
S1-11070535	S3-400229257,S2-642604582,S3-318032940,S3-597250720,S3-338832582,S3-776452770,S3-868587327,S3-53979786,S2-651952379
S1-224954471	S2-119033923,S2-63159908,S3-628403958,S3-932130992,S3-9177265,S3-955129343,S3-125580448,S3-241492788,S3-638536285
S1-485300087	S2-962312476,S3-294268281,S3-977377226
S1-14138450	S3-818873020,S3-422740037,S2-142308475,S2-848553541,S3-54275726,S3-922607049,S3-107784082,S3-497122933,S3-244333939
S1-935666548	S2-658711271,S3-51248982,S3-665693467,S3-879333721,S3-321666481,S3-46256915,S3-736571164,S3-659275589,S2-863904965,S2-73380037,S3-467409165,S3-813456188
S1-334998835	S3-466035095,S2-852376923,S3-21849501
S1-730425914	S2-74169164,S2-232311758,S3-887185097,S3-968878706,S3-153055225
S1-185801336	S3-352763488,S2-340147636,S3-705573947,S2-43088106,S2-614083299,S2-428301871
S1-223516773	S3-808625389,S2-492825556,S3-652819075,S2-261492581,S3-495531310,S3-292813020,S3-77979372,S3-62360415
S1-279622943	S3-445009228,S3-984848776,S3-979163649,S3-493627961,S2-571934567,S3-603455484
S1-545785275	S3-594255425,S2-299619383
S1-722216967	S3-68513248,S2-235884088,S3-790858229,S2-464066188,S2-790361565,S2-965776835,S2-110029179,S3-526315397,S3-258676025,S3-800590156,S3-442009444,S3-357609382
S1-979914378	S2-948256914,S3-20311958,S2-261395475,S2-555012836,S3-619488579,S2-705823205,S3-528496276,S3-679422344
S1-894508682	S3-893519965,S3-604666499,S2-539486178,S2-148489526,S3-6524924
S1-14092818	S3-409083690,S2-10601381,S2-729353125,S3-216617670,S2-470658210,S2-378778702,S3-694553632
S1-445647846	S2-905208793,S3-982058387,S2-616077006
S1-753228608	S3-344450589,S3-472957897,S3-122999708,S3-995467230,S2-480542688
S1-672951537	S3-973957082,S3-312126305,S3-714311810,S3-296823027,S3-379756287,S3-222547804,S3-628849792
S1-878594009	S3-372077817,S2-797932770,S3-302828013,S3-722977663,S2-614368364,S2-44549838,S3-584952539
S1-822053664	S2-384797465,S2-486764222,S3-888027435,S2-927776866,S3-730818108,S2-749625383,S3-436304285,S3-380021151,S2-44499555
S1-644601334	S3-208062001,S2-938096718,S3-767712098,S2-922874273,S3-389195991,S3-196888039
S1-471385756	S3-500764805,S2-927418848,S3-175256525,S3-443332371,S3-400800443,S3-957398795,S3-37670630
S1-845005308	S3-819223682,S2-380622452,S3-838794020,S3-283646066,S2-789284445,S3-152149770
S1-398482349	S2-190029432,S3-110025262,S3-262288519,S3-131123049,S3-242076433
S1-806932249	S3-762625423,S2-855141083,S2-747898328,S3-27851535,S3-592352915,S3-666607563,S3-478690364,S3-97976272
S1-441431782	S3-991765770,S2-756631497,S2-98604458,S2-773967280,S3-293501875
S1-829539388	S2-861557258,S2-522862809,S3-465019856,S3-694546782,S3-256940644
S1-132798957	S2-639766726,S3-426420861,S2-277323050,S3-207642374,S3-608678601
S1-846246361	S3-720314631,S3-481142785,S3-995449411
S1-577593167	S3-930397045,S2-906042245,S2-563769138,S3-184350385,S2-219920589,S2-283597025,S3-494102659,S3-391467836,S3-420890569
S1-268701410	S2-580010271,S2-113166276
S1-93073505	S3-239454725,S2-46180043,S2-828825204,S3-263353283,S3-767426742
S1-405003470	S2-565971045,S3-428210811,S3-164633790,S2-966507138,S3-295986946,S3-107949326,S3-782373021,S3-626680055,S3-544776338
S1-902208013	S2-189595336,S2-756469354,S3-452700330,S3-68428101,S2-828640757,S2-998467509,S3-567905568,S3-727756426,S3-815695181,S3-880121091,S3-615774108
S1-994808554	S3-254797126,S2-529554211,S2-648692862,S2-447918531
S1-366359183	S3-468585707,S2-199269122,S3-861364821,S3-509022750,S3-919487516
S1-6238414	S3-965963375,S3-667919990,S3-806312773,S3-75594500,S3-768609986,S3-662331262
S1-756314364	S3-611720679,S3-225162243,S2-478656692,S2-517450002
S1-964928775	S3-671850021,S2-92868702,S2-982146109,S3-887937429
S1-793859523	S3-319701635,S2-840251283,S2-330145606,S2-764179097
S1-307637159	S2-208647420,S3-664234284,S3-444160419
S1-474017693	S2-998316285,S2-775610962,S3-28355896,S3-242203219,S3-63543387,S3-556719170
S1-659686155	S2-33143114,S2-405743521,S3-785424922
S1-752346941	S2-195635793,S2-999775207,S3-161113483,S3-707535431,S3-977195310,S3-892950934
S1-509051261	S2-13646461,S3-101353579,S2-390513821,S3-879004826,S3-352857282,S3-210419385,S3-569953863,S3-200840374
S1-520735140	S2-349282364,S3-514634956,S3-720217342,S3-442734012
S1-466474926	S2-215675946,S2-55965392,S3-983072033
S1-419957713	S2-377201038,S3-912121801
S1-596292677	S3-558353160,S3-881366014,S3-755292149
S1-341444528	S3-975699458,S2-635057893,S2-387779650,S3-237306428,S2-437245266
S1-791446857	S3-564246946,S2-969106992,S2-614598056,S3-948564349,S3-540462703,S3-507748556,S2-954321573
S1-719992533	S2-381704076,S2-141924782,S3-106110670,S2-802689593,S3-967563044,S3-637446866,S3-734426119
S1-665253183	S2-365488023,S3-42960418,S3-390782252,S3-563209255,S3-192138645,S2-250666015
S1-386992303	S3-887773467,S2-14207232,S3-50631976,S3-103810412
S1-245781384	S2-925329494,S3-590323747,S3-373519470,S2-836922979,S2-240556422,S2-497607433,S3-104824031,S2-182434241,S3-626966241,S3-796052009,S2-437612181,S3-305390479
S1-891174204	S3-703463453,S2-668960739,S3-684660639
S1-742834751	S3-406703005,S3-415273034,S3-245681966,S2-518513289,S3-570920787,S3-261329066
S1-546018189	S2-835700944,S3-875490503,S2-678849570,S3-221696586,S3-362903762,S3-271273639,S3-296040490,S3-77573817,S3-67873296,S3-295741432,S3-59282119
S1-598661191	S2-403537082,S2-574290230,S2-428440919,S3-445714565,S3-626683530
S1-790632928	S2-712030935,S3-850697533,S2-188443993,S2-197256016
S1-894102319	S2-121957475,S3-325532371
S1-352766931	S3-552545694,S2-34460171,S3-767591690,S2-69792465,S3-912583234,S2-516713683,S2-165481329
S1-920214574	S3-207575316,S3-222425931,S2-189184914,S2-999633283,S3-150008359
S1-849109470	S3-690668243,S2-849748812,S2-360422995,S3-366970399
S1-480739450	S3-227620393,S3-784799165,S3-413792107,S3-222515111,S2-490036564,S3-842917401,S3-568689762
S1-960044502	S2-264170399,S3-780962194
S1-709010486	S3-415082725,S2-575824978,S3-604000765,S3-164676241,S3-114032329,S3-22876734
S1-706371158	S3-191527684,S2-675988411,S2-54399552,S2-510607126,S3-342662381,S3-594868723
S1-17354660	S2-772062426,S3-24580478,S3-755981928,S3-598719498
S1-297470820	S3-536299997,S3-871823635,S2-626476013,S2-50400365
S1-85339769	S2-103253599,S2-35963393,S3-571647087,S3-144160157,S2-936835236,S3-709217707
S1-206022418	S2-442360013,S2-107417600,S3-350721307,S3-496042082,S3-124754165,S3-829715692,S3-804508388
S1-237053735	S2-750575991,S3-370411909,S3-4190152,S3-392604385
S1-720095411	S2-963362474,S2-837362090,S2-171572933,S2-92573502,S3-809424814
S1-919234374	S2-191862531,S2-803263028,S2-337354821,S3-66271876,S3-407721516,S3-827670572,S3-348579221,S2-161720036,S3-803713160
S1-200457122	S3-539977830,S2-469696213,S3-240745501,S3-855080966
S1-342016542	S2-847628592,S3-262626162,S3-257522414,S3-906363817,S2-446735827,S2-393785022,S3-994433642
S1-74451337	S3-55724258,S3-328279352,S3-404505236,S3-256278255,S2-284600119,S2-337953360
S1-496206698	S3-403880249,S3-940769895,S2-224617614,S3-872786504,S3-601004562
S1-221644755	S2-5206566,S2-257174337,S2-639038838,S3-989382780,S2-358610359,S2-580513537,S2-656758911,S3-259363927,S2-657613896,S3-882180695,S2-301722511,S3-292334990
S1-528914935	S3-237581300,S2-944385858,S3-933560993
S1-146089395	S3-761169465,S3-17734058,S2-805210174,S2-296255555
S1-816171728	S3-420391587,S2-629694491,S3-527494774
S1-480031157	S2-856658161,S3-523230744,S2-441303920
S1-344927419	S2-646151602,S3-143848182,S3-521173413,S3-612387431
S1-694273127	S3-924800591,S2-406209936,S3-168652246,S2-273415180,S2-863758669,S3-599243262,S3-295156969,S3-645199959,S2-296159041,S3-376204461
S1-493690791	S3-755953271,S3-476971691,S3-96139908,S2-719166333,S3-2111946
S1-135095453	S2-340145025,S3-690816376,S3-842348145,S3-996759928
S1-515726247	S3-856958963,S3-435554922,S2-429504058,S2-79621112,S2-569108262,S3-720252678,S2-619575519,S2-210941842,S3-252681988,S3-567128683,S3-641592108,S3-827964974
S1-529688400	S3-752539598
S1-455544422	S2-636372596,S2-875637392,S2-696112056,S3-705120264,S3-323300389
S1-129793455	S2-223976927,S3-134677408,S3-538206848,S3-114958858,S3-846158367,S3-299852195
S1-80737167	S2-805051357,S3-6853372,S3-641313972,S3-578879131,S2-830316146,S3-30884226,S3-897044858
S1-157661829	S3-754851834,S2-223016099,S3-948149132,S2-175271822
S1-507430295	S3-988649067
S1-261752746	S3-247972515,S2-528890486,S2-131301733,S3-614210580,S3-995701824,S2-579443654,S3-351030334,S3-527807506
S1-786364095	S2-213536635,S2-815165254,S2-235670571
S1-522164835	S2-859681376,S3-120439091,S2-164848106
S1-868361855	
S1-283959098	S2-663958828,S3-188532764,S2-387780930,S2-305701944,S3-87851831,S2-293751539,S3-76864
S1-955457768	S2-53645637,S2-681561900,S3-68238256,S3-329894338,S3-195563161
S1-174768827	S2-646101116,S3-883213703,S3-900093039,S2-860067190,S3-223746592,S3-315976210
S1-48512551	S2-888652466,S3-759278777,S3-261580666,S2-589028147,S3-764702564
S1-523906331	S3-491321077
S1-85885709	S3-76028890,S3-689914949,S3-837695694,S3-393154984,S2-390481923,S3-136919152,S3-712188151,S2-117878471,S3-497233165,S3-997964300
S1-144909096	S3-381361587,S2-751115842,S3-769457281,S3-315296867,S3-214899122,S3-807936501,S3-203162059,S3-32969759,S3-426226756
S1-87945427	S2-40492740,S2-917794372,S2-802158960,S3-696934719,S3-651742635,S3-7009830,S2-821995767,S2-129435315
S1-512641035	S2-431811417,S2-32170573,S3-958403571,S2-859709833,S3-407609054,S2-2539673
S1-407045588	S2-810080033,S2-635891105,S3-728186900,S3-661266373,S2-324530998,S2-184488081,S3-564227845,S2-315100794
S1-676232619	S2-764077592,S3-423154707,S3-190715303,S2-317395901,S3-237962676,S3-968862997
S1-543226823	S3-829672724,S3-995595600,S2-69161467,S3-49781165
S1-514793550	S3-819382214,S2-969936204,S2-79346788,S3-626316074,S3-157854606
S1-798054810	S3-907629179,S2-567513663,S3-119542704,S2-139580341,S2-941047798,S3-721708992,S3-247290003,S2-356519426,S3-746070683,S2-34815033,S2-932894480,S3-124535614
S1-983920747	S2-459438917,S3-965164455,S2-807425702,S2-833380298,S2-418815132,S3-815259745,S2-219669618
S1-947894991	S2-567351144,S3-357982995,S2-182830651,S3-949262736,S2-663377957,S3-720572348,S2-83623972,S3-301356052,S3-219973228,S2-915013342,S2-921001448
S1-362725603	S3-187269926,S2-376089608,S3-367668625,S3-3402044,S3-964247863
S1-364539503	S2-981556528,S2-35430158,S3-292579907,S2-418748332,S2-665961700,S3-749637229,S3-567539703
S1-545049680	S3-987583103,S3-382847355,S3-248072781,S2-96398567,S3-413174814,S3-932014676,S3-847723794,S3-442734012
S1-115462219	S2-916836555,S3-515680340,S3-500846678,S3-803735942,S3-419438611,S3-335478529,S3-593615766,S3-110742212,S3-58135554
S1-858745405	S3-286557175,S2-892507512,S2-437283919,S3-639277440,S3-982404498,S2-195614747,S2-591314807
S1-518157877	S2-178138081,S2-401308573,S3-243454345,S3-332840362,S2-121276615,S3-153705118,S2-958093939,S2-693727553,S3-901584436,S3-744868809
S1-137588476	S3-652721359,S3-971355907,S2-411996324,S2-428438335,S3-987582246
S1-463757762	S2-889740456,S2-736932843,S3-498159345,S2-689486848
S1-79256589	S3-572123749,S3-537919996,S2-273856969,S3-210643106,S2-614547580,S2-994586950,S3-34555226,S3-63553901
S1-425730292	S2-324716933,S3-708581340,S2-445789589,S2-788889683,S3-729033514,S3-624627171,S3-313415934,S3-32129027,S2-711156722
S1-109337547	S2-535056866,S3-940253574,S2-737950713,S3-755319827
S1-123390526	S3-516156370,S3-326717212,S2-898289548,S3-618134741,S3-738008487,S3-319641157,S2-190353770,S3-841225821,S3-222863995
S1-824055714	S2-99652913,S2-521409086,S2-161329822
S1-25489844	S3-947050937,S2-401438540,S3-397378286
S1-364395526	S2-597559871,S3-274031561,S3-637046471,S3-7022073
S1-902238082	S2-931698061,S3-485968129,S3-726205405,S3-876093079,S3-823348540,S3-906139296,S2-63436087
S1-728775483	S3-272065020,S2-843130732,S2-655251384,S3-91973498,S3-353607169
S1-607069998	S2-640838871,S2-351416573,S3-460292905
S1-185685599	S3-734042074
S1-469407850	S2-362678902,S2-995730033,S2-339742433,S3-754467128
S1-921202318	S2-233382511,S3-142996795,S3-934220518
S1-767429080	S3-290015591,S3-364116999,S3-648358948,S2-536633999,S2-47966775,S3-972961576,S3-173634711
S1-12860408	S3-432422473,S2-136861501,S3-10746393,S2-921398209,S2-751285558,S2-121558767,S3-953873221,S3-937613338
S1-972281681	S2-131278058,S3-430055076,S3-904899934,S2-267027462,S2-973461869,S2-756904979,S3-230547695,S3-792288065,S3-668161169,S3-605060527,S3-118513983,S3-7404140
S1-735266847	S3-726729408,S3-244415232,S3-800607388
S1-980612311	S3-942475992,S3-45634219,S3-455353501,S3-699848723,S2-707601002,S3-955898427
S1-912025001	S2-339864954,S2-796472242,S2-189751172,S3-158877178,S2-164318410,S3-905460720,S3-917829445,S3-380271385
S1-532677376	S3-893233047,S3-290890347,S3-10434658,S2-770490668,S3-369072173
S1-16778423	S2-727510876,S3-8733584,S3-286760003,S3-975148748,S2-454992218,S3-632409216
S1-771325284	S3-103855424,S2-607403983,S3-48458123,S2-155045238,S3-93881992
S1-921419888	S2-131482973,S3-113161167,S2-703754100,S2-653526271,S2-779866930,S2-152369132
S1-216168424	S3-490374040,S3-562313447,S2-606586684,S2-621117312,S2-357860120,S3-995222576
S1-589448230	S3-883821390,S2-419091114,S3-400915521,S2-997016632,S3-943126814,S2-561402571,S3-432720383,S3-472138365,S2-316977704
S1-300010518	S2-171887140,S3-71613631,S2-313446090,S3-891742805,S2-364562493,S3-405248940,S3-477247113
S1-315773741	S2-166109238,S2-1910042,S2-634349252,S3-389064753,S2-739740709,S3-614919047,S3-784792591
S1-234563019	S3-293361250,S3-986097630,S2-664334744,S2-361109013,S2-813342264,S2-490377799,S3-563866224
S1-111884721	S2-405020736,S2-283095570,S2-908736200,S3-942463674,S2-654884890,S3-620581344
S1-148397285	S3-649265780,S3-364392769,S3-942270686,S3-150403716,S2-944096808,S2-287453774
S1-994372051	S3-719998494,S2-156668429,S2-46411459,S3-506945599,S3-235547487
S1-23049763	S3-770151003,S2-900117366,S3-657645436,S3-12331445,S3-789917821
S1-408448376	S2-401881601,S3-307200552,S3-207137515,S2-29447601,S2-876730108
S1-899263270	S2-928037909,S2-507187744,S3-367825912,S2-287387808,S3-575985281,S3-413255565,S2-578038677,S2-360551595,S3-509683712,S2-448255106,S3-150115675,S2-246102526
S1-736226448	
S1-989476492	S2-799148545,S3-925155321,S3-144384409,S3-660197099,S3-587079,S3-803018949,S3-601856598,S3-774821134,S3-680152432,S2-812974744,S2-983370576,S3-922620341
S1-906978482	S2-683378154,S3-162367446,S3-967562460
S1-138827484	S3-247615093,S2-143060077,S2-958116354,S3-355556240,S2-215258234,S2-223152440,S3-514249640
S1-731985456	S3-74376947,S2-665029662,S2-220224901,S2-650691409
S1-645485963	S2-534616103,S3-447140769
S1-202284194	S3-76510572,S2-26319990,S3-289040604,S2-866649875,S3-121400430,S3-957203440
S1-133059631	S2-75218663,S2-861634611,S3-226459713,S2-257402411,S2-802531187,S3-297918160,S2-244609259,S2-379497383,S3-170341795,S3-712789009,S3-74714164,S3-82595564
S1-263879704	S3-394336000,S2-994476471,S3-811807068,S3-513691990,S3-97524652,S3-104978838,S2-876191140,S3-189270187
S1-540510495	S3-833443217,S3-99321982,S3-300610969,S2-388638661,S3-920302169,S2-62318284
S1-223099677	S3-195389898,S3-315447832,S3-23455709,S3-290238762,S3-715396500,S3-850880746
S1-496689077	S3-540314048,S3-171090498,S2-487216831,S3-926882555
S1-154895521	S3-990116526,S3-565080283,S2-695717415,S2-149249933,S3-556980583,S3-148868780,S3-288061748
S1-369746382	S2-979154640,S3-92158439,S3-121810783,S2-982534037
S1-159842682	S3-193760404,S3-184235186,S2-755019079,S3-857379524
S1-368923675	S3-127956062,S3-524958712
S1-520259823	S3-191281597,S3-404531833
S1-126195038	S3-907476629,S3-124715571,S3-472877862,S3-379877454
S1-715597413	S3-738287105,S2-246264176,S3-320544970,S3-259623034,S3-397439811
S1-358680500	S2-535708160,S3-287251346,S3-314226037,S3-423594423
S1-203399028	S2-582158596,S3-101883444,S3-578677913
S1-597321422	S3-102664913,S3-560899804,S2-359782728,S2-380411268,S2-375532355,S3-635667774,S2-445678219,S3-629639289
S1-124332765	S3-772791977,S3-700421780,S2-297840265,S2-745048892,S3-248368667,S2-323639346
S1-611246116	S2-732807511,S3-824110035,S3-613576438
S1-307551825	S2-865098611,S2-666276489,S3-435712341,S3-177095630,S2-305918576,S2-769230065,S3-759406767,S3-886666763,S2-990367001
S1-268853154	S2-41027209,S3-160825963,S3-538146367,S3-652015011,S3-32348066
S1-47816941	S2-429349314,S2-724663999,S3-421826461,S2-380135232,S3-728874283,S3-15757361,S3-605951662,S3-557799727,S2-733154625,S2-314112220,S2-485745456
S1-47932965	S2-74933225,S3-687986924,S2-659237775,S2-11401308
S1-291502356	S2-740192821,S3-989459565,S3-763465123
S1-286927640	S2-459183197,S3-365772883
S1-579685513	S3-831141787,S3-473220243,S3-790884876,S3-346575443,S3-659018621,S2-130667560,S3-221383243
S1-211852688	S3-575120050,S3-558358087,S2-409029798,S2-100417197
S1-654709304	S2-491113613,S2-156301882,S2-471750458
S1-325809657	S2-549310627,S2-895257519,S3-869707210,S3-601512985,S3-394156851,S2-365483730
S1-376568209	
S1-496098059	S3-56146113,S2-893825665,S2-244750966,S3-47516707,S3-316084996,S3-876159015
S1-784506101	S3-97514576,S3-869579396,S2-472939732,S2-869982091,S2-266667757,S2-689490605,S3-196639452
S1-327224780	S2-792806823,S3-188057924,S3-604575571
S1-699788250	S2-810480808,S3-720627906,S3-311261498
S1-391253290	S3-336531380,S2-743912490,S3-500433495,S3-941733493
S1-499115364	S2-365966773,S3-103791562,S3-156286454
S1-140416757	S2-233897751,S2-259411114,S3-701116638
S1-766125764	S2-318843650,S3-527126355,S3-828975636,S3-548591242,S3-522122617,S3-403514543,S2-47378568,S3-936041706,S3-435752294
S1-436787367	S2-567084665,S3-858263057,S2-166500510,S2-360247270,S3-757281473,S3-224935847,S2-584258266,S3-337186313
S1-322100097	S2-363479695
S1-232235719	S3-921566621,S3-827610284,S3-873020488,S2-664206562,S2-234056331,S3-476709476,S2-804672661
S1-466932884	S2-1148157,S3-991285948
S1-945913770	S3-587336801,S2-312943204,S3-456687856,S3-125375311
S1-686289719	S2-952373044,S3-258910753,S2-220963469,S2-634020216
S1-674689717	S3-764127969,S2-660276084,S3-492734531,S3-821455281,S2-683345007,S3-466120077,S3-663769125
S1-756464396	S3-405835731,S2-781128722,S2-741573720,S3-62544123,S3-612989132
S1-482836789	S3-606724111,S3-39134487,S2-248458214,S2-998494337,S2-2802891,S3-20327154
S1-134613307	S3-760356066,S2-643312095,S3-250717324,S2-427302601,S3-297351397,S2-128078559,S2-295148235,S3-833741510,S2-502569390,S3-474479080,S2-864701148
S1-938119193	S2-193927476,S3-280922530,S3-20928796,S3-486293358
S1-596435578	S3-640564732,S2-787439597,S3-442645594,S3-606389377,S3-308910444
S1-875620074	S2-250408281,S2-324358272,S3-705616762,S2-977143374,S3-430122144,S3-848000721,S3-73899476
S1-749343801	S2-605037224,S3-399589476,S3-848437777,S3-227965382,S2-55373141,S3-767408101
S1-142422071	S2-247257895,S2-507751773,S3-394622737
S1-338104702	S3-781888791,S2-580567330,S2-505015334,S3-238800745
S1-795790708	S3-543301719,S2-441218957,S3-413603451,S3-370124747,S3-737454163
S1-165531885	S2-11084721,S3-182838921,S3-144265539,S3-140853294,S2-402865461,S3-433002560,S3-892767733,S2-497041850,S2-171771360,S3-97976012,S3-67393771,S2-359908940
S1-921178995	S3-106673835,S2-710635205,S2-846115528,S3-960715614,S3-576643711
S1-933916141	S2-174026165,S3-357482075,S3-28436016
S1-288038566	S3-271155887,S2-587755475,S3-511164799,S2-97189316,S2-982002217,S2-352043793,S3-482865504,S2-499619847,S3-238615773,S2-325532055
S1-755953137	S2-950197002,S2-616166105,S3-35966922,S3-169875969,S2-408092564,S3-658924002
S1-70958628	S3-459708625,S2-529867786,S2-4917684,S2-294755807,S3-276875799,S3-279878110
S1-135923305	S3-904018520,S2-65776189,S2-819689127
S1-950261834	S3-323356278,S3-82382534,S2-540901610,S2-811005991
S1-313675213	S3-211377562,S3-105470890,S2-406354100,S3-116065514,S2-353084939,S3-437619403
S1-729776029	S2-768534492,S3-13330574,S3-451853864,S2-382217182,S3-839963574,S3-41517093,S2-312245801,S3-238404781,S3-358130526
S1-440308377	S3-285020599,S2-875223259,S3-605908068,S3-507911807,S2-267885906,S3-903479081
S1-135093715	S2-583902356,S3-211720075,S2-25669536,S2-303492205,S2-766253161,S3-556298839,S2-315710218,S2-669175355,S3-12220556,S2-580922785,S3-245866542,S3-486432515
S1-140724023	S2-282712119,S2-583765676
S1-324500508	S3-668977460,S2-664593966,S3-701284529,S2-240304666,S2-133127638,S2-109444987,S3-907003800,S3-833007117,S3-909722792,S3-379439459
S1-266157276	S2-950260453,S2-904951614,S2-246365340,S3-104433023,S2-233199036,S3-193461759,S3-36923915,S2-755398105,S3-845445437,S2-301328117,S3-6065678,S3-217401287
S1-375057456	S3-271136571,S2-666230758,S2-679136499,S3-446279890,S2-607259381,S3-856745773
S1-162834928	S2-889436274,S3-754772066,S2-339689877,S2-32026478,S3-187183824,S3-118496705,S3-767559852,S3-148982916,S3-488391237,S3-502801957
S1-584566498	S3-597419870,S3-265426937,S2-662265888,S3-754793117,S3-687908631
S1-230965192	S2-937157298,S3-141062110,S3-504210993,S3-572850676
S1-451740526	S3-579018171,S3-523617432,S2-212795970,S2-433383986,S3-716359204,S3-83239518,S3-862302910,S3-158360984
S1-363573023	S3-637826096,S3-356545562,S2-28087375,S2-863226347,S3-693934072,S3-807488111,S3-10490943
S1-156325420	S2-850027628,S3-330507013,S3-906178081,S2-111255337,S3-502156194,S3-969295735
S1-969928283	S3-628845060,S3-75666826,S3-499228290,S3-388201791,S3-387572318,S3-170756696,S2-573384568
S1-753299456	S2-210002640,S2-93020296,S3-33118333,S2-82192355,S2-205375861,S3-183053326,S3-933336746,S2-495453429
S1-436178603	S2-73113244,S2-148905481,S3-342413978,S2-488892841,S3-122672076
S1-694464022	S2-754866280,S3-319267856,S2-779123945,S3-191850646,S3-318123719
S1-995082794	S3-387127262,S2-639347002,S2-613789101,S3-165750270,S3-860931682
S1-729572536	S2-132790784,S3-776337273,S2-952111057,S2-964856135
S1-392620983	S2-287337430,S2-113640704,S3-831263102,S3-383633552
S1-125048720	S3-20896592,S2-725133288,S2-535044533,S3-384356071,S3-555669473
S1-296042107	S3-164224363,S3-547452636,S2-201323374,S2-280442145,S2-644236984,S2-33048849
S1-636676213	S3-457469538,S2-181345410,S3-253693045,S3-129395542,S3-222668114,S3-245883856,S3-558336086
S1-836006563	S3-704534203,S2-742681055,S3-960008183,S2-137621197,S3-617012505
S1-851013510	S2-902398501,S3-711102708
S1-300907290	S2-413908882,S3-372872099,S2-52178755,S2-850329461,S3-111999389,S3-592757244
S1-705434653	S2-840839384,S2-7442368,S3-566296041,S2-336915125,S3-734296731,S2-92373841,S2-807259507,S2-502749719,S2-927950224,S2-721040357,S3-416645643,S2-118617520
S1-47708004	S3-993348809,S2-958196405
S1-723990027	S3-566522919,S3-858910269,S3-951453776,S2-80585996,S2-901825183
S1-185674426	S2-340506575,S3-59990268,S3-612188244,S3-56007729
S1-329411816	S3-431577082,S2-520409227,S3-598778192,S3-966295807,S2-792381114,S3-631979341
S1-391326997	S2-959525530,S3-424231316
S1-257594323	S3-578661030
S1-476761841	S3-445280704,S3-82709312,S3-743439822,S2-784769615,S3-610980454,S2-259924352
S1-118898408	S2-951828412,S3-245402673,S3-166540338,S3-578771943,S3-649382795
S1-690642520	S3-728573430,S2-666573523,S3-318123719,S3-312047543,S2-208489122,S3-524425019,S3-300315166,S3-404076731,S3-101949597
S1-912354350	S2-172866855,S3-892430510,S3-170130520,S2-737056409,S3-35252590
S1-760807611	S2-916336876,S3-896243298,S3-534106935,S2-241009481
S1-3451502	S3-438928643,S3-138038746,S2-115311753,S3-856517945,S2-617537556
S1-138370844	S3-242389992,S2-92299195
S1-715139010	S3-728276072,S2-537436856,S2-276038254,S3-201552972,S3-167954879,S3-445633739,S3-781860655,S3-400743025,S3-137150523,S3-888065588
S1-642388936	S2-48219931,S3-514904739,S3-353743343,S2-105921060
S1-642098189	S2-452134441,S3-453317705,S3-585976888,S2-594310263,S3-575202493,S3-282025746
S1-178781732	S3-544309635,S3-666209074,S3-806597187,S3-526408436,S3-392753303,S3-384676630
S1-134490951	S2-599569681,S2-159514749
S1-916661478	S3-735310038,S2-793688207,S2-668557783,S3-200515144,S2-958164049,S2-499367507
S1-548828341	S3-520752725,S2-206712058
S1-220644173	S2-458597660,S3-212098943
S1-917813586	S2-119896864,S2-760606310,S2-142778923,S2-816594264,S3-517001163,S2-593942670,S3-863350209,S2-765811556,S2-282294167,S2-628755752,S3-789951045
S1-334615101	S2-774672928,S3-637468945,S2-324394246
S1-398777202	S3-318578594,S3-202898373,S2-632529058,S3-757108703,S2-829214407
S1-884570033	S2-168671268,S3-654867340,S3-966372270,S3-711063605,S3-888486732
S1-896343162	S2-633450338,S3-776468547,S3-874583925,S2-472027234,S3-471012901,S3-981199561,S2-473431426,S3-824115737,S2-183241823,S3-329469925,S2-422772499
S1-830510566	S3-113699440,S3-427282617,S2-323077587,S3-240804942,S3-455706698,S2-340587347,S3-644519371,S3-392165607,S3-370667513,S3-306139886,S3-315773131,S3-88655472
S1-412303137	S2-812488810,S2-648336835,S2-585631834,S3-984023046,S2-28175635,S3-948738313
S1-879244325	S3-931678974,S2-969143348,S3-180347146,S2-986316430,S3-971364807
S1-26669939	S2-97290454,S2-2022967,S2-152514917
S1-523623712	S3-320357906,S2-606183125,S2-217055214
S1-114817494	S3-864581427,S2-538250683,S2-732708451,S3-631650366,S3-855834293,S2-409804907,S3-578939128,S3-734535674,S3-133179384
S1-953811344	S2-74724395,S2-79940971,S3-99515690,S3-725489932
S1-171697990	S3-139972710,S3-215458084,S3-710833073,S2-516282122,S2-99475866,S2-347274099,S2-393603212,S3-154852030
S1-900723294	S2-317883177,S3-557836778,S3-289485804,S2-592074432,S3-182772002,S2-847595120,S2-679801857,S3-602949857
S1-273790206	S3-506875719,S3-920396993,S2-222102216,S3-502233052,S2-625323646,S2-490159336,S3-665015710,S3-380311617,S2-736070443,S2-265935427
S1-874326791	S3-601528034,S3-668448878,S3-342039463,S2-643789600,S2-159678835,S3-954877847,S3-809581015
S1-541895637	S2-986272858,S2-614369143,S3-320370257,S2-157015816,S3-723953951
S1-992292111	S2-272975171,S3-653879311,S3-981726181,S3-642071999
S1-405727846	S2-409258520,S2-462239057,S3-197774527,S3-762413122
S1-939119929	S3-541387309,S2-440172163,S2-25908703,S3-142548861,S3-405578360
S1-752189286	S3-608743166,S3-515405389,S3-114118265,S3-845141608,S3-911710795,S3-157665853,S2-503842392,S2-777601753,S3-728031095,S3-276183506,S2-794096195
S1-385100932	S3-690757774,S2-972806648,S3-215464564,S3-217145582,S2-861860930
S1-650300948	S3-13076777,S2-111387147,S3-626692093,S3-306036485
S1-709387778	S2-211862919,S3-626325268,S3-196545252,S3-590972438
S1-534808931	S3-692557429,S2-29563910
S1-844655582	S2-714729117,S2-674737013,S3-615545248,S3-137374956,S2-269974891,S3-202354711,S3-714796002
S1-257938219	S3-863895954,S2-324961942,S2-679474013,S2-137015096,S3-524905562
S1-136523152	S2-39742303,S2-472301595,S3-784883996,S3-575254926,S3-357986594,S3-479675761,S2-534022869,S3-455441946,S3-52278835
S1-882706313	S2-925616016,S2-495036401,S3-839394955,S3-253602381,S3-910479436,S3-631948751,S3-259610023,S3-296820008
S1-827992938	S3-388987368,S2-286304771,S2-809133353,S2-283417989,S2-78832301,S2-50153450,S2-695804097,S2-888686100,S2-348444522,S3-463998814,S3-217158747,S3-283781833
S1-691317102	S2-400084634,S2-48611670,S2-566286114,S3-654242244
S1-836371090	S3-122473954,S3-789264820,S3-56065297,S2-54540617,S2-586094401
S1-221746081	S3-920626144,S2-250088244,S2-905195398,S2-738369622
S1-82245348	S3-330745006,S3-429395540,S2-94332574,S3-669905223
S1-142161772	S2-360247270,S2-602505119,S2-378677627,S3-343363230
S1-509743655	S3-677425116,S3-428125324,S2-794343126,S3-720926494,S2-500582025
S1-431491543	S3-959992183
S1-678028031	S3-91685815,S2-818095858,S2-260142602
S1-339636253	S3-978053734,S2-399164100,S2-500060568,S3-955591235
S1-722388260	S3-951585513,S2-487358591,S3-677908715,S3-995776098,S3-506443726,S3-518968091,S3-663571128,S3-591762907,S3-537405732,S3-677624364
S1-381834790	S2-963387748,S3-740265075,S2-59493351,S3-400806934,S2-499647220,S3-511022123
S1-905839561	S3-720498341,S2-657855090,S3-973091067,S3-962612808,S2-902331575,S3-557079015,S2-132102635,S3-209460860
S1-66022802	S2-49043536,S2-446383952,S3-367792405,S3-974862911
S1-379467828	S3-248881277,S3-96917554,S3-196089129
S1-202720377	S3-181803970
S1-673774205	S2-691133951,S3-359156490,S3-196743369,S3-347001133,S3-414568925
S1-83847809	S2-454166178,S3-493186270,S3-822483708
S1-931581151	S3-937298347,S3-804012467,S3-564135681,S2-754307455,S2-934893477
S1-134709463	S3-579665716,S2-706230288,S3-431948073,S2-857642437,S3-695763874,S2-383347773,S2-469086806
S1-391587463	S3-139395765,S3-834039399
S1-502249603	S3-106297035,S3-828928778
S1-582570780	S2-282602369,S2-522770971
S1-95170548	S3-294307650,S3-739449656,S2-88049000,S2-639313521,S3-348805754,S3-318261077
S1-142009328	S2-116099209,S3-144020889,S3-457509594
S1-782484968	S3-82369266,S3-684713360,S3-660105462,S3-239261742,S2-183519676,S3-78165810,S3-81326589
S1-247223474	S2-201014642,S3-355004361,S3-522456212,S2-260863583,S3-766116383
S1-256929524	S3-516220235,S3-408800916,S2-803272563,S3-61761176,S3-613736248,S3-628583777
S1-915253420	S3-314525425,S2-980904143,S2-372715207,S3-749327118
S1-575956824	S3-595281205,S3-290814839,S3-23038360,S2-296195329,S3-853956014,S3-202470928,S3-234111408,S3-660554740
S1-81497059	S2-695277373,S2-991377086,S3-405033559,S2-39332664,S3-76600095,S3-332356915,S3-475605020
S1-268327252	S3-860020749,S3-658363132,S2-338003862
S1-573816059	S3-873198257,S3-476352763,S3-248253624,S3-630381327,S3-428562811
S1-243941136	S2-597523671,S3-297534354,S2-378602808,S2-124408873
S1-844697209	S2-761204473,S3-503217096,S2-13713294,S3-728596327,S2-114497875,S2-858776592,S2-209949959,S3-99133847
S1-321551949	S2-278965322
S1-183243459	S2-937808328,S3-67868154,S3-817768082
S1-820808705	S2-831610120,S2-38050719,S3-173864716,S2-599331595,S2-687209241,S3-148560844
S1-621626314	S2-684132617,S3-201567557,S2-89776215,S2-316248660,S3-21339966,S3-711066894,S3-257352368
S1-386938687	S3-274145506,S2-96078551,S3-226809724,S2-882830493,S2-115051762,S3-795325043,S3-875035311
S1-562896615	S2-357691161,S3-809089731,S3-976151679,S3-237822330,S3-542674484
S1-660309957	S2-161663365,S3-609942367,S2-619306520,S3-423919271,S2-649485156,S3-306793049,S2-232247702,S3-23337835
S1-628954350	S3-96487388,S3-343116377,S3-479569840,S3-83176494,S3-923001682
S1-907554680	S3-190087117,S3-635180204,S3-10337711,S3-860431279,S3-138252579,S3-335780594
S1-572701622	S3-954768186,S2-299316512,S2-280057605,S3-423194972,S2-710882877
S1-718425399	S3-543651093,S3-315320706,S3-444890660,S2-94445937,S2-262311509,S3-40909766,S2-224783907,S2-298435547,S2-528167422,S3-238110054
S1-947031003	S3-45822038,S2-784976506,S3-427017643,S3-299196591,S2-377515530,S3-44150057,S3-437992726,S3-462283732,S3-44648676
S1-448528038	S2-397500520,S2-310413386,S3-510835252,S3-190632592,S3-789035578,S3-569444627,S2-938311432,S3-762676609
S1-852369769	S2-490769611,S3-748482051,S3-3547579
S1-832864884	S3-294543770,S2-133392936,S2-924276721,S2-298023988,S3-745566315,S2-97588083,S3-481442848
S1-80434643	S3-44729614,S2-464537998,S3-738497961
S1-80097856	S2-294305060,S2-433177518,S3-762843339,S3-981103228,S3-589030035,S3-283295935
S1-672847947	S3-759350005,S2-779881016,S2-818696088,S2-65826139,S2-381499403,S3-506489432,S3-776026726,S3-991915148
S1-630680290	S3-762732526,S2-487358292,S3-742308033,S2-218877308,S3-622555809,S3-556410157,S2-604225837,S3-438070244
S1-767148697	S2-960275019,S3-14224302,S3-229669792,S2-724550146,S2-606743458,S2-593087473,S3-648599061
S1-207100282	S2-166405655,S2-103256684,S2-485885664,S3-868021923,S3-456456992,S2-847491780
S1-843631400	S3-336381022,S2-323523276,S2-40865058,S3-425285575,S2-244065775
S1-45462210	S2-110971249,S2-210859797,S2-3559692,S2-712610182
S1-72961522	S3-994418297,S2-887963417,S3-854618703,S3-179513574,S3-160593498,S3-232617169
S1-299383539	S2-978819285,S2-555800574,S2-71377638,S3-203771783,S2-40563954
S1-815408747	S2-505007099,S3-518729904,S3-175270672,S3-593848256
S1-42863930	S3-39924843,S3-189697413,S2-58084543,S3-976346249,S2-811861404,S2-634690990
S1-256571029	S3-421790500,S3-669706178,S3-788035603,S2-455528913,S3-792186623,S3-703785765,S3-212275543,S3-329196593
S1-844689282	S2-536703765,S2-522176663,S3-534046048
S1-752708594	S2-202650813,S2-517440052,S3-759714694
S1-147771848	S3-841573495,S3-27508911,S3-480155673,S3-360016210,S2-686271008,S3-136399105,S3-855219024
S1-979424596	S3-290186554,S3-479843774,S3-714266142,S3-844110579,S3-651638186,S2-622893128,S2-77026436
S1-760877380	S3-928636214,S2-162999115,S3-62201811,S3-309142571,S3-267139518,S3-254064139,S2-906125433,S3-186707964
S1-948327428	S2-636806554,S3-580764629,S3-603445039
S1-444849747	S2-7969253,S2-502895284,S2-807653117,S3-164456301
S1-740330429	S2-52207580,S3-448398993,S3-513673749
S1-684896331	S3-835959725,S2-92557268,S3-647759869,S3-269911286
S1-122672786	S3-573095739,S2-926094193,S2-126635359,S2-778782674,S2-662408836,S3-539836448,S3-986395570,S3-980696982
S1-205324136	S3-192176936,S2-907323757,S2-59325873,S2-296276573,S2-261719325,S3-963162801
S1-337172904	S3-998288464,S3-962281837,S3-456575828,S3-168675928
S1-505443595	S3-729284578,S3-193546461,S2-66525054,S3-480399203,S3-124365356
S1-293336602	S3-263919819,S3-398057532,S2-975558116,S2-752550687,S2-117144941,S2-682550699,S3-908128803
S1-636233813	S3-222543568,S2-945450619,S2-308550055,S3-832829604,S3-914119353
S1-367963662	S2-352060562,S2-48894209,S3-208713073,S3-336946382,S3-60661861
S1-650718621	S2-110401854,S3-214413701,S3-509673423,S3-341408548,S3-223113487
S1-304829517	S3-134555278,S2-497078847,S2-702142845,S2-55324728,S3-898885893
S1-43391818	S3-503208971,S2-528067963,S2-576544922,S2-224669570,S3-389486020
S1-116008194	S3-828190171,S2-207839521,S3-515453031,S3-678039871,S3-138700713,S2-746184401,S2-334277567,S3-638689165,S3-629352395
S1-157818775	S3-812469920,S2-434306918,S2-481697043,S2-57619444,S2-383789128,S3-115167996,S3-218039464
S1-298304405	S3-802469067,S3-942792538,S2-798777315,S3-316782301
S1-368781945	S2-728747974,S2-443084125,S3-229442503,S3-863124452,S3-747370401,S3-136217647,S3-184143588
S1-68038975	S2-669198747,S3-865258442,S3-482968410
S1-797838166	S2-165764444,S3-154480463,S3-733303492
S1-326036722	S3-918064032
S1-778184632	S3-104803082,S3-518775888,S2-380708134,S3-195735075
S1-790532572	S2-946664743,S2-468480359,S3-117995589,S3-954014668,S3-490762921,S3-722123078
S1-786668092	S3-695010188,S2-443109090,S3-685916044,S3-253675212
S1-46875231	S3-589952801
S1-522918601	S3-424945723,S2-564644812,S2-413690693,S2-177179712,S2-79238024
S1-403684044	S3-823489664,S3-697028275,S2-921007449
S1-314969791	S2-868936884,S3-434597398,S2-830372681,S3-76455275,S2-334672035,S3-407919503,S2-600609496
S1-455606706	S2-6529923,S2-413303155,S3-546338986,S3-960293864,S2-436609732
S1-353446842	
S1-871133878	S3-346394143,S3-376273871,S2-886351048,S2-316727359
S1-146511786	S2-734866555,S3-11453637,S3-42465134,S3-409652301,S3-83993354,S3-156773622,S2-404656931,S2-82508904
S1-834917075	S3-285506798,S3-631788649,S3-185420631,S3-229283052,S3-310942868,S2-892931460
S1-849922888	S3-42887938,S2-128366336,S3-811179978,S3-888411515,S2-581307532
S1-671456596	S3-343521898,S2-722146809,S2-378842473,S3-132304368
S1-711402399	S3-120709243,S2-648595052
S1-596929849	S2-283056361,S3-891011393,S2-308180837,S2-417649089,S3-881265753,S3-609213939
S1-713556676	S3-186356226,S3-47441436,S3-307229732,S2-285949105,S3-710479246
S1-378493732	S3-242812008,S2-243547856,S2-527931820
S1-838375925	S3-845600080,S3-369652752,S2-66601234,S2-418045428,S3-721487802,S3-891308687,S3-53979786,S3-392216192
S1-750534997	S3-515247982,S3-5378427,S3-114110455,S3-447126534,S3-746567199,S2-288944844
S1-673547645	S2-690697986,S3-719544480,S3-87999177,S3-54305411,S2-753911971,S3-500079351,S2-782106875,S3-921579163,S2-522227886,S2-247313488,S3-719290692,S3-231657430
S1-950523436	S3-497178690,S3-204024853,S3-344063206,S2-43941247,S3-930522625
S1-368406761	S2-9945394,S3-579407274,S3-610161424
S1-288737300	S3-864635344,S2-667730416,S2-157047615,S2-602212633,S2-465044607,S3-335810972,S3-395663790
S1-661510943	S2-195864941,S2-386126980,S2-967187857,S2-471187561,S3-583667215,S3-49589109,S3-584215097
S1-627466719	S3-599812286,S2-41944733,S3-411270614,S2-922455579,S3-922607049,S3-497122933,S3-107784082
S1-38370948	S3-11233027,S2-448479134,S2-817553346,S3-291113150
S1-72803112	S2-281367610,S2-263479074,S3-849751132,S2-269371032,S3-334287304,S2-611170945,S3-631698991
S1-822578442	S2-541654450,S2-768452336,S2-308119769,S2-514546017
S1-843356707	S3-889801629,S2-207962958,S2-412135726,S3-41459327,S2-367078639,S2-621017561,S3-843494867
S1-806513366	S3-155866570,S2-877696852,S3-289160519
S1-28223978	S2-130717710,S3-382180483,S3-761015685,S3-787175450
S1-507236383	S3-161055185,S3-945583958,S2-401135252,S2-533972199,S3-467529610,S2-728554947,S2-76372458,S3-779845357,S3-343472259,S3-795938646,S3-262884940,S3-943687623
S1-402350910	S2-25917883,S3-419817786,S3-463998814,S3-749283249,S3-797787937,S3-28397650
S1-619561260	S3-217659063,S3-875563511,S3-657249826,S2-147803369,S2-514690381
S1-746904512	S2-510138110
S1-697001389	S3-277348645,S2-465696781,S3-911339835,S3-980033774,S3-371466177,S3-481784616,S3-662317139,S2-292955098,S2-926295565
S1-182991716	S2-826843327,S3-957181127,S3-862743836,S3-354380922,S3-481222242,S3-149000590,S3-548040141,S3-770020615,S3-364854539,S3-646082203
S1-724814824	S2-644686778,S2-681089458,S3-414831995,S3-114837104,S2-46995416,S3-440529090,S2-179080020,S2-362890211,S3-2377372,S3-50463135,S3-527861485,S3-493543393
S1-495177795	S2-340058245,S3-855586438,S3-50472216,S2-92036014,S3-519058806,S3-473312774,S3-437424962
S1-690333710	S2-191284279,S3-774418476,S3-751014251,S3-867294280
S1-46180691	S2-446393257,S3-175500573,S2-607743845,S3-101357275,S3-264124938,S3-839580614
S1-218412355	S2-509695044,S2-386672858,S3-358007758,S2-939762699,S3-634089131,S2-297921286,S2-353899339,S3-263632429,S3-783617048
S1-6122656	S3-159831392,S3-984919444,S2-5936328,S3-4786940,S3-412498770,S3-479316430,S2-161491565,S2-344472758,S3-863227857,S3-595363739,S3-675159676
S1-985270816	S2-584439188,S2-140261915,S3-377476900,S3-406072493,S3-198472765,S3-948390258
S1-570837900	S3-485874395,S2-278336754,S2-249793129,S3-880469517
S1-926715955	S2-623468712,S2-344706735,S3-666357441,S3-734495674,S2-215311973,S2-62467571
S1-468679034	S3-214806607
S1-375449969	S3-11956941,S2-941319128,S2-487358591,S3-951585513,S3-506443726,S3-677624364,S3-591762907
S1-966478025	S3-99944617,S2-442969573,S3-113929569,S2-333359572,S3-412918643
S1-362666094	S2-514262906,S3-995577801,S3-420231174,S2-837157181,S3-183866540,S3-606957658,S3-218584289,S3-545425019
S1-109568226	S2-993797895,S3-529064130,S3-733642234,S2-961046338,S3-904653638,S3-976151679
S1-521084238	S3-33482441,S2-686541467,S2-370263167,S2-581134771
S1-811720404	S2-391778385,S3-629472785,S2-670864247,S2-677904535,S2-117575210,S2-441434316,S3-620782319,S3-553167694,S3-156708348,S2-253517957,S3-929451701,S3-727541126
S1-463047539	S3-104597244,S3-666452801,S3-461890877,S3-131760651,S3-442563097
S1-764566513	
S1-302526742	S3-368424506,S2-778393758
S1-179766595	S3-193141493,S2-313153182,S2-532119883,S2-230355689,S3-49267262,S2-821755197,S2-799515128,S2-691070864,S2-592317706,S3-303027097,S3-458461738
S1-354978764	S3-519302516,S3-54195057,S3-785041541,S3-576780733,S2-494838481,S2-522227199,S3-407773443
S1-503557758	S3-393196133,S3-918792993,S2-524756685,S2-400001660,S3-64974183
S1-819382749	S3-248565566,S3-461273850,S2-435671247,S3-464167113,S2-180240678,S2-502920840,S2-812117977,S2-861505888,S2-53659223,S3-153347953,S3-509790196,S2-22737378
S1-825688315	S2-481988763,S3-675901996,S3-947026663,S3-781542709,S2-69919869,S3-275873463,S2-331293707,S2-315938879,S2-973496009
S1-467898222	S2-586832852,S3-493856780,S3-94991327,S2-329811473,S2-777797068,S3-9126587,S3-130065206
S1-253476995	S2-781557582,S3-908810000,S2-16082537,S2-175934028,S3-144243451,S3-901151637
S1-636742281	
S1-121995391	S2-132252009,S3-964555676,S3-553716627,S3-439383575
S1-937864177	S2-390826003,S3-264437472,S2-727991072,S3-897020170,S3-734619085
S1-328683438	S2-977910114,S3-674128656,S2-161814071,S2-961442750,S3-357692889,S3-903613033,S3-547707148
S1-620828745	S2-650221580,S2-167030545,S2-377195906,S2-726115549,S2-438430544,S3-476591487,S3-672110259
S1-472777549	S3-788373309,S3-349355121,S2-845785346,S2-908546283,S3-66449906
S1-711312150	S2-895279656,S3-182157016,S2-751586388,S2-205582716,S2-181400486,S3-58134407
S1-382021800	S2-57140058,S3-507135291,S3-348819289
S1-542866596	S2-893618633,S3-225538998,S3-926866834,S2-417865592,S3-537651734,S3-185525014,S3-313760860
S1-231948043	S3-509114494,S3-913025009,S2-998355687,S3-269788941,S3-651907386,S2-192822457
S1-769638072	S3-204371903,S3-213047010,S2-606943159,S2-925073989
S1-546553491	S3-346364321,S2-631662926,S2-83460396,S2-799230955,S3-259363957
S1-222149161	S2-143837548,S2-80650542,S3-347006338,S3-247513275,S2-90433641,S2-742998920
S1-139292762	S3-190259649,S3-845194489,S2-148446800,S3-691607875,S3-577390977,S2-991548074
S1-71202675	S3-736807744,S3-23723093,S2-259925614,S2-767429382,S2-499363911
S1-938740267	S3-941592113,S2-628054430,S3-315542170
S1-348337847	S3-174181433,S2-33355814,S3-444999879,S2-160066328,S3-561013288,S2-171539566,S2-62287675
S1-398965843	S3-195204471
S1-733890471	S3-254009643,S3-264937619,S2-51341173,S2-804418661,S3-628857887,S3-432226107,S3-559026911,S3-677608948,S2-619102714,S3-540008373
S1-433700183	S3-811895287,S2-387132626,S2-306511392,S3-241333375,S2-251996972,S3-42692552,S2-739651063,S3-712471946,S3-398535106
S1-622350498	S3-998502286,S2-970322517,S3-505241127,S3-493653375,S3-140466565
S1-810104453	S2-965953289,S2-187878708,S3-353923102,S3-774154430,S2-957844375,S3-98779750,S2-895789920,S3-242600077
S1-967346082	S3-166281242,S3-649345746,S2-420446077,S3-855584199,S3-119825180
S1-451349018	S2-507873765,S2-995019586,S3-831575180,S2-732157012
S1-102591376	
S1-778558783	S3-727016487
S1-263013338	S3-968662611,S3-200395902,S2-720552771,S3-657731468
S1-67196186	S3-550696721,S2-619196161,S2-668921751,S3-640990720,S3-997911800,S3-75363829
S1-987075442	S2-892303652,S3-76982709
S1-429683251	S3-853331556,S3-390785988,S2-30351897,S2-698845279,S2-413870009,S2-246440930,S3-832739953,S3-694220678,S2-446115426,S3-263601902,S2-206965850,S2-863250733
S1-10247221	S2-105396919,S3-768403353,S3-86491719,S2-220235898
S1-195793069	S3-800954910,S2-72224852,S3-118377166,S2-672439348
S1-408251699	S2-66038196,S3-539774336,S3-179629366,S3-625829364
S1-165330444	S3-517189677,S2-415452056,S2-97425789
S1-267556750	S3-746170287,S2-759068144,S2-436087257
S1-3476395	S2-936114799,S2-589331781,S3-911352887,S3-266745869
S1-23258646	S2-556633544,S2-906812225,S3-37154918,S3-767073881
S1-599405869	S3-37992269,S2-835556522,S3-240643524,S2-773146864,S3-548711648,S3-463502514
S1-767710455	S3-702590719,S3-882152434,S2-500409476,S2-719202996,S2-931095725,S3-958087056,S3-992251055,S3-989437191,S3-75818632,S3-854838154
S1-287686350	S2-987054662,S2-166291212,S3-813336729,S3-369611972,S3-66357945
S1-311252365	S3-179085969,S2-924426291,S3-741449440,S3-94489142,S3-659076637,S3-356196806,S3-365746313,S3-56901528
S1-339798496	S2-925564330,S2-192240518,S3-568319851,S2-360974678,S2-261675260,S2-502535733,S2-195123713,S3-788549915,S3-556537145,S3-736026526,S3-687211625,S3-796803226
S1-166362678	S3-304916218,S2-431975675,S2-388216488,S2-478514401,S3-535423594
S1-998469640	S2-772801025,S3-424673417,S2-399165321,S2-486001002,S3-56365821
S1-852453805	S2-893756768,S3-640830352,S3-635278643,S2-476466526
S1-217007810	S3-276194092
S1-488978026	S3-329753461,S2-696241165,S3-27143085,S3-971679943,S3-7172471,S2-655462204,S3-572863374,S3-937227121
S1-84953186	S3-679638391,S3-150054012
S1-182946327	S3-610949071,S3-302443325,S2-424617137,S3-705592439,S3-313429140,S2-598904256,S3-965783347
S1-715046990	S3-130013424,S2-127887491,S2-415187431,S3-791424516
S1-965242780	S2-983332873,S2-381705311,S3-419382611,S3-487975406
S1-41876707	S2-881205110,S2-248785526,S3-6620397,S2-928611501,S3-70505447,S3-807961799
S1-990186195	S3-60143466,S2-28635937,S2-463143977,S3-137339288,S3-910858224,S2-460405575,S3-747078583,S2-108613305,S3-430448606
S1-199094190	S3-930916680,S2-801707898,S3-506373343,S3-713158043,S3-837765838,S3-99654317,S2-31461297,S2-96902116,S3-888445971,S2-330131795,S3-195083332
S1-445796644	S3-655294380,S2-437869428,S2-739720382,S2-567491910,S3-782244676,S3-474910159
S1-611650099	S2-835092187,S3-943031857,S3-63061407,S3-109191598
S1-428076601	S3-370996808,S2-138775441,S2-824910156,S2-721308650,S3-70405654,S3-679695905,S3-226794081,S2-245403320,S3-166064742,S3-512346917
S1-928916565	S2-256877087,S3-658494867,S2-781580050,S2-441699988,S2-17629979
S1-85685223	S2-361390619,S2-380552146,S2-208066672,S2-107310623,S3-27720293,S3-524425997,S2-984663439,S3-842832389,S3-452599769
S1-150194208	S3-621620849
S1-756808036	S3-147883976,S3-896883031,S3-947088059,S2-821286701,S3-636918284
S1-710438769	S2-809363182,S2-211585007,S3-784470946,S3-43984514
S1-602105361	S3-678269517,S2-123258128,S2-337327828,S3-176171806,S3-464956195
S1-93992936	S2-443803122,S3-969462333,S3-969021322,S3-30008965,S3-270280902,S2-655747723,S2-760992701,S3-749380913,S3-152024040
S1-927965078	S2-849065160,S3-783901687,S3-985475483,S2-699022504,S2-451831297,S3-42394741,S3-10406885
S1-461131804	S3-100689332,S2-75630121,S3-470209258,S3-104286086,S3-410084207,S3-531749122,S3-354948461
S1-167227541	S3-60912985,S3-597048745
S1-201153713	S3-836481975,S3-995900143,S3-661929703,S2-668279350,S3-306814815,S2-317030886,S3-376021264,S3-855160501
S1-378069246	S3-339037723,S2-918248027,S3-830477590,S2-388562193
S1-149540943	S3-84309879,S3-669388357,S2-728907172,S3-104142624,S3-27373161,S3-593023791,S3-957236094,S3-875312494,S3-39277092,S3-239117068
S1-972889360	S3-183379856,S3-662725084,S2-348085194,S2-872931522,S2-201610228,S3-613814289
S1-749422914	S3-205585871,S2-946146735,S2-595157531,S3-869062683,S2-730240758,S3-64817323,S2-212694394,S3-742520005
S1-335937229	S3-259984122,S3-562895256,S2-413523309,S2-663381226,S2-407097215,S2-170479827,S2-761140554
S1-360667069	S2-572644279,S3-619664681,S3-294174551,S3-59747719
S1-228427526	S3-689276857,S2-123997276,S2-306531271,S2-292378896,S2-893680957,S2-552457932,S3-250791399,S3-942438718,S3-198680281,S3-318083994
S1-861387696	S2-309167440,S3-823905094,S3-688816710,S2-788609649,S2-608251931
S1-102658512	S2-363170529,S2-317741729,S3-765874918,S3-616311753,S3-507916451,S2-101915335
S1-834869871	S3-3701308,S2-152925847,S2-873296415,S3-821539055,S3-1394331
S1-237119427	S2-252911651,S3-608095137,S3-714628492,S2-39978238
S1-349711453	S3-65572191,S3-468739496,S2-572011349,S3-414341749,S2-418540354,S2-899467716,S2-318403795
S1-338897603	S3-528884143,S2-659515197,S3-151207378,S3-253693045
S1-166466976	S3-427415911,S2-646971343
S1-830563247	S2-67994519,S3-398591560,S2-580498043,S2-558763595,S3-451819026,S3-732306100,S3-645935434,S3-686575683,S2-506500466,S3-803136549
S1-577166333	S3-388447550,S2-245893217,S3-396310113
S1-407231731	S2-60106674,S2-315126933,S2-749357047,S2-224748157,S3-215001079,S3-39244716
S1-238218370	S2-629541851
S1-928775361	S2-650679776,S2-208425404,S3-496570857,S3-660191284,S2-618601567
S1-849221592	S3-411416652,S2-84014151,S3-435870044,S3-538369761,S3-14340153
S1-665265760	S3-798092775,S2-287375618,S3-874461814,S3-205318346
S1-927225187	S2-836694764,S2-583585414,S2-66928307,S3-616437099,S3-782738487,S2-326790733
S1-463934647	S2-732610050,S2-300947425,S2-494597738,S3-109017596,S3-694798634
S1-889298729	S2-86299998,S3-809331536,S2-15799015,S3-93646178,S3-818256819,S3-183538485,S3-960048687,S3-459088225
S1-213643201	S3-445069219,S3-417109852,S3-695389987,S3-155486819,S3-256040900,S3-744026214
S1-144465782	S2-323009907,S2-279070809,S3-552943228,S2-329137381,S2-556295304,S3-174126325,S3-134793277
S1-38997759	S2-885184486,S3-289724992,S3-740246391,S3-419532405
S1-14704316	S3-576569296,S2-340008312,S2-273896680,S2-405051758,S3-545105297,S3-776309889
S1-50584855	S2-248174994,S2-992249466,S3-788710318,S2-219530671
S1-601671248	S3-496540613,S2-86527376,S2-516375486,S3-549544298,S2-425844473,S2-636449003,S3-458380018,S3-902787506,S3-404119201,S3-735516358,S3-645116711,S3-627458566
S1-905699466	S2-481842186,S3-128520348,S3-148714718,S3-827004835,S2-363526913,S3-321590353,S3-532768675,S3-321525087
S1-825196174	S2-549628565,S2-772162713,S2-253376881,S3-807664179
S1-983465852	S2-830919254,S2-667935815,S2-27303318,S3-489996211,S2-905865808,S3-262350850
S1-978514969	S3-692610282,S3-152571144,S3-391941528,S2-349082865,S3-661590787,S2-622195447,S2-5460784,S2-816129607,S3-471935170
S1-20540281	S2-362090823,S3-604700761,S2-153182059,S3-205565594,S3-607886307,S3-710269750,S2-348420285
S1-144435363	S3-767016057,S2-860689400,S2-989832050,S2-463646495,S2-765907422
S1-50736415	S2-989060549,S3-128260763,S3-601182734,S3-828345492,S3-24166631,S3-375854807,S2-677799451
S1-291500107	S3-845885868,S2-642159839,S3-817590582,S3-851556151,S2-994245282
S1-457680693	S2-741657173,S2-238643035,S2-873450796,S3-40933242,S3-613715123,S3-331580325
S1-293231790	S3-934449827,S3-12860955
S1-356033035	S2-461468577,S3-417376715,S3-485485636,S3-771400871
S1-916540073	S3-914739540,S2-412574388,S3-481600338,S3-240591062,S3-706391292,S2-37794807
S1-770155268	S2-359066343,S3-887018886,S3-114365773,S2-784331137,S3-79450716,S3-57970064
S1-220314003	S2-968110047,S3-697325466,S2-900440831,S3-144491758
S1-291013438	S3-925603060,S3-998867924,S3-41539172,S2-472958096
S1-189714104	S2-775675608,S3-723611776,S2-915548844,S2-372650762,S3-71415872,S3-888320666,S3-346216723
S1-672245343	S3-432554847,S2-738039642,S2-746978205,S3-836920712,S3-347972930
S1-121954868	S3-839405406,S3-908657467,S3-418397859
S1-281360726	S2-651716205,S3-460564667,S2-188698727,S2-344508114
S1-778270859	S3-11305916,S2-355706602,S2-580029511,S3-285647910,S3-658204484
S1-615079539	S3-897631684,S3-558088492,S3-326305716,S2-75101367,S2-325682689,S3-576060769,S3-200820039,S3-173169604,S3-301007971
S1-892898911	S3-816972635,S2-514791574,S3-811545907,S3-405687821
S1-414564780	S3-456673674,S2-431622958,S2-462372179,S3-506658728,S3-872850803
S1-342747046	S2-842232732,S3-308910444,S3-803659477,S3-240243816
S1-830572019	S2-505761869,S3-462183307,S2-511049696,S2-16338785,S2-969377953,S3-862540449,S3-694166128,S3-14985122,S2-481204500,S2-918913089,S3-116739130
S1-444873089	S3-757076766,S2-457908209,S3-487641206,S3-481510534,S2-465647827
S1-743571973	S3-260841253,S2-828392624,S3-24120995,S2-391843503,S2-545117280,S2-668940978,S2-471434053,S3-332266772
S1-35950749	S3-59053491,S3-250260408,S2-994535017,S3-185470526,S3-644853857,S3-33433876,S3-604062801,S3-715833062,S3-482909347
S1-729595047	S3-885690418,S2-307263892,S2-863933094,S3-969582106
S1-892522678	S2-778611812,S3-90750206,S3-431358172,S3-608592938,S2-446258097,S3-387571591,S2-164902416,S2-848045009
S1-315450938	S3-516756297,S3-808813305
S1-401969347	S3-514811458
S1-964454626	S2-802019702,S3-451547390,S3-723478812,S3-659760727,S3-247793183
S1-65284204	S3-574632068,S2-363676145,S3-481017764
S1-87975200	S3-256177903,S2-417201936,S3-633905715,S3-981597528,S3-375276505,S3-450440933,S2-112552974,S3-322194904,S2-41578227,S2-953313634,S3-465194400
S1-675867588	S3-337933932,S2-795872120,S3-781387640,S3-754403649,S3-987591748,S3-93631942,S2-678799554,S2-419834252,S3-150729261,S2-630726155
S1-618993124	S2-810806013,S2-223430598,S3-303537039,S3-319643798,S3-592958803,S3-978262156,S3-278462205
S1-161423539	S3-269963160,S3-987554434,S3-431631190,S3-780182827,S3-375643157,S2-543425674,S2-268145542,S3-146613444
S1-984522319	S3-292436552,S2-817357885,S2-704092829,S3-754728863,S2-178557528,S3-940193004
S1-351148898	S2-265681233,S2-483185064,S3-665136749,S3-165896325
S1-340421092	S2-855841658,S3-423387486,S2-450515540,S3-301799552,S2-765527191,S2-67323327,S2-793918884,S3-742473044,S3-988489186,S3-748323575
S1-648845759	S3-166905186,S2-612703246,S2-137534379,S2-986054887
S1-873323666	S2-627786925,S3-560903697,S3-224235900,S2-799347484,S2-663972131,S3-162078063,S3-607692605
S1-161020835	S3-643705581,S3-915575172,S3-265187030,S3-944441361,S3-743879028
S1-728204731	S2-241375907,S2-361911780,S3-762875991,S3-506093345
S1-772903182	S3-502635865,S3-560076913,S2-133015287,S2-431472269,S3-7806980,S3-131333143
S1-615586271	S3-575840555,S3-503581605,S2-668866960,S2-817439826,S2-599139292,S2-833293045
S1-324469367	S2-791427628,S2-678406002,S3-843208066,S3-877419118,S2-845398965,S3-190671561,S3-534595188
S1-126296226	S2-391754005
S1-657988206	S3-453412892,S3-385985258,S2-323583280,S3-345943155,S2-568330954
S1-602631834	S2-31261597,S2-466847916,S3-365444370,S3-433903210,S3-253107824
S1-557090751	S2-472005123,S3-16116478,S3-714586359,S3-919683801
S1-996843508	S3-293306870,S2-63904839,S2-739227916,S2-334691282,S3-995974573,S3-312333920,S3-330425334,S2-419067481
S1-909256958	S2-796747936,S3-243584910,S2-334935414,S2-982201747,S2-784769615,S3-620091300,S3-103863810
S1-44782096	S2-876470092,S2-799174019,S2-995892840,S2-446942839,S3-945011555
S1-75705614	S3-766545783,S3-93861522
S1-610071935	S3-472305327,S3-539573910,S3-485687025,S2-382503237,S3-834430840,S3-375633647,S3-24687198,S3-727936818,S3-33999977
S1-573173914	S3-843479480,S2-960055302,S2-164750533,S2-613556006,S3-649009994,S2-536891413,S2-495467128,S3-533389697
S1-706988482	S3-591937007,S2-447918531,S2-902800711,S3-254797126,S2-25019361
S1-116986033	S2-39586224,S2-97233596,S2-995401989
S1-355607553	S2-853904314,S3-240934561,S2-463542600,S3-495192081,S3-786111395,S2-898228887,S2-634297344,S3-264863933
S1-467159752	S3-117165299,S3-686285309,S2-717940613,S3-572491653
S1-102210761	S3-450820732,S2-178440983,S2-697862931,S3-844057651
S1-221745918	S3-602274559,S3-238073348,S2-605670866,S2-955784425,S2-133122861,S3-470875046,S3-874665759,S2-326321313,S2-642094351
S1-480700951	S2-940398744,S3-570119025,S3-878079470,S3-709508919,S3-183316918,S3-167954879,S2-605178110,S2-827791554,S3-842348145
S1-665988679	S2-301034592,S3-848472315,S3-527469974,S3-112360084,S2-193535799
S1-697880618	S2-42814534,S2-472764383,S2-179421930,S2-274638724,S3-519609427,S3-545822621
S1-956400995	S2-182878754,S2-454056181,S3-624937892
S1-442917217	S3-888151465,S3-895289532,S2-365472795,S3-246574619,S3-60198304
S1-572343325	S2-97151188,S3-439338161,S3-650097649,S3-870101432,S3-269803733
S1-255726285	S2-123113010,S2-482935897,S3-131048203,S3-350138743,S2-133156822
S1-525275455	S3-517148236,S2-449986963,S3-883840781,S3-960557095,S3-338794531,S3-171502133,S2-21397775,S2-562277746,S2-693956077
S1-997359558	S2-636581784,S3-177979790,S3-127983826,S2-978686626,S2-989932214
S1-727461245	S3-844049544,S2-492391725,S3-835225705,S3-135833977,S3-326467871
S1-356564967	S3-951966211,S3-217571683,S2-620916970,S3-480709499,S3-592842608,S3-118739031
S1-669203496	S3-38061563,S2-417521576,S3-735905963,S2-349247574,S3-61792210
S1-724107607	S3-176739379,S3-451851561,S2-802861416,S2-601714991,S3-67766432,S3-801874745
S1-350185739	S3-78689457,S2-14341064,S3-481534948
S1-36990634	S3-40432034,S3-84977415,S2-465583113,S2-296324625,S3-563131472,S3-725466572
S1-943789757	S3-2355636,S2-943492647,S2-481065100,S3-318573687,S2-159086920
S1-919608117	S3-845727583,S3-587057783,S3-194651016,S2-68940651,S2-838675013,S3-961609722,S3-108640774,S3-602269352,S3-313756403
S1-466098074	S2-374040328,S2-983103926,S3-126676171,S2-510204235,S3-869623376
S1-651978573	S3-185385281,S3-932240464,S3-890990463
S1-744730791	S3-694647646,S3-125847200,S3-114191596,S2-359382565,S2-395899247,S2-369607025
S1-112444395	S3-988758733,S2-606281055,S3-999465965,S2-774236957,S2-279556818,S3-461298964,S2-702630892,S3-457743513,S2-997378068,S3-970725622
S1-876696344	S2-716304001,S3-335032580
S1-647492977	S3-314828618,S2-168859482,S2-986357695,S2-689219902,S2-163779205
S1-134376821	S3-816440669
S1-319887616	S2-981581597,S2-795282078,S3-100375528,S3-144622576,S3-905788998,S3-782442049,S3-870394876,S2-978592074
S1-780215909	S3-830105128,S3-319016756,S3-136482374
S1-885562590	S3-268090654,S3-648811436,S2-39015198,S2-675254970,S3-212161791,S3-620928020,S3-693738295,S3-91653672,S3-749334968,S3-18461356,S3-473833574
S1-71748065	S3-73680888,S2-334670183,S3-598533474,S2-769769095,S3-561804346,S2-63984521,S2-809425106
S1-97445184	S3-325361517,S3-441146922,S3-903717005,S3-314705854
S1-278125193	S3-784998738,S3-110592573,S3-369099167,S3-27987846,S3-775691997,S2-946753393
S1-177990498	S3-393662546,S3-625731661,S2-742718152,S3-568679364,S3-692500087
S1-77038658	S2-586518255,S2-262322693,S2-375479329,S3-190500733
S1-384313938	S3-47999765,S2-726702511,S2-253218237
S1-721506377	S2-507752398,S3-727380971,S2-735967352,S3-778545748,S3-205755002,S2-912079716
S1-34626583	S2-782263881,S3-756412698,S2-228130134,S2-63674165,S2-754583522,S2-368678234,S3-675232033,S3-556960082,S3-50159128,S2-548703883,S3-637106046
S1-779138365	S3-835680271,S3-92493138,S2-748164135,S2-14797958,S3-584943369,S2-652478613,S3-700018939
S1-801761012	S3-665619305,S2-541399709,S2-931286459,S2-636743065,S2-873714589,S3-917672752
S1-969442202	S2-840631878,S3-973673701,S3-888017808,S3-913478780,S2-797188760,S3-66220381
S1-897390499	S3-660554740,S3-512853695,S3-234111408,S3-202470928,S3-803334530,S3-647932055,S3-945520874
S1-543508449	S3-114976352,S2-535728093,S3-276553647,S3-807670462,S2-475265159,S2-79515942,S3-290843394
S1-383049751	S2-766827754,S3-798566525,S3-587737363,S3-234889610,S3-852389417,S3-603012967
S1-780195821	S3-915535089,S2-851528621,S2-14730472,S3-160445316,S3-297983683,S3-900428001,S3-373663135,S2-620419409,S3-53532041
S1-866332833	S3-886612823,S3-956344315,S3-175935304
S1-862409169	S2-918343092,S3-633056078,S3-356944233,S3-338044397
S1-12503272	S3-635278966,S3-530204399,S2-767036718,S2-894575779,S3-861166558
S1-150323284	S2-470357193,S2-889968668,S2-628123544,S3-639835203,S3-225538998
S1-534334122	S3-216209582,S2-895663659,S3-666619501
S1-980795897	S3-206205767,S3-849792604,S3-366174917
S1-25523454	S2-70156451,S3-512167310,S3-167825705,S3-660144114,S2-253636046,S3-906959469,S3-923168350
S1-118011049	S2-710097999,S3-813255182,S3-615489231,S3-76838235,S3-103936628
S1-115638035	S2-712113752,S2-20557385,S3-756632323,S3-372354393,S3-123717524
S1-52818132	S2-856699930,S2-77481693,S3-909304066,S3-147126314,S3-818859826,S2-863995546,S2-792777892
S1-30487580	S3-586458317,S2-50486265,S3-50327305,S3-463718872,S2-891244112
S1-314610222	S3-623178174,S2-686049903
S1-730390737	S3-287362771,S2-864177043,S2-720520413,S3-736909945
S1-251101901	S2-831315558,S3-480576228,S2-429294098,S3-866596086,S3-893676514,S3-294252837
S1-857808287	S2-515860578,S3-547812816,S2-516352121,S2-750931579
S1-360614957	S3-104079519,S2-307051771,S3-184405909
S1-227620000	S3-392041939,S3-963883397,S2-962375033,S3-203615470,S2-853858587,S3-825343267,S3-917619040,S3-354370561
S1-371212450	S3-688122278,S2-354020395
S1-942160839	S2-277036946,S2-761762959,S3-236282309,S3-856404539
S1-827132214	S3-383429226,S2-621407819,S3-955605367
S1-965295153	S2-273760114,S3-369050406,S3-660736711,S2-289958032,S3-321070239
S1-585151953	S2-768571753,S3-690090468,S3-628723825,S3-590836537
S1-159551067	S3-787049014,S2-108325871,S3-144958504,S2-155788408,S2-219154236,S2-761111773,S2-496745361,S2-257660503,S3-787554825,S3-914119353
S1-926866464	S2-611434835,S2-485302446,S3-69362122,S3-710725362,S3-939692049,S3-849458252,S3-339729637
S1-929540178	S3-340153690,S3-679951757,S3-266862713,S3-956579331
S1-549967274	S2-677321681,S3-630926963,S3-233173674
S1-125793725	S3-187479676,S3-573268397,S2-918151272,S2-916765308
S1-774044960	S2-647636548,S2-546632449,S3-850916958,S3-190057902,S3-209738548
S1-256075457	S2-194856470,S3-647431309
S1-861491014	S2-713808282,S3-860376448,S2-38563760,S3-773018015
S1-126833044	S2-354579710,S3-310792279,S3-872869779,S3-41928323,S2-283114096
S1-358835839	S3-526182468,S2-172292472,S2-815680760,S2-836664827,S3-988597259,S3-977612507
S1-475998257	S2-578143369,S2-464251188
S1-597037856	S3-687034568,S2-453879625
S1-51522717	
S1-587536734	S3-704010071,S3-89091942,S2-250601162,S2-998751491,S3-589403189,S3-629443774,S3-202778063,S3-644397155,S3-242145823,S3-959234198
S1-705122534	S2-173703604,S3-966313488,S3-845510973,S3-858248543,S3-478050301,S3-401913881
S1-353922251	S3-908824660,S3-455316714,S3-282563098,S2-672103909,S3-23382658,S2-359959770,S3-560818246
S1-545322720	S3-348145920,S2-580501652,S2-878953796,S3-283359244
S1-256658280	S3-109643549,S3-354879160,S2-274720096,S2-330952769,S3-856153385,S3-100872887,S3-80406531
S1-583038274	S3-404129402,S3-407442545,S3-76399916,S3-83854453,S3-446831870,S3-491809693
S1-534608834	S3-774461305,S2-363678991,S2-484694019,S3-485840509,S2-841376175,S2-530964843,S2-714739755,S2-152684961,S2-885483460
S1-480923211	S3-987516270,S2-482962281,S3-733704179,S3-515242872,S3-997907480
S1-648517423	S3-175017468,S2-538323852,S3-269737675,S3-314683705,S3-878689999,S2-750695321
S1-608545916	S3-929891817,S2-297422494,S2-86537276,S3-947888756,S3-258835286,S3-492425340,S3-398557537,S3-935253697,S3-543951610
S1-311971797	S3-901133137,S2-394473452,S3-857647528,S2-875840364,S3-52486238,S3-142796138,S3-852389417,S3-91021268,S3-850685435
S1-800127473	S2-420467577,S3-286218391,S3-901949591,S2-95100926,S3-919760526,S3-64251137
S1-666190916	S2-745044423,S2-134009340,S3-923125110,S2-919406907
S1-858235014	S3-346342077,S2-244423901
S1-957382025	S3-791038707,S3-260576158,S3-674949009,S3-287940082,S3-215034008,S3-77279423
S1-222271550	S2-99504789,S2-489864958,S3-545443640,S2-530642566,S2-872101634,S2-74993571
S1-108052044	S2-428357438,S2-145303756,S2-228915312,S3-290297840,S2-820003878
S1-966661525	S3-736869465
S1-413625482	S2-105055254,S2-889593306,S3-653169885,S3-889400379
S1-625538325	S2-719896481,S3-575250466,S2-661227209,S3-433322239
S1-44021060	S3-522852202,S3-654552941,S2-828484639,S3-385469303
S1-374598287	S3-644161778,S3-338279888,S2-548682507,S3-520525177
S1-275020999	S2-285724518,S2-199008963,S2-140786502,S3-566743437,S3-913700339
S1-854082275	S2-424679875,S2-173127305
S1-666533226	S2-982634892,S3-438070244,S3-424411616,S3-682024219
S1-907245373	S3-677832090,S3-969939323,S2-914700102,S3-666880704,S3-648550321
S1-840277466	S3-925502673,S2-871699007,S2-944345385,S3-331831017,S3-60613193
S1-249880640	S3-654497612,S3-907716503
S1-93165722	S3-644906499,S2-381031902,S2-846738843
S1-304946876	S3-802366319,S3-60872666,S2-819188195,S3-565233604
S1-742387092	S2-932898596,S3-731196239,S3-216779199,S3-925351878,S2-74632872,S2-109173707,S2-994008302,S2-505772766,S3-352246333
S1-450715896	S3-715881771,S2-146028322,S2-135354960,S3-134411031
S1-471689092	S3-971640526,S3-389435218,S3-876462189,S2-500525662,S3-145532678
S1-125158658	S3-687689544,S2-357089174
S1-975695640	S2-23967346,S3-534371937,S3-872717851,S2-883835488,S2-812368090,S3-415388595,S3-652292989
S1-135488988	S3-9159452,S3-280027428
S1-656809210	S3-156633600,S3-291299508
S1-579931409	S3-654757128,S2-995566906,S2-348329109,S3-16510382
S1-425736546	S2-113680187,S3-572137524,S3-190779988,S2-731006959,S3-820790285,S2-811952056,S3-544565665,S3-29583699,S3-465722984,S3-559069881
S1-815504831	S3-693009030,S3-374077135,S3-529011689,S2-712347425,S3-387805828,S2-411138624
S1-358101625	S3-523905583,S2-344583861,S2-55361169,S2-747994134,S3-991740628
S1-519375023	S3-14470085,S3-394549155
S1-570353712	S2-381555828,S3-636419234,S3-5930165,S3-506901964
S1-359062606	S3-148049363,S2-105880703,S3-607735472,S2-433859290
S1-793193237	S2-288654687,S3-261196032,S2-199338295,S3-438620492,S3-535696914,S2-997516337
S1-558633219	S2-886500015,S2-578208126,S2-500907701,S3-177049673
S1-749634376	S3-378187692,S2-923835425,S2-472767140,S2-637879668,S2-375516067
S1-531399945	S2-24068754,S2-945421543
S1-521961890	S3-120364374,S3-604750931,S2-386255317,S2-885787694,S3-652120046,S3-395405879,S3-819966836,S2-305657520,S3-834259355,S2-954701541,S3-498596234
S1-864603032	S2-907990332,S3-170724879,S2-459910399,S3-618053330
S1-119084313	S2-451981983,S3-744988582
S1-406335030	S2-493073882,S3-219506045,S2-653501971,S2-433950289
S1-975450278	S3-494877074,S2-848155339,S3-606654979,S3-467919915,S3-489441711
S1-416676479	S3-33821228,S2-809181822,S3-751246640,S3-750343361,S3-145769973,S3-843425361,S2-174781145
S1-79386872	S3-17617510,S3-344672493,S2-852678343,S3-930629798,S2-556643921
S1-614137678	S3-781877283,S3-458905555,S3-655842707,S3-132284691,S3-942085895,S2-306003600,S2-848400900
S1-301965038	S3-714683083,S2-892944234,S2-740894191,S3-155037840,S3-336232772,S3-21610539
S1-634438544	S2-587241365,S2-227376613,S2-609416297,S3-16200796,S3-711373708,S2-569616882
S1-765653626	S3-251386004
S1-215112765	S2-500924104,S3-737723815,S3-2130946,S2-91352147,S3-258024642,S2-247678626,S3-79450716
S1-22215563	S3-996980271,S2-799043621,S2-881870969
S1-307106499	S3-272597226,S3-31273907,S2-712029492
S1-365183900	S3-529321327,S2-84982822,S3-659565498,S3-262486092
S1-377316001	S3-904209559,S3-37645270,S2-812903039,S2-928400436,S2-598464910,S2-863218438,S3-87684828
S1-879889290	S2-412949810,S3-59547065,S3-992458454
S1-474974644	S3-199452919,S2-170085686,S3-699908419,S2-150939714,S3-127788425,S3-938648566
S1-167103077	S2-290609960,S3-45560007,S2-390090351,S2-78629729,S3-862360486,S3-636435149,S3-926902728
S1-774333700	S2-223763840,S3-852059475,S2-250852741,S2-793709370,S3-457340323,S3-980296792
S1-436848075	S2-751691506,S2-61565773,S2-588646401,S3-510838686
S1-776900976	S3-956019234,S2-224038240,S3-306812927,S3-607487050,S3-906541055
S1-48793301	S2-537450188,S2-645335092,S3-60920677,S2-104955092,S2-267556958
S1-482425062	S3-554984121,S2-161132706,S3-540671043,S3-481067873,S2-728413369
S1-205107818	S3-730154190,S2-60438859,S2-554436115,S3-741871097,S3-463354691,S3-191213390,S3-271292172
S1-398344516	S2-707273779,S2-573846057,S2-422955802,S3-836983903,S3-507465009,S2-588856689,S3-169927937,S3-603696292
S1-418634867	S2-185259273,S3-717378994,S3-706913787,S2-848278829,S2-411007051,S3-437738197,S3-75403286,S3-500321629,S3-16787652,S3-427375131,S3-635681792
S1-578895902	S3-401674756,S3-761424161,S3-705827534,S3-830509812,S2-682908714,S3-234932092
S1-620227268	S3-345196228,S2-576020680,S3-425981296,S2-861362559,S3-200636750,S2-402969014,S3-158509587,S2-202014612
S1-588905458	S2-333911884,S3-303751677,S2-414300570,S3-190176399,S3-314882963,S3-111795694
S1-859598540	S2-983725383,S3-765384535,S2-690252959
S1-559286847	S3-824032525,S3-649526099,S2-191894884,S3-596027112,S2-741679120,S3-938319915
S1-418316665	S3-592650488,S2-423249250,S2-143902543,S3-230356237
S1-569816311	S2-557044566,S3-93046036,S3-659060235,S2-306375299,S2-510211625
S1-805109305	S3-310835770,S2-643884514,S3-922085779,S3-492817702
S1-355908744	S3-324015661,S3-820128847,S2-861169836,S2-254941368,S2-878757459,S2-545806021
S1-809112267	S2-905171970,S3-514348506,S3-368018360,S3-726358130,S3-549844857,S3-662510558
S1-992140848	S2-758211104,S3-782103370,S2-90592422,S3-635167110,S3-266072898,S2-807551849
S1-844508533	S2-416660227,S3-432964203,S2-394089587,S2-214491227,S3-630443533,S2-602752430,S3-135754131,S2-50706156,S3-447707098,S2-72158213,S3-753439801,S2-84237440
S1-765791804	S3-889830059,S3-440006005,S3-473171329,S3-646052161,S3-75629681,S2-251910715,S3-444758189
S1-721086531	S3-982879967,S2-58514256,S3-723759456,S3-806646929
S1-530796983	S2-581751889,S2-411697926,S3-832418446,S2-106541052
S1-517448592	S2-228998917,S3-902041997,S3-212858601
S1-253780118	S2-46795435,S3-72715526,S2-143399012,S2-367700253,S3-454536396,S2-96909613,S3-609195733,S3-287940082
S1-386792322	S3-227795211,S2-444703784,S3-780564300
S1-541085376	S3-604446900,S3-472551340,S3-978909795
S1-70203086	S3-104842819,S2-101570918,S2-833533305,S3-295168292,S3-237705060
S1-539461624	S3-788329811,S2-782491685,S3-813102703
S1-654002776	S2-871945355,S2-559541038,S2-882749278,S2-990707899,S2-431457906,S3-133542743,S2-769314489,S3-359330860,S2-297937183,S3-482622768,S2-174718329,S3-176546458
S1-631534874	S2-305801463,S3-520175018,S3-959026536,S2-852113017
S1-134705568	S3-828609794,S3-965187357,S3-458220044,S3-265931699,S2-666550248,S2-164607702,S2-335104520
S1-73368268	S2-703936658,S2-620157193,S3-57998374
S1-565751368	S3-108199727,S3-102841670,S3-364871616,S3-235762435,S2-8432159
S1-440145108	S2-962648063,S3-499592320,S3-876961818,S3-302490090,S3-230855149,S3-393417958,S3-903623648,S3-437049298,S3-630493414,S3-362229161,S3-769193006
S1-963778836	S2-187857703,S3-175043647,S3-516404326,S2-468208429,S3-230686827,S2-952687909,S3-392897157
S1-418086913	S2-278191623,S2-206913814
S1-716887466	S3-675018258,S2-939953308,S2-871720593
S1-201835238	S3-275579293,S3-700663615,S3-104914569,S2-875231154,S3-968483033
S1-895832316	S2-505570506,S3-580697367,S2-105927183,S3-47892108,S3-684038034
S1-164142248	S3-895430586,S2-694346373,S3-595660733,S2-394633934,S3-861071282
S1-993406391	S3-576065547,S2-257919130,S2-840600900,S3-147500874,S3-885567389,S3-98415975,S2-848553541
S1-310688134	S2-473568329,S2-915785137
S1-980993559	S3-510080114,S2-123186965,S2-973400776
S1-951036935	S3-80657539,S3-912173515,S3-24804612,S2-854900438
S1-159386268	S2-917795454,S3-315562558,S3-898668792,S2-545802406,S3-923438489,S2-90296424
S1-665444217	S3-273176556,S2-716605362,S2-198605168,S3-119495075,S3-179970137,S2-538453366,S3-237791245
S1-750186243	S2-95550173,S3-611877021,S2-534286746,S2-440314463,S2-903532549,S2-447274633
S1-882875459	S3-139362603,S3-39371670,S3-573208819,S2-115615348,S2-710440432,S2-990286967,S3-131788238,S2-290724983,S2-742318950
S1-734488090	S2-102784139,S3-712633276,S2-801617626,S3-942078160,S2-12240061,S3-161419538,S3-522200738,S2-548952735,S2-351858332,S3-350891701,S3-953134656,S2-426936124
S1-796321012	S3-283630799,S2-734426162
S1-477197813	S3-985502540,S3-449999594,S3-632557841,S2-352820666,S2-898711695,S2-211900259
S1-145923871	S3-486263945,S3-141477639,S3-778715637,S2-769121261,S3-972395018,S2-390818270,S3-760700348,S2-145812030
S1-296929452	S3-138546876,S3-471715956,S3-221477315,S2-600861429,S3-568114658,S3-663891367
S1-888106791	S2-349292149,S2-157917950,S3-302486615,S2-309471136,S3-810775048,S3-988851396,S3-22616862
S1-293823865	S2-638075696,S3-277758100,S3-241896687,S3-989335324,S3-447687454
S1-66078912	S3-305070303,S2-361539280,S3-153596629,S3-995201849,S2-443135267,S3-548380723
S1-450504764	S3-934868624,S3-174541486,S3-867413417,S3-58987076,S3-795295953,S3-729825582
S1-810021788	S2-357299508,S2-15202753,S3-629912653
S1-287822162	S3-514881414,S3-845247695,S2-290087304,S3-852476329,S3-552792355
S1-576216190	S3-987120114,S3-55525049,S2-447832504,S2-532953807
S1-696846817	S2-78645733,S3-520652559,S3-537860148,S3-210780327,S3-884593869,S2-110845346,S2-587969813,S3-827099111
S1-831305267	S2-56126418,S3-404412841,S3-577523472,S2-840488446,S2-894186893,S2-609198818,S3-751224206
S1-761208325	S3-500566546,S2-6345720,S2-236682434,S2-77187524,S3-771868462,S3-198680281,S2-672631669,S3-211195325
S1-738827525	S3-752253133,S2-181878669,S3-979579601,S3-124364084,S3-271755281,S2-629148559
S1-498840955	S2-574509827,S3-614038605,S2-304320857,S3-111384638
S1-209104038	S3-261339512,S3-70641866,S2-414742889,S2-509442073,S2-173072281,S3-423607099,S2-95431555,S2-722091610,S2-273441334,S2-547085338,S3-357619258
S1-642333492	S2-193790277,S2-167232567,S3-766485573,S2-70602755,S3-283350637
S1-337417354	S3-745049135,S3-416798848,S2-913103485,S2-649508276,S3-93524093,S2-166997195,S3-331220131,S3-168223469
S1-213462817	S2-436150203,S3-369785868,S3-611930827,S3-827687871,S3-410052540
S1-454535343	S2-540821577,S2-806196872,S2-530750022,S2-643437861,S2-695674834,S3-990709024,S3-843202595,S3-472657684,S3-98230368,S3-302417090,S2-549796877,S3-866203895
S1-818218004	S3-770612234,S2-169514721,S2-817514673,S3-893371738,S3-141595551
S1-136550333	S2-757226276,S2-626355851,S3-581187359,S2-535796002,S3-436313391,S3-721385391,S3-207996451
S1-354338629	S3-560681677,S2-697224768,S2-432177162,S2-739461108,S3-720540
S1-695609161	S3-564592560,S2-943702835,S2-367135914,S3-121192188,S3-742902471
S1-404837049	S2-710779648,S3-683264077
S1-835826982	S3-61974498,S3-273887960,S3-795514274,S2-826339865,S3-449990343,S3-906952642,S3-612224162,S3-698061615,S2-985295608,S2-263781549,S2-507320184,S3-968947952
S1-585242017	S3-199674756,S3-469064084,S3-396714661,S2-824524667
S1-569594301	S3-164641451,S3-983825143,S2-341553007,S3-180079681,S3-61093870,S3-812076976,S3-781491073,S3-820503209,S2-15158302,S3-763463649
S1-290477127	S2-733801616,S2-956194394,S2-566320904,S2-918804782,S2-127350282,S3-840055711,S3-615402579,S3-759628567,S3-670366304
S1-349142222	S2-780093015,S2-201494283,S3-293416945,S3-938278332
S1-752736432	S2-155405120,S2-676909798,S3-207460868
S1-28196420	S2-336188658,S3-488760398,S3-467533817,S2-162562895,S3-823622911,S3-676760350,S2-863361344
S1-317006158	S2-732064445,S2-725293884,S3-874864718,S3-141437084,S3-698080473,S3-552686067,S3-720402211,S3-702723433,S3-81441258,S2-988449718,S2-159102623
S1-37561559	S2-121038781,S3-799733393,S3-869381487,S2-43713044,S3-579936947
S1-736678075	S3-639617715,S3-164664181,S3-615978963,S3-603530285
S1-102475279	S3-633622145,S3-113486941,S2-975945351,S3-903977831,S2-374591198,S3-991565432
S1-477352711	S2-552510039,S3-949536288,S2-272133042
S1-63019789	S3-320816238,S2-282096455,S3-97460530,S3-368381987,S3-714289203,S3-112220533
S1-240695525	S3-495815934
S1-868679036	S3-1052351,S2-181055492,S2-198067655,S2-827951281,S2-550688244,S2-658631208
S1-446986885	S2-149185164,S2-392699882,S3-233640456,S3-27338947
S1-229773446	S3-112761825,S2-920688584,S3-367432999,S3-343383451,S3-346841414
S1-318557261	S2-935982832,S2-311615539,S2-209807325,S3-495237192,S2-373411881,S3-542480890
S1-297260497	S2-467568349,S3-499109304,S2-114802728,S2-952398812,S3-267855358,S3-200777982,S3-517682073
S1-930042280	S2-628329099,S3-682323309,S3-913525135,S2-663551295,S3-773933564,S2-841516672
S1-641454794	S2-297206896,S2-204248782,S3-215410255,S3-723011397,S3-739321443,S3-610210042
S1-314332373	S3-662968271,S2-813942636,S3-857454155,S3-457031362
S1-933924519	S3-792291095,S2-161469051,S2-609059868
S1-736772135	S3-381064748,S2-561308000,S2-233366009,S2-256828973
S1-696688555	S2-642081574,S2-660535480,S2-657314946,S2-256814557,S2-901398006,S2-632136073,S2-96639340,S3-584595205,S2-588887584,S3-510184304,S3-502749207,S3-403604784
S1-791501715	S2-928747159,S2-280440095,S2-914951533
S1-827160878	S2-976354629,S3-7983438,S3-889758280,S3-757338490,S3-343235769,S2-320083746
S1-90498556	S2-814454887,S3-496112183,S3-978901300,S2-430487403,S3-143325069,S3-239107953,S3-690603418,S3-733668526,S3-708301685
S1-380365015	S2-591841753,S2-690429912,S2-417737261,S3-785846527
S1-699837409	S3-874269827,S2-347937884,S3-887104387
S1-490111159	S2-967456233,S3-251409660,S2-462112086,S3-73840531,S2-894245468
S1-997118704	S3-91262749,S3-287935293,S3-101928133
S1-835307961	S3-622472768,S3-21876185,S2-256757940,S3-264398380,S2-171471405,S3-792309459,S3-377296160,S2-207886769
